timestamp,benchmark_mode,topology,topology_seed,algorithm,repeat_index,source_host,destination_host,source_switch,destination_switch,status,runtime_ms,hop_count,path_cost,path_string,path_switches,bottleneck_mbps,throughput_estimate_mbps,throughput_mbps,traffic_tool,traffic_protocol,iperf_duration_s,iperf_parallel,controller_pid,controller_port,iperf_summary,iperf_port,scenario_name,scenario_phase,scenario_index,scenario_seed,link_action,link_target,switch_target,link_timing_s,pingall_loss_pct,tcpdump_pcap_paths,tcpdump_csv_paths,event_timestamps,throttle_bw_mbps,throttle_delay_ms,first_port,final_port,negative_cycle,error,note
2026-05-19T17:39:41.710147+00:00,live,ring5,,astar,0,h1,h10,s1,s5,success,0.045123,1,1,s1 -> s5,"[""s1"", ""s5""]",100.0,100.0,95.05305573896021,iperf3,tcp,5,1,14380,6653,"{""cpu_utilization_percent"": {""host_system"": 0.28087301039979556, ""host_total"": 0.33546506088837347, ""host_user"": 0.054592050488577924, ""remote_system"": 1.2804647569412226, ""remote_total"": 1.6524929994422997, ""remote_user"": 0.3720282425010768}, ""receiver_tcp_congestion"": ""cubic"", ""sender_tcp_congestion"": ""cubic"", ""streams"": [{""receiver"": {""bits_per_second"": 95053055.7389602, ""bytes"": 60824688, ""end"": 5.11922, ""seconds"": 5.000039, ""sender"": true, ""socket"": 5, ""start"": 0}, ""sender"": {""bits_per_second"": 99823656.5754787, ""bytes"": 62390272, ""end"": 5.000039, ""max_rtt"": 118126, ""max_snd_cwnd"": 1423384, ""max_snd_wnd"": 5578752, ""mean_rtt"": 105663, ""min_rtt"": 89387, ""retransmits"": 205, ""seconds"": 5.000039, ""sender"": true, ""socket"": 5, ""start"": 0}}], ""sum_received"": {""bits_per_second"": 95053055.7389602, ""bytes"": 60824688, ""end"": 5.11922, ""seconds"": 5.11922, ""sender"": true, ""start"": 0}, ""sum_sent"": {""bits_per_second"": 99823656.5754787, ""bytes"": 62390272, ""end"": 5.000039, ""retransmits"": 205, ""seconds"": 5.000039, ""sender"": true, ""start"": 0}}",5201,link_down_during_traffic,during,2,,link_down,s3-s4,,"{""down_at"": 1.0, ""up_at"": null}",0.0,"{""h1"": ""SPF/csv/pcap/ring5/astar/link_down_during_traffic/h1.pcap"", ""h10"": ""SPF/csv/pcap/ring5/astar/link_down_during_traffic/h10.pcap"", ""h2"": ""SPF/csv/pcap/ring5/astar/link_down_during_traffic/h2.pcap"", ""h3"": ""SPF/csv/pcap/ring5/astar/link_down_during_traffic/h3.pcap"", ""h4"": ""SPF/csv/pcap/ring5/astar/link_down_during_traffic/h4.pcap"", ""h5"": ""SPF/csv/pcap/ring5/astar/link_down_during_traffic/h5.pcap"", ""h6"": ""SPF/csv/pcap/ring5/astar/link_down_during_traffic/h6.pcap"", ""h7"": ""SPF/csv/pcap/ring5/astar/link_down_during_traffic/h7.pcap"", ""h8"": ""SPF/csv/pcap/ring5/astar/link_down_during_traffic/h8.pcap"", ""h9"": ""SPF/csv/pcap/ring5/astar/link_down_during_traffic/h9.pcap""}",{},"[{""event"": ""link_down"", ""timestamp"": ""2026-05-19T17:39:42.921700+00:00""}]",,,1,2,,,
2026-05-19T17:39:47.689188+00:00,live,ring5,,astar,0,h1,h3,s1,s2,success,0.032684,1,1,s1 -> s2,"[""s1"", ""s2""]",100.0,100.0,95.51582369965604,iperf3,tcp,5,1,14380,6653,"{""cpu_utilization_percent"": {""host_system"": 0.29839745161281317, ""host_total"": 0.3979762151060745, ""host_user"": 0.0995787634932613, ""remote_system"": 1.59727580596997, ""remote_total"": 1.8218590691905112, ""remote_user"": 0.22460231992509952}, ""receiver_tcp_congestion"": ""cubic"", ""sender_tcp_congestion"": ""cubic"", ""streams"": [{""receiver"": {""bits_per_second"": 95515823.69965604, ""bytes"": 62652136, ""end"": 5.247477, ""seconds"": 5.000073, ""sender"": true, ""socket"": 5, ""start"": 0}, ""sender"": {""bits_per_second"": 100242402.0609299, ""bytes"": 62652416, ""end"": 5.000073, ""max_rtt"": 291459, ""max_snd_cwnd"": 4123904, ""max_snd_wnd"": 5577472, ""mean_rtt"": 230405, ""min_rtt"": 146211, ""retransmits"": 0, ""seconds"": 5.000073, ""sender"": true, ""socket"": 5, ""start"": 0}}], ""sum_received"": {""bits_per_second"": 95515823.69965604, ""bytes"": 62652136, ""end"": 5.247477, ""seconds"": 5.247477, ""sender"": true, ""start"": 0}, ""sum_sent"": {""bits_per_second"": 100242402.0609299, ""bytes"": 62652416, ""end"": 5.000073, ""retransmits"": 0, ""seconds"": 5.000073, ""sender"": true, ""start"": 0}}",5201,link_down_during_traffic,during,2,,link_down,s3-s4,,"{""down_at"": 1.0, ""up_at"": null}",0.0,"{""h1"": ""SPF/csv/pcap/ring5/astar/link_down_during_traffic/h1.pcap"", ""h10"": ""SPF/csv/pcap/ring5/astar/link_down_during_traffic/h10.pcap"", ""h2"": ""SPF/csv/pcap/ring5/astar/link_down_during_traffic/h2.pcap"", ""h3"": ""SPF/csv/pcap/ring5/astar/link_down_during_traffic/h3.pcap"", ""h4"": ""SPF/csv/pcap/ring5/astar/link_down_during_traffic/h4.pcap"", ""h5"": ""SPF/csv/pcap/ring5/astar/link_down_during_traffic/h5.pcap"", ""h6"": ""SPF/csv/pcap/ring5/astar/link_down_during_traffic/h6.pcap"", ""h7"": ""SPF/csv/pcap/ring5/astar/link_down_during_traffic/h7.pcap"", ""h8"": ""SPF/csv/pcap/ring5/astar/link_down_during_traffic/h8.pcap"", ""h9"": ""SPF/csv/pcap/ring5/astar/link_down_during_traffic/h9.pcap""}",{},"[{""event"": ""link_down"", ""timestamp"": ""2026-05-19T17:39:48.899864+00:00""}]",,,1,1,,,
2026-05-19T17:39:56.696284+00:00,live,ring5,,astar,0,h1,h4,s1,s2,success,0.028021,1,1,s1 -> s2,"[""s1"", ""s2""]",100.0,100.0,95.51682078173137,iperf3,tcp,5,1,14380,6653,"{""cpu_utilization_percent"": {""host_system"": 0.5035099398466868, ""host_total"": 0.503529871362, ""host_user"": 0, ""remote_system"": 2.908300213725096, ""remote_total"": 3.373616813676119, ""remote_user"": 0.4653165999510233}, ""receiver_tcp_congestion"": ""cubic"", ""sender_tcp_congestion"": ""cubic"", ""streams"": [{""receiver"": {""bits_per_second"": 95516820.78173137, ""bytes"": 62651608, ""end"": 5.247378, ""seconds"": 5.000089, ""sender"": true, ""socket"": 5, ""start"": 0}, ""sender"": {""bits_per_second"": 100242081.29095303, ""bytes"": 62652416, ""end"": 5.000089, ""max_rtt"": 292412, ""max_snd_cwnd"": 4058744, ""max_snd_wnd"": 5577472, ""mean_rtt"": 230636, ""min_rtt"": 146201, ""retransmits"": 0, ""seconds"": 5.000089, ""sender"": true, ""socket"": 5, ""start"": 0}}], ""sum_received"": {""bits_per_second"": 95516820.78173137, ""bytes"": 62651608, ""end"": 5.247378, ""seconds"": 5.247378, ""sender"": true, ""start"": 0}, ""sum_sent"": {""bits_per_second"": 100242081.29095303, ""bytes"": 62652416, ""end"": 5.000089, ""retransmits"": 0, ""seconds"": 5.000089, ""sender"": true, ""start"": 0}}",5201,link_down_during_traffic,during,2,,link_down,s3-s4,,"{""down_at"": 1.0, ""up_at"": null}",0.0,"{""h1"": ""SPF/csv/pcap/ring5/astar/link_down_during_traffic/h1.pcap"", ""h10"": ""SPF/csv/pcap/ring5/astar/link_down_during_traffic/h10.pcap"", ""h2"": ""SPF/csv/pcap/ring5/astar/link_down_during_traffic/h2.pcap"", ""h3"": ""SPF/csv/pcap/ring5/astar/link_down_during_traffic/h3.pcap"", ""h4"": ""SPF/csv/pcap/ring5/astar/link_down_during_traffic/h4.pcap"", ""h5"": ""SPF/csv/pcap/ring5/astar/link_down_during_traffic/h5.pcap"", ""h6"": ""SPF/csv/pcap/ring5/astar/link_down_during_traffic/h6.pcap"", ""h7"": ""SPF/csv/pcap/ring5/astar/link_down_during_traffic/h7.pcap"", ""h8"": ""SPF/csv/pcap/ring5/astar/link_down_during_traffic/h8.pcap"", ""h9"": ""SPF/csv/pcap/ring5/astar/link_down_during_traffic/h9.pcap""}",{},"[{""event"": ""link_down"", ""timestamp"": ""2026-05-19T17:39:57.908106+00:00""}]",,,1,2,,,
2026-05-19T17:40:02.687904+00:00,live,ring5,,astar,0,h1,h5,s1,s3,success,0.036628,2,2,s1 -> s2 -> s3,"[""s1"", ""s2"", ""s3""]",100.0,50.0,95.2351545795964,iperf3,tcp,5,1,14380,6653,"{""cpu_utilization_percent"": {""host_system"": 0.553772134397559, ""host_total"": 0.55379199923719, ""host_user"": 0, ""remote_system"": 3.5557297476559437, ""remote_total"": 3.7842375410775118, ""remote_user"": 0.22848895052609364}, ""receiver_tcp_congestion"": ""cubic"", ""sender_tcp_congestion"": ""cubic"", ""streams"": [{""receiver"": {""bits_per_second"": 95235154.5795964, ""bytes"": 63176704, ""end"": 5.307007, ""seconds"": 5.000119, ""sender"": true, ""socket"": 5, ""start"": 0}, ""sender"": {""bits_per_second"": 101080320.68836762, ""bytes"": 63176704, ""end"": 5.000119, ""max_rtt"": 238883, ""max_snd_cwnd"": 3692400, ""max_snd_wnd"": 4791296, ""mean_rtt"": 184376, ""min_rtt"": 102958, ""retransmits"": 0, ""seconds"": 5.000119, ""sender"": true, ""socket"": 5, ""start"": 0}}], ""sum_received"": {""bits_per_second"": 95235154.5795964, ""bytes"": 63176704, ""end"": 5.307007, ""seconds"": 5.307007, ""sender"": true, ""start"": 0}, ""sum_sent"": {""bits_per_second"": 101080320.68836762, ""bytes"": 63176704, ""end"": 5.000119, ""retransmits"": 0, ""seconds"": 5.000119, ""sender"": true, ""start"": 0}}",5201,link_down_during_traffic,during,2,,link_down,s3-s4,,"{""down_at"": 1.0, ""up_at"": null}",0.0,"{""h1"": ""SPF/csv/pcap/ring5/astar/link_down_during_traffic/h1.pcap"", ""h10"": ""SPF/csv/pcap/ring5/astar/link_down_during_traffic/h10.pcap"", ""h2"": ""SPF/csv/pcap/ring5/astar/link_down_during_traffic/h2.pcap"", ""h3"": ""SPF/csv/pcap/ring5/astar/link_down_during_traffic/h3.pcap"", ""h4"": ""SPF/csv/pcap/ring5/astar/link_down_during_traffic/h4.pcap"", ""h5"": ""SPF/csv/pcap/ring5/astar/link_down_during_traffic/h5.pcap"", ""h6"": ""SPF/csv/pcap/ring5/astar/link_down_during_traffic/h6.pcap"", ""h7"": ""SPF/csv/pcap/ring5/astar/link_down_during_traffic/h7.pcap"", ""h8"": ""SPF/csv/pcap/ring5/astar/link_down_during_traffic/h8.pcap"", ""h9"": ""SPF/csv/pcap/ring5/astar/link_down_during_traffic/h9.pcap""}",{},"[{""event"": ""link_down"", ""timestamp"": ""2026-05-19T17:40:03.904587+00:00""}]",,,1,1,,,
2026-05-19T17:40:08.770425+00:00,live,ring5,,astar,0,h1,h6,s1,s3,success,0.040504,2,2,s1 -> s2 -> s3,"[""s1"", ""s2"", ""s3""]",100.0,50.0,94.8930690291147,iperf3,tcp,5,1,14380,6653,"{""cpu_utilization_percent"": {""host_system"": 0.4436466274751, ""host_total"": 0.4873318743772021, ""host_user"": 0.0435263192189658, ""remote_system"": 2.3564059295126585, ""remote_total"": 2.656557205440896, ""remote_user"": 0.3001512759282376}, ""receiver_tcp_congestion"": ""cubic"", ""sender_tcp_congestion"": ""cubic"", ""streams"": [{""receiver"": {""bits_per_second"": 94893069.0291147, ""bytes"": 60281688, ""end"": 5.082073, ""seconds"": 5.000164, ""sender"": true, ""socket"": 5, ""start"": 0}, ""sender"": {""bits_per_second"": 101079410.99531935, ""bytes"": 63176704, ""end"": 5.000164, ""max_rtt"": 81781, ""max_snd_cwnd"": 983192, ""max_snd_wnd"": 4790656, ""mean_rtt"": 81744, ""min_rtt"": 81636, ""retransmits"": 80, ""seconds"": 5.000164, ""sender"": true, ""socket"": 5, ""start"": 0}}], ""sum_received"": {""bits_per_second"": 94893069.0291147, ""bytes"": 60281688, ""end"": 5.082073, ""seconds"": 5.082073, ""sender"": true, ""start"": 0}, ""sum_sent"": {""bits_per_second"": 101079410.99531935, ""bytes"": 63176704, ""end"": 5.000164, ""retransmits"": 80, ""seconds"": 5.000164, ""sender"": true, ""start"": 0}}",5201,link_down_during_traffic,during,2,,link_down,s3-s4,,"{""down_at"": 1.0, ""up_at"": null}",0.0,"{""h1"": ""SPF/csv/pcap/ring5/astar/link_down_during_traffic/h1.pcap"", ""h10"": ""SPF/csv/pcap/ring5/astar/link_down_during_traffic/h10.pcap"", ""h2"": ""SPF/csv/pcap/ring5/astar/link_down_during_traffic/h2.pcap"", ""h3"": ""SPF/csv/pcap/ring5/astar/link_down_during_traffic/h3.pcap"", ""h4"": ""SPF/csv/pcap/ring5/astar/link_down_during_traffic/h4.pcap"", ""h5"": ""SPF/csv/pcap/ring5/astar/link_down_during_traffic/h5.pcap"", ""h6"": ""SPF/csv/pcap/ring5/astar/link_down_during_traffic/h6.pcap"", ""h7"": ""SPF/csv/pcap/ring5/astar/link_down_during_traffic/h7.pcap"", ""h8"": ""SPF/csv/pcap/ring5/astar/link_down_during_traffic/h8.pcap"", ""h9"": ""SPF/csv/pcap/ring5/astar/link_down_during_traffic/h9.pcap""}",{},"[{""event"": ""link_down"", ""timestamp"": ""2026-05-19T17:40:09.986965+00:00""}]",,,1,2,,,
2026-05-19T17:40:14.700415+00:00,live,ring5,,astar,0,h1,h7,s1,s4,success,0.024902,2,2,s1 -> s5 -> s4,"[""s1"", ""s5"", ""s4""]",100.0,50.0,95.01178998438027,iperf3,tcp,5,1,14380,6653,"{""cpu_utilization_percent"": {""host_system"": 0.4481953773431962, ""host_total"": 0.5024341902403515, ""host_user"": 0.054238812897155264, ""remote_system"": 2.396101109967418, ""remote_total"": 3.24027621330762, ""remote_user"": 0.8441751033402014}, ""receiver_tcp_congestion"": ""cubic"", ""sender_tcp_congestion"": ""cubic"", ""streams"": [{""receiver"": {""bits_per_second"": 95011789.98438028, ""bytes"": 60425040, ""end"": 5.087793, ""seconds"": 5.000107, ""sender"": true, ""socket"": 5, ""start"": 0}, ""sender"": {""bits_per_second"": 101080563.2759459, ""bytes"": 63176704, ""end"": 5.000107, ""max_rtt"": 87365, ""max_snd_cwnd"": 1044008, ""max_snd_wnd"": 4790656, ""mean_rtt"": 87265, ""min_rtt"": 87208, ""retransmits"": 65, ""seconds"": 5.000107, ""sender"": true, ""socket"": 5, ""start"": 0}}], ""sum_received"": {""bits_per_second"": 95011789.98438028, ""bytes"": 60425040, ""end"": 5.087793, ""seconds"": 5.087793, ""sender"": true, ""start"": 0}, ""sum_sent"": {""bits_per_second"": 101080563.2759459, ""bytes"": 63176704, ""end"": 5.000107, ""retransmits"": 65, ""seconds"": 5.000107, ""sender"": true, ""start"": 0}}",5201,link_down_during_traffic,during,2,,link_down,s3-s4,,"{""down_at"": 1.0, ""up_at"": null}",0.0,"{""h1"": ""SPF/csv/pcap/ring5/astar/link_down_during_traffic/h1.pcap"", ""h10"": ""SPF/csv/pcap/ring5/astar/link_down_during_traffic/h10.pcap"", ""h2"": ""SPF/csv/pcap/ring5/astar/link_down_during_traffic/h2.pcap"", ""h3"": ""SPF/csv/pcap/ring5/astar/link_down_during_traffic/h3.pcap"", ""h4"": ""SPF/csv/pcap/ring5/astar/link_down_during_traffic/h4.pcap"", ""h5"": ""SPF/csv/pcap/ring5/astar/link_down_during_traffic/h5.pcap"", ""h6"": ""SPF/csv/pcap/ring5/astar/link_down_during_traffic/h6.pcap"", ""h7"": ""SPF/csv/pcap/ring5/astar/link_down_during_traffic/h7.pcap"", ""h8"": ""SPF/csv/pcap/ring5/astar/link_down_during_traffic/h8.pcap"", ""h9"": ""SPF/csv/pcap/ring5/astar/link_down_during_traffic/h9.pcap""}",{},"[{""event"": ""link_down"", ""timestamp"": ""2026-05-19T17:40:15.915790+00:00""}]",,,1,1,,,
2026-05-19T17:40:20.641380+00:00,live,ring5,,astar,0,h1,h8,s1,s4,success,0.059807,2,2,s1 -> s5 -> s4,"[""s1"", ""s5"", ""s4""]",100.0,50.0,94.8562606344116,iperf3,tcp,5,1,14380,6653,"{""cpu_utilization_percent"": {""host_system"": 0.43965238617498653, ""host_total"": 0.5369909318218975, ""host_user"": 0.097338545646911, ""remote_system"": 3.0963148628819823, ""remote_total"": 3.7651054927293517, ""remote_user"": 0.6687709525898125}, ""receiver_tcp_congestion"": ""cubic"", ""sender_tcp_congestion"": ""cubic"", ""streams"": [{""receiver"": {""bits_per_second"": 94856260.6344116, ""bytes"": 60257072, ""end"": 5.081969, ""seconds"": 5.000057, ""sender"": true, ""socket"": 5, ""start"": 0}, ""sender"": {""bits_per_second"": 101081574.0700556, ""bytes"": 63176704, ""end"": 5.000057, ""max_rtt"": 81825, ""max_snd_cwnd"": 978848, ""max_snd_wnd"": 4790656, ""mean_rtt"": 81768, ""min_rtt"": 81747, ""retransmits"": 95, ""seconds"": 5.000057, ""sender"": true, ""socket"": 5, ""start"": 0}}], ""sum_received"": {""bits_per_second"": 94856260.6344116, ""bytes"": 60257072, ""end"": 5.081969, ""seconds"": 5.081969, ""sender"": true, ""start"": 0}, ""sum_sent"": {""bits_per_second"": 101081574.0700556, ""bytes"": 63176704, ""end"": 5.000057, ""retransmits"": 95, ""seconds"": 5.000057, ""sender"": true, ""start"": 0}}",5201,link_down_during_traffic,during,2,,link_down,s3-s4,,"{""down_at"": 1.0, ""up_at"": null}",0.0,"{""h1"": ""SPF/csv/pcap/ring5/astar/link_down_during_traffic/h1.pcap"", ""h10"": ""SPF/csv/pcap/ring5/astar/link_down_during_traffic/h10.pcap"", ""h2"": ""SPF/csv/pcap/ring5/astar/link_down_during_traffic/h2.pcap"", ""h3"": ""SPF/csv/pcap/ring5/astar/link_down_during_traffic/h3.pcap"", ""h4"": ""SPF/csv/pcap/ring5/astar/link_down_during_traffic/h4.pcap"", ""h5"": ""SPF/csv/pcap/ring5/astar/link_down_during_traffic/h5.pcap"", ""h6"": ""SPF/csv/pcap/ring5/astar/link_down_during_traffic/h6.pcap"", ""h7"": ""SPF/csv/pcap/ring5/astar/link_down_during_traffic/h7.pcap"", ""h8"": ""SPF/csv/pcap/ring5/astar/link_down_during_traffic/h8.pcap"", ""h9"": ""SPF/csv/pcap/ring5/astar/link_down_during_traffic/h9.pcap""}",{},"[{""event"": ""link_down"", ""timestamp"": ""2026-05-19T17:40:21.859386+00:00""}]",,,1,2,,,
2026-05-19T17:40:29.583240+00:00,live,ring5,,astar,0,h1,h9,s1,s5,success,0.035257,1,1,s1 -> s5,"[""s1"", ""s5""]",100.0,100.0,95.18419952191633,iperf3,tcp,5,1,14380,6653,"{""cpu_utilization_percent"": {""host_system"": 0.3431102243339423, ""host_total"": 0.3431301529059545, ""host_user"": 0, ""remote_system"": 2.0440551798548943, ""remote_total"": 2.2764840035255376, ""remote_user"": 0.2323898157284314}, ""receiver_tcp_congestion"": ""cubic"", ""sender_tcp_congestion"": ""cubic"", ""streams"": [{""receiver"": {""bits_per_second"": 95184199.52191633, ""bytes"": 61002792, ""end"": 5.127136, ""seconds"": 5.000029, ""sender"": true, ""socket"": 5, ""start"": 0}, ""sender"": {""bits_per_second"": 101082140.1235873, ""bytes"": 63176704, ""end"": 5.000029, ""max_rtt"": 127214, ""max_snd_cwnd"": 1521848, ""max_snd_wnd"": 5429376, ""mean_rtt"": 127160, ""min_rtt"": 127085, ""retransmits"": 145, ""seconds"": 5.000029, ""sender"": true, ""socket"": 5, ""start"": 0}}], ""sum_received"": {""bits_per_second"": 95184199.52191633, ""bytes"": 61002792, ""end"": 5.127136, ""seconds"": 5.127136, ""sender"": true, ""start"": 0}, ""sum_sent"": {""bits_per_second"": 101082140.1235873, ""bytes"": 63176704, ""end"": 5.000029, ""retransmits"": 145, ""seconds"": 5.000029, ""sender"": true, ""start"": 0}}",5201,link_down_during_traffic,during,2,,link_down,s3-s4,,"{""down_at"": 1.0, ""up_at"": null}",0.0,"{""h1"": ""SPF/csv/pcap/ring5/astar/link_down_during_traffic/h1.pcap"", ""h10"": ""SPF/csv/pcap/ring5/astar/link_down_during_traffic/h10.pcap"", ""h2"": ""SPF/csv/pcap/ring5/astar/link_down_during_traffic/h2.pcap"", ""h3"": ""SPF/csv/pcap/ring5/astar/link_down_during_traffic/h3.pcap"", ""h4"": ""SPF/csv/pcap/ring5/astar/link_down_during_traffic/h4.pcap"", ""h5"": ""SPF/csv/pcap/ring5/astar/link_down_during_traffic/h5.pcap"", ""h6"": ""SPF/csv/pcap/ring5/astar/link_down_during_traffic/h6.pcap"", ""h7"": ""SPF/csv/pcap/ring5/astar/link_down_during_traffic/h7.pcap"", ""h8"": ""SPF/csv/pcap/ring5/astar/link_down_during_traffic/h8.pcap"", ""h9"": ""SPF/csv/pcap/ring5/astar/link_down_during_traffic/h9.pcap""}",{},"[{""event"": ""link_down"", ""timestamp"": ""2026-05-19T17:40:30.796257+00:00""}]",,,1,1,,,
2026-05-19T17:40:35.578664+00:00,live,ring5,,astar,0,h10,h1,s5,s1,success,0.024155,1,1,s5 -> s1,"[""s5"", ""s1""]",100.0,100.0,95.21264699596047,iperf3,tcp,5,1,14380,6653,"{""cpu_utilization_percent"": {""host_system"": 0.348660607510165, ""host_total"": 0.34864067607430443, ""host_user"": 0, ""remote_system"": 1.714296068382463, ""remote_total"": 2.4434081812060455, ""remote_user"": 0.7291121128235822}, ""receiver_tcp_congestion"": ""cubic"", ""sender_tcp_congestion"": ""cubic"", ""streams"": [{""receiver"": {""bits_per_second"": 95212646.99596047, ""bytes"": 61085328, ""end"": 5.132539, ""seconds"": 5.00009, ""sender"": true, ""socket"": 5, ""start"": 0}, ""sender"": {""bits_per_second"": 100242061.24289763, ""bytes"": 62652416, ""end"": 5.00009, ""max_rtt"": 131816, ""max_snd_cwnd"": 1584112, ""max_snd_wnd"": 5576704, ""mean_rtt"": 129536, ""min_rtt"": 128591, ""retransmits"": 135, ""seconds"": 5.00009, ""sender"": true, ""socket"": 5, ""start"": 0}}], ""sum_received"": {""bits_per_second"": 95212646.99596047, ""bytes"": 61085328, ""end"": 5.132539, ""seconds"": 5.132539, ""sender"": true, ""start"": 0}, ""sum_sent"": {""bits_per_second"": 100242061.24289763, ""bytes"": 62652416, ""end"": 5.00009, ""retransmits"": 135, ""seconds"": 5.00009, ""sender"": true, ""start"": 0}}",5201,link_down_during_traffic,during,2,,link_down,s3-s4,,"{""down_at"": 1.0, ""up_at"": null}",0.0,"{""h1"": ""SPF/csv/pcap/ring5/astar/link_down_during_traffic/h1.pcap"", ""h10"": ""SPF/csv/pcap/ring5/astar/link_down_during_traffic/h10.pcap"", ""h2"": ""SPF/csv/pcap/ring5/astar/link_down_during_traffic/h2.pcap"", ""h3"": ""SPF/csv/pcap/ring5/astar/link_down_during_traffic/h3.pcap"", ""h4"": ""SPF/csv/pcap/ring5/astar/link_down_during_traffic/h4.pcap"", ""h5"": ""SPF/csv/pcap/ring5/astar/link_down_during_traffic/h5.pcap"", ""h6"": ""SPF/csv/pcap/ring5/astar/link_down_during_traffic/h6.pcap"", ""h7"": ""SPF/csv/pcap/ring5/astar/link_down_during_traffic/h7.pcap"", ""h8"": ""SPF/csv/pcap/ring5/astar/link_down_during_traffic/h8.pcap"", ""h9"": ""SPF/csv/pcap/ring5/astar/link_down_during_traffic/h9.pcap""}",{},"[{""event"": ""link_down"", ""timestamp"": ""2026-05-19T17:40:36.790426+00:00""}]",,,2,1,,,
2026-05-19T17:40:41.581359+00:00,live,ring5,,astar,0,h10,h2,s5,s1,success,0.057795,1,1,s5 -> s1,"[""s5"", ""s1""]",100.0,100.0,95.23490128505173,iperf3,tcp,5,1,14380,6653,"{""cpu_utilization_percent"": {""host_system"": 0.2987899108274567, ""host_total"": 0.29880984344325573, ""host_user"": 0, ""remote_system"": 1.4098987894361632, ""remote_total"": 1.665112213829844, ""remote_user"": 0.25521342439368055}, ""receiver_tcp_congestion"": ""cubic"", ""sender_tcp_congestion"": ""cubic"", ""streams"": [{""receiver"": {""bits_per_second"": 95234901.28505173, ""bytes"": 61099808, ""end"": 5.132556, ""seconds"": 5.000086, ""sender"": true, ""socket"": 5, ""start"": 0}, ""sender"": {""bits_per_second"": 100242141.43516733, ""bytes"": 62652416, ""end"": 5.000086, ""max_rtt"": 131823, ""max_snd_cwnd"": 1582664, ""max_snd_wnd"": 5470976, ""mean_rtt"": 129616, ""min_rtt"": 128427, ""retransmits"": 125, ""seconds"": 5.000086, ""sender"": true, ""socket"": 5, ""start"": 0}}], ""sum_received"": {""bits_per_second"": 95234901.28505173, ""bytes"": 61099808, ""end"": 5.132556, ""seconds"": 5.132556, ""sender"": true, ""start"": 0}, ""sum_sent"": {""bits_per_second"": 100242141.43516733, ""bytes"": 62652416, ""end"": 5.000086, ""retransmits"": 125, ""seconds"": 5.000086, ""sender"": true, ""start"": 0}}",5201,link_down_during_traffic,during,2,,link_down,s3-s4,,"{""down_at"": 1.0, ""up_at"": null}",0.0,"{""h1"": ""SPF/csv/pcap/ring5/astar/link_down_during_traffic/h1.pcap"", ""h10"": ""SPF/csv/pcap/ring5/astar/link_down_during_traffic/h10.pcap"", ""h2"": ""SPF/csv/pcap/ring5/astar/link_down_during_traffic/h2.pcap"", ""h3"": ""SPF/csv/pcap/ring5/astar/link_down_during_traffic/h3.pcap"", ""h4"": ""SPF/csv/pcap/ring5/astar/link_down_during_traffic/h4.pcap"", ""h5"": ""SPF/csv/pcap/ring5/astar/link_down_during_traffic/h5.pcap"", ""h6"": ""SPF/csv/pcap/ring5/astar/link_down_during_traffic/h6.pcap"", ""h7"": ""SPF/csv/pcap/ring5/astar/link_down_during_traffic/h7.pcap"", ""h8"": ""SPF/csv/pcap/ring5/astar/link_down_during_traffic/h8.pcap"", ""h9"": ""SPF/csv/pcap/ring5/astar/link_down_during_traffic/h9.pcap""}",{},"[{""event"": ""link_down"", ""timestamp"": ""2026-05-19T17:40:42.791301+00:00""}]",,,2,2,,,
2026-05-19T17:40:47.586575+00:00,live,ring5,,astar,0,h10,h3,s5,s2,success,0.046333,2,2,s5 -> s1 -> s2,"[""s5"", ""s1"", ""s2""]",100.0,50.0,94.2044802440434,iperf3,tcp,5,1,14380,6653,"{""cpu_utilization_percent"": {""host_system"": 0.44413105859712676, ""host_total"": 0.4441509266770497, ""host_user"": 0, ""remote_system"": 1.2444108551278723, ""remote_total"": 1.368046687404229, ""remote_user"": 0.12359655163067709}, ""receiver_tcp_congestion"": ""cubic"", ""sender_tcp_congestion"": ""cubic"", ""streams"": [{""receiver"": {""bits_per_second"": 94204480.2440434, ""bytes"": 59955888, ""end"": 5.091553, ""seconds"": 5.000111, ""sender"": true, ""socket"": 5, ""start"": 0}, ""sender"": {""bits_per_second"": 98983376.96903127, ""bytes"": 61865984, ""end"": 5.000111, ""max_rtt"": 90471, ""max_snd_cwnd"": 1090344, ""max_snd_wnd"": 4019840, ""mean_rtt"": 88569, ""min_rtt"": 87122, ""retransmits"": 270, ""seconds"": 5.000111, ""sender"": true, ""socket"": 5, ""start"": 0}}], ""sum_received"": {""bits_per_second"": 94204480.2440434, ""bytes"": 59955888, ""end"": 5.091553, ""seconds"": 5.091553, ""sender"": true, ""start"": 0}, ""sum_sent"": {""bits_per_second"": 98983376.96903127, ""bytes"": 61865984, ""end"": 5.000111, ""retransmits"": 270, ""seconds"": 5.000111, ""sender"": true, ""start"": 0}}",5201,link_down_during_traffic,during,2,,link_down,s3-s4,,"{""down_at"": 1.0, ""up_at"": null}",0.0,"{""h1"": ""SPF/csv/pcap/ring5/astar/link_down_during_traffic/h1.pcap"", ""h10"": ""SPF/csv/pcap/ring5/astar/link_down_during_traffic/h10.pcap"", ""h2"": ""SPF/csv/pcap/ring5/astar/link_down_during_traffic/h2.pcap"", ""h3"": ""SPF/csv/pcap/ring5/astar/link_down_during_traffic/h3.pcap"", ""h4"": ""SPF/csv/pcap/ring5/astar/link_down_during_traffic/h4.pcap"", ""h5"": ""SPF/csv/pcap/ring5/astar/link_down_during_traffic/h5.pcap"", ""h6"": ""SPF/csv/pcap/ring5/astar/link_down_during_traffic/h6.pcap"", ""h7"": ""SPF/csv/pcap/ring5/astar/link_down_during_traffic/h7.pcap"", ""h8"": ""SPF/csv/pcap/ring5/astar/link_down_during_traffic/h8.pcap"", ""h9"": ""SPF/csv/pcap/ring5/astar/link_down_during_traffic/h9.pcap""}",{},"[{""event"": ""link_down"", ""timestamp"": ""2026-05-19T17:40:48.801112+00:00""}]",,,2,1,,,
2026-05-19T17:40:53.533035+00:00,live,ring5,,astar,0,h10,h4,s5,s2,success,0.017475,2,2,s5 -> s1 -> s2,"[""s5"", ""s1"", ""s2""]",100.0,50.0,94.08040987689459,iperf3,tcp,5,1,14380,6653,"{""cpu_utilization_percent"": {""host_system"": 0.2977511502937973, ""host_total"": 0.36717211113234843, ""host_user"": 0.06942096083855116, ""remote_system"": 1.3548909724192035, ""remote_total"": 1.3549106296018694, ""remote_user"": 0}, ""receiver_tcp_congestion"": ""cubic"", ""sender_tcp_congestion"": ""cubic"", ""streams"": [{""receiver"": {""bits_per_second"": 94080409.8768946, ""bytes"": 59825568, ""end"": 5.087186, ""seconds"": 5.000074, ""sender"": true, ""socket"": 5, ""start"": 0}, ""sender"": {""bits_per_second"": 98984109.43518037, ""bytes"": 61865984, ""end"": 5.000074, ""max_rtt"": 85017, ""max_snd_cwnd"": 1029528, ""max_snd_wnd"": 4537984, ""mean_rtt"": 83299, ""min_rtt"": 81860, ""retransmits"": 270, ""seconds"": 5.000074, ""sender"": true, ""socket"": 5, ""start"": 0}}], ""sum_received"": {""bits_per_second"": 94080409.8768946, ""bytes"": 59825568, ""end"": 5.087186, ""seconds"": 5.087186, ""sender"": true, ""start"": 0}, ""sum_sent"": {""bits_per_second"": 98984109.43518037, ""bytes"": 61865984, ""end"": 5.000074, ""retransmits"": 270, ""seconds"": 5.000074, ""sender"": true, ""start"": 0}}",5201,link_down_during_traffic,during,2,,link_down,s3-s4,,"{""down_at"": 1.0, ""up_at"": null}",0.0,"{""h1"": ""SPF/csv/pcap/ring5/astar/link_down_during_traffic/h1.pcap"", ""h10"": ""SPF/csv/pcap/ring5/astar/link_down_during_traffic/h10.pcap"", ""h2"": ""SPF/csv/pcap/ring5/astar/link_down_during_traffic/h2.pcap"", ""h3"": ""SPF/csv/pcap/ring5/astar/link_down_during_traffic/h3.pcap"", ""h4"": ""SPF/csv/pcap/ring5/astar/link_down_during_traffic/h4.pcap"", ""h5"": ""SPF/csv/pcap/ring5/astar/link_down_during_traffic/h5.pcap"", ""h6"": ""SPF/csv/pcap/ring5/astar/link_down_during_traffic/h6.pcap"", ""h7"": ""SPF/csv/pcap/ring5/astar/link_down_during_traffic/h7.pcap"", ""h8"": ""SPF/csv/pcap/ring5/astar/link_down_during_traffic/h8.pcap"", ""h9"": ""SPF/csv/pcap/ring5/astar/link_down_during_traffic/h9.pcap""}",{},"[{""event"": ""link_down"", ""timestamp"": ""2026-05-19T17:40:54.749812+00:00""}]",,,2,2,,,
2026-05-19T17:41:02.490057+00:00,live,ring5,,astar,0,h10,h5,s5,s3,success,0.017236,2,2,s5 -> s4 -> s3,"[""s5"", ""s4"", ""s3""]",100.0,50.0,90.9664929157244,iperf3,tcp,5,1,14380,6653,"{""cpu_utilization_percent"": {""host_system"": 0.3025237065651181, ""host_total"": 0.3607792896236316, ""host_user"": 0.0582754519476876, ""remote_system"": 1.0926726150120016, ""remote_total"": 1.319606099726246, ""remote_user"": 0.22693348471424427}, ""receiver_tcp_congestion"": ""cubic"", ""sender_tcp_congestion"": ""cubic"", ""streams"": [{""receiver"": {""bits_per_second"": 90966492.9157244, ""bytes"": 57727416, ""end"": 5.076807, ""seconds"": 5.000058, ""sender"": true, ""socket"": 5, ""start"": 0}, ""sender"": {""bits_per_second"": 96887298.5073373, ""bytes"": 60555264, ""end"": 5.000058, ""max_rtt"": 78460, ""max_snd_cwnd"": 945544, ""max_snd_wnd"": 3075328, ""mean_rtt"": 69557, ""min_rtt"": 57739, ""retransmits"": 650, ""seconds"": 5.000058, ""sender"": true, ""socket"": 5, ""start"": 0}}], ""sum_received"": {""bits_per_second"": 90966492.9157244, ""bytes"": 57727416, ""end"": 5.076807, ""seconds"": 5.076807, ""sender"": true, ""start"": 0}, ""sum_sent"": {""bits_per_second"": 96887298.5073373, ""bytes"": 60555264, ""end"": 5.000058, ""retransmits"": 650, ""seconds"": 5.000058, ""sender"": true, ""start"": 0}}",5201,link_down_during_traffic,during,2,,link_down,s3-s4,,"{""down_at"": 1.0, ""up_at"": null}",0.0,"{""h1"": ""SPF/csv/pcap/ring5/astar/link_down_during_traffic/h1.pcap"", ""h10"": ""SPF/csv/pcap/ring5/astar/link_down_during_traffic/h10.pcap"", ""h2"": ""SPF/csv/pcap/ring5/astar/link_down_during_traffic/h2.pcap"", ""h3"": ""SPF/csv/pcap/ring5/astar/link_down_during_traffic/h3.pcap"", ""h4"": ""SPF/csv/pcap/ring5/astar/link_down_during_traffic/h4.pcap"", ""h5"": ""SPF/csv/pcap/ring5/astar/link_down_during_traffic/h5.pcap"", ""h6"": ""SPF/csv/pcap/ring5/astar/link_down_during_traffic/h6.pcap"", ""h7"": ""SPF/csv/pcap/ring5/astar/link_down_during_traffic/h7.pcap"", ""h8"": ""SPF/csv/pcap/ring5/astar/link_down_during_traffic/h8.pcap"", ""h9"": ""SPF/csv/pcap/ring5/astar/link_down_during_traffic/h9.pcap""}",{},"[{""event"": ""link_down"", ""timestamp"": ""2026-05-19T17:41:03.713441+00:00""}]",,,2,1,,,
2026-05-19T17:41:08.411426+00:00,live,ring5,,astar,0,h10,h6,s5,s3,success,0.021382,2,2,s5 -> s4 -> s3,"[""s5"", ""s4"", ""s3""]",100.0,50.0,90.5382441752361,iperf3,tcp,5,1,14380,6653,"{""cpu_utilization_percent"": {""host_system"": 0.35234684297586344, ""host_total"": 0.35226736475041354, ""host_user"": 0, ""remote_system"": 1.188581844215812, ""remote_total"": 1.259998018078044, ""remote_user"": 0.07139647284875275}, ""receiver_tcp_congestion"": ""cubic"", ""sender_tcp_congestion"": ""cubic"", ""streams"": [{""receiver"": {""bits_per_second"": 90538244.1752361, ""bytes"": 57445056, ""end"": 5.075871, ""seconds"": 5.000074, ""sender"": true, ""socket"": 5, ""start"": 0}, ""sender"": {""bits_per_second"": 95838427.99126573, ""bytes"": 59899904, ""end"": 5.000074, ""max_rtt"": 77400, ""max_snd_cwnd"": 935408, ""max_snd_wnd"": 2344704, ""mean_rtt"": 68805, ""min_rtt"": 56706, ""retransmits"": 650, ""seconds"": 5.000074, ""sender"": true, ""socket"": 5, ""start"": 0}}], ""sum_received"": {""bits_per_second"": 90538244.1752361, ""bytes"": 57445056, ""end"": 5.075871, ""seconds"": 5.075871, ""sender"": true, ""start"": 0}, ""sum_sent"": {""bits_per_second"": 95838427.99126573, ""bytes"": 59899904, ""end"": 5.000074, ""retransmits"": 650, ""seconds"": 5.000074, ""sender"": true, ""start"": 0}}",5201,link_down_during_traffic,during,2,,link_down,s3-s4,,"{""down_at"": 1.0, ""up_at"": null}",0.0,"{""h1"": ""SPF/csv/pcap/ring5/astar/link_down_during_traffic/h1.pcap"", ""h10"": ""SPF/csv/pcap/ring5/astar/link_down_during_traffic/h10.pcap"", ""h2"": ""SPF/csv/pcap/ring5/astar/link_down_during_traffic/h2.pcap"", ""h3"": ""SPF/csv/pcap/ring5/astar/link_down_during_traffic/h3.pcap"", ""h4"": ""SPF/csv/pcap/ring5/astar/link_down_during_traffic/h4.pcap"", ""h5"": ""SPF/csv/pcap/ring5/astar/link_down_during_traffic/h5.pcap"", ""h6"": ""SPF/csv/pcap/ring5/astar/link_down_during_traffic/h6.pcap"", ""h7"": ""SPF/csv/pcap/ring5/astar/link_down_during_traffic/h7.pcap"", ""h8"": ""SPF/csv/pcap/ring5/astar/link_down_during_traffic/h8.pcap"", ""h9"": ""SPF/csv/pcap/ring5/astar/link_down_during_traffic/h9.pcap""}",{},"[{""event"": ""link_down"", ""timestamp"": ""2026-05-19T17:41:09.629823+00:00""}]",,,2,2,,,
2026-05-19T17:41:14.331379+00:00,live,ring5,,astar,0,h10,h7,s5,s4,success,0.016406,1,1,s5 -> s4,"[""s5"", ""s4""]",100.0,100.0,94.53060343175261,iperf3,tcp,5,1,14380,6653,"{""cpu_utilization_percent"": {""host_system"": 0.1632499781735377, ""host_total"": 0.26247566698280156, ""host_user"": 0.09922568880926383, ""remote_system"": 1.3747589707663004, ""remote_total"": 1.5746819509369212, ""remote_user"": 0.199903422062602}, ""receiver_tcp_congestion"": ""cubic"", ""sender_tcp_congestion"": ""cubic"", ""streams"": [{""receiver"": {""bits_per_second"": 94530603.4317526, ""bytes"": 60416352, ""end"": 5.112956, ""seconds"": 5.000034, ""sender"": true, ""socket"": 5, ""start"": 0}, ""sender"": {""bits_per_second"": 99823756.3984565, ""bytes"": 62390272, ""end"": 5.000034, ""max_rtt"": 112284, ""max_snd_cwnd"": 1348088, ""max_snd_wnd"": 4640640, ""mean_rtt"": 109816, ""min_rtt"": 108322, ""retransmits"": 435, ""seconds"": 5.000034, ""sender"": true, ""socket"": 5, ""start"": 0}}], ""sum_received"": {""bits_per_second"": 94530603.4317526, ""bytes"": 60416352, ""end"": 5.112956, ""seconds"": 5.112956, ""sender"": true, ""start"": 0}, ""sum_sent"": {""bits_per_second"": 99823756.3984565, ""bytes"": 62390272, ""end"": 5.000034, ""retransmits"": 435, ""seconds"": 5.000034, ""sender"": true, ""start"": 0}}",5201,link_down_during_traffic,during,2,,link_down,s3-s4,,"{""down_at"": 1.0, ""up_at"": null}",0.0,"{""h1"": ""SPF/csv/pcap/ring5/astar/link_down_during_traffic/h1.pcap"", ""h10"": ""SPF/csv/pcap/ring5/astar/link_down_during_traffic/h10.pcap"", ""h2"": ""SPF/csv/pcap/ring5/astar/link_down_during_traffic/h2.pcap"", ""h3"": ""SPF/csv/pcap/ring5/astar/link_down_during_traffic/h3.pcap"", ""h4"": ""SPF/csv/pcap/ring5/astar/link_down_during_traffic/h4.pcap"", ""h5"": ""SPF/csv/pcap/ring5/astar/link_down_during_traffic/h5.pcap"", ""h6"": ""SPF/csv/pcap/ring5/astar/link_down_during_traffic/h6.pcap"", ""h7"": ""SPF/csv/pcap/ring5/astar/link_down_during_traffic/h7.pcap"", ""h8"": ""SPF/csv/pcap/ring5/astar/link_down_during_traffic/h8.pcap"", ""h9"": ""SPF/csv/pcap/ring5/astar/link_down_during_traffic/h9.pcap""}",{},"[{""event"": ""link_down"", ""timestamp"": ""2026-05-19T17:41:15.544058+00:00""}]",,,2,1,,,
2026-05-19T17:41:20.294712+00:00,live,ring5,,astar,0,h10,h8,s5,s4,success,0.021181,1,1,s5 -> s4,"[""s5"", ""s4""]",100.0,100.0,94.6277977522832,iperf3,tcp,5,1,14380,6653,"{""cpu_utilization_percent"": {""host_system"": 0.23084551330286887, ""host_total"": 0.2693363764569868, ""host_user"": 0.03847093002975019, ""remote_system"": 1.471697605527718, ""remote_total"": 1.471697605527718, ""remote_user"": 0}, ""receiver_tcp_congestion"": ""cubic"", ""sender_tcp_congestion"": ""cubic"", ""streams"": [{""receiver"": {""bits_per_second"": 94627797.7522832, ""bytes"": 60665408, ""end"": 5.12876, ""seconds"": 5.000063, ""sender"": true, ""socket"": 5, ""start"": 0}, ""sender"": {""bits_per_second"": 100452315.10082974, ""bytes"": 62783488, ""end"": 5.000063, ""max_rtt"": 127554, ""max_snd_cwnd"": 1537776, ""max_snd_wnd"": 5331072, ""mean_rtt"": 125787, ""min_rtt"": 124298, ""retransmits"": 393, ""seconds"": 5.000063, ""sender"": true, ""socket"": 5, ""start"": 0}}], ""sum_received"": {""bits_per_second"": 94627797.7522832, ""bytes"": 60665408, ""end"": 5.12876, ""seconds"": 5.12876, ""sender"": true, ""start"": 0}, ""sum_sent"": {""bits_per_second"": 100452315.10082974, ""bytes"": 62783488, ""end"": 5.000063, ""retransmits"": 393, ""seconds"": 5.000063, ""sender"": true, ""start"": 0}}",5201,link_down_during_traffic,during,2,,link_down,s3-s4,,"{""down_at"": 1.0, ""up_at"": null}",0.0,"{""h1"": ""SPF/csv/pcap/ring5/astar/link_down_during_traffic/h1.pcap"", ""h10"": ""SPF/csv/pcap/ring5/astar/link_down_during_traffic/h10.pcap"", ""h2"": ""SPF/csv/pcap/ring5/astar/link_down_during_traffic/h2.pcap"", ""h3"": ""SPF/csv/pcap/ring5/astar/link_down_during_traffic/h3.pcap"", ""h4"": ""SPF/csv/pcap/ring5/astar/link_down_during_traffic/h4.pcap"", ""h5"": ""SPF/csv/pcap/ring5/astar/link_down_during_traffic/h5.pcap"", ""h6"": ""SPF/csv/pcap/ring5/astar/link_down_during_traffic/h6.pcap"", ""h7"": ""SPF/csv/pcap/ring5/astar/link_down_during_traffic/h7.pcap"", ""h8"": ""SPF/csv/pcap/ring5/astar/link_down_during_traffic/h8.pcap"", ""h9"": ""SPF/csv/pcap/ring5/astar/link_down_during_traffic/h9.pcap""}",{},"[{""event"": ""link_down"", ""timestamp"": ""2026-05-19T17:41:21.505790+00:00""}]",,,2,2,,,
2026-05-19T17:41:26.288422+00:00,live,ring5,,astar,0,h2,h10,s1,s5,success,0.018677,1,1,s1 -> s5,"[""s1"", ""s5""]",100.0,100.0,95.11168136106943,iperf3,tcp,5,1,14380,6653,"{""cpu_utilization_percent"": {""host_system"": 0.28250614481758485, ""host_total"": 0.2825260761104321, ""host_user"": 0, ""remote_system"": 1.3175465977079421, ""remote_total"": 1.4957869207139924, ""remote_user"": 0.17822049208448765}, ""receiver_tcp_congestion"": ""cubic"", ""sender_tcp_congestion"": ""cubic"", ""streams"": [{""receiver"": {""bits_per_second"": 95111681.36106943, ""bytes"": 59951544, ""end"": 5.042623, ""seconds"": 5.000024, ""sender"": true, ""socket"": 5, ""start"": 0}, ""sender"": {""bits_per_second"": 99420361.18226632, ""bytes"": 62138024, ""end"": 5.000024, ""max_rtt"": 42656, ""max_snd_cwnd"": 518384, ""max_snd_wnd"": 1395840, ""mean_rtt"": 42525, ""min_rtt"": 42479, ""retransmits"": 175, ""seconds"": 5.000024, ""sender"": true, ""socket"": 5, ""start"": 0}}], ""sum_received"": {""bits_per_second"": 95111681.36106943, ""bytes"": 59951544, ""end"": 5.042623, ""seconds"": 5.042623, ""sender"": true, ""start"": 0}, ""sum_sent"": {""bits_per_second"": 99420361.18226632, ""bytes"": 62138024, ""end"": 5.000024, ""retransmits"": 175, ""seconds"": 5.000024, ""sender"": true, ""start"": 0}}",5201,link_down_during_traffic,during,2,,link_down,s3-s4,,"{""down_at"": 1.0, ""up_at"": null}",0.0,"{""h1"": ""SPF/csv/pcap/ring5/astar/link_down_during_traffic/h1.pcap"", ""h10"": ""SPF/csv/pcap/ring5/astar/link_down_during_traffic/h10.pcap"", ""h2"": ""SPF/csv/pcap/ring5/astar/link_down_during_traffic/h2.pcap"", ""h3"": ""SPF/csv/pcap/ring5/astar/link_down_during_traffic/h3.pcap"", ""h4"": ""SPF/csv/pcap/ring5/astar/link_down_during_traffic/h4.pcap"", ""h5"": ""SPF/csv/pcap/ring5/astar/link_down_during_traffic/h5.pcap"", ""h6"": ""SPF/csv/pcap/ring5/astar/link_down_during_traffic/h6.pcap"", ""h7"": ""SPF/csv/pcap/ring5/astar/link_down_during_traffic/h7.pcap"", ""h8"": ""SPF/csv/pcap/ring5/astar/link_down_during_traffic/h8.pcap"", ""h9"": ""SPF/csv/pcap/ring5/astar/link_down_during_traffic/h9.pcap""}",{},"[{""event"": ""link_down"", ""timestamp"": ""2026-05-19T17:41:27.504584+00:00""}]",,,2,2,,,
2026-05-19T17:41:35.155995+00:00,live,ring5,,astar,0,h2,h3,s1,s2,success,0.015637,1,1,s1 -> s2,"[""s1"", ""s2""]",100.0,100.0,95.3995447801681,iperf3,tcp,5,1,14380,6653,"{""cpu_utilization_percent"": {""host_system"": 0.2273944936952153, ""host_total"": 0.2273745765108678, ""host_user"": 0, ""remote_system"": 1.402641587220998, ""remote_total"": 1.4861323907158381, ""remote_user"": 0.08351036095642245}, ""receiver_tcp_congestion"": ""cubic"", ""sender_tcp_congestion"": ""cubic"", ""streams"": [{""receiver"": {""bits_per_second"": 95399544.7801681, ""bytes"": 60973832, ""end"": 5.113134, ""seconds"": 5.000122, ""sender"": true, ""socket"": 5, ""start"": 0}, ""sender"": {""bits_per_second"": 99821999.54321115, ""bytes"": 62390272, ""end"": 5.000122, ""max_rtt"": 112044, ""max_snd_cwnd"": 1345192, ""max_snd_wnd"": 3768576, ""mean_rtt"": 109718, ""min_rtt"": 107905, ""retransmits"": 50, ""seconds"": 5.000122, ""sender"": true, ""socket"": 5, ""start"": 0}}], ""sum_received"": {""bits_per_second"": 95399544.7801681, ""bytes"": 60973832, ""end"": 5.113134, ""seconds"": 5.113134, ""sender"": true, ""start"": 0}, ""sum_sent"": {""bits_per_second"": 99821999.54321115, ""bytes"": 62390272, ""end"": 5.000122, ""retransmits"": 50, ""seconds"": 5.000122, ""sender"": true, ""start"": 0}}",5201,link_down_during_traffic,during,2,,link_down,s3-s4,,"{""down_at"": 1.0, ""up_at"": null}",0.0,"{""h1"": ""SPF/csv/pcap/ring5/astar/link_down_during_traffic/h1.pcap"", ""h10"": ""SPF/csv/pcap/ring5/astar/link_down_during_traffic/h10.pcap"", ""h2"": ""SPF/csv/pcap/ring5/astar/link_down_during_traffic/h2.pcap"", ""h3"": ""SPF/csv/pcap/ring5/astar/link_down_during_traffic/h3.pcap"", ""h4"": ""SPF/csv/pcap/ring5/astar/link_down_during_traffic/h4.pcap"", ""h5"": ""SPF/csv/pcap/ring5/astar/link_down_during_traffic/h5.pcap"", ""h6"": ""SPF/csv/pcap/ring5/astar/link_down_during_traffic/h6.pcap"", ""h7"": ""SPF/csv/pcap/ring5/astar/link_down_during_traffic/h7.pcap"", ""h8"": ""SPF/csv/pcap/ring5/astar/link_down_during_traffic/h8.pcap"", ""h9"": ""SPF/csv/pcap/ring5/astar/link_down_during_traffic/h9.pcap""}",{},"[{""event"": ""link_down"", ""timestamp"": ""2026-05-19T17:41:36.371127+00:00""}]",,,2,1,,,
2026-05-19T17:41:41.130293+00:00,live,ring5,,astar,0,h2,h4,s1,s2,success,0.02357,1,1,s1 -> s2,"[""s1"", ""s2""]",100.0,100.0,95.1802978053613,iperf3,tcp,5,1,14380,6653,"{""cpu_utilization_percent"": {""host_system"": 0.37335101146590144, ""host_total"": 0.4591735672102493, ""host_user"": 0.0858026479374019, ""remote_system"": 1.7066058916209565, ""remote_total"": 1.8744044818084555, ""remote_user"": 0.16777908099203478}, ""receiver_tcp_congestion"": ""cubic"", ""sender_tcp_congestion"": ""cubic"", ""streams"": [{""receiver"": {""bits_per_second"": 95180297.8053613, ""bytes"": 60983968, ""end"": 5.125764, ""seconds"": 5.000034, ""sender"": true, ""socket"": 5, ""start"": 0}, ""sender"": {""bits_per_second"": 99823756.3984565, ""bytes"": 62390272, ""end"": 5.000034, ""max_rtt"": 124270, ""max_snd_cwnd"": 1492888, ""max_snd_wnd"": 5578752, ""mean_rtt"": 124243, ""min_rtt"": 124221, ""retransmits"": 145, ""seconds"": 5.000034, ""sender"": true, ""socket"": 5, ""start"": 0}}], ""sum_received"": {""bits_per_second"": 95180297.8053613, ""bytes"": 60983968, ""end"": 5.125764, ""seconds"": 5.125764, ""sender"": true, ""start"": 0}, ""sum_sent"": {""bits_per_second"": 99823756.3984565, ""bytes"": 62390272, ""end"": 5.000034, ""retransmits"": 145, ""seconds"": 5.000034, ""sender"": true, ""start"": 0}}",5201,link_down_during_traffic,during,2,,link_down,s3-s4,,"{""down_at"": 1.0, ""up_at"": null}",0.0,"{""h1"": ""SPF/csv/pcap/ring5/astar/link_down_during_traffic/h1.pcap"", ""h10"": ""SPF/csv/pcap/ring5/astar/link_down_during_traffic/h10.pcap"", ""h2"": ""SPF/csv/pcap/ring5/astar/link_down_during_traffic/h2.pcap"", ""h3"": ""SPF/csv/pcap/ring5/astar/link_down_during_traffic/h3.pcap"", ""h4"": ""SPF/csv/pcap/ring5/astar/link_down_during_traffic/h4.pcap"", ""h5"": ""SPF/csv/pcap/ring5/astar/link_down_during_traffic/h5.pcap"", ""h6"": ""SPF/csv/pcap/ring5/astar/link_down_during_traffic/h6.pcap"", ""h7"": ""SPF/csv/pcap/ring5/astar/link_down_during_traffic/h7.pcap"", ""h8"": ""SPF/csv/pcap/ring5/astar/link_down_during_traffic/h8.pcap"", ""h9"": ""SPF/csv/pcap/ring5/astar/link_down_during_traffic/h9.pcap""}",{},"[{""event"": ""link_down"", ""timestamp"": ""2026-05-19T17:41:42.340640+00:00""}]",,,2,2,,,
2026-05-19T17:41:47.117341+00:00,live,ring5,,astar,0,h2,h5,s1,s3,success,0.061531,2,2,s1 -> s2 -> s3,"[""s1"", ""s2"", ""s3""]",100.0,50.0,94.83335212551343,iperf3,tcp,5,1,14380,6653,"{""cpu_utilization_percent"": {""host_system"": 0.20161446553489426, ""host_total"": 0.3725903673706847, ""host_user"": 0.17097590183579042, ""remote_system"": 1.4136335046364195, ""remote_total"": 1.4895550428205333, ""remote_user"": 0.07590189483658896}, ""receiver_tcp_congestion"": ""cubic"", ""sender_tcp_congestion"": ""cubic"", ""streams"": [{""receiver"": {""bits_per_second"": 94833352.12551343, ""bytes"": 60346848, ""end"": 5.09077, ""seconds"": 5.000077, ""sender"": true, ""socket"": 5, ""start"": 0}, ""sender"": {""bits_per_second"": 101081169.74998584, ""bytes"": 63176704, ""end"": 5.000077, ""max_rtt"": 90448, ""max_snd_cwnd"": 1090344, ""max_snd_wnd"": 4790656, ""mean_rtt"": 88503, ""min_rtt"": 87185, ""retransmits"": 110, ""seconds"": 5.000077, ""sender"": true, ""socket"": 5, ""start"": 0}}], ""sum_received"": {""bits_per_second"": 94833352.12551343, ""bytes"": 60346848, ""end"": 5.09077, ""seconds"": 5.09077, ""sender"": true, ""start"": 0}, ""sum_sent"": {""bits_per_second"": 101081169.74998584, ""bytes"": 63176704, ""end"": 5.000077, ""retransmits"": 110, ""seconds"": 5.000077, ""sender"": true, ""start"": 0}}",5201,link_down_during_traffic,during,2,,link_down,s3-s4,,"{""down_at"": 1.0, ""up_at"": null}",0.0,"{""h1"": ""SPF/csv/pcap/ring5/astar/link_down_during_traffic/h1.pcap"", ""h10"": ""SPF/csv/pcap/ring5/astar/link_down_during_traffic/h10.pcap"", ""h2"": ""SPF/csv/pcap/ring5/astar/link_down_during_traffic/h2.pcap"", ""h3"": ""SPF/csv/pcap/ring5/astar/link_down_during_traffic/h3.pcap"", ""h4"": ""SPF/csv/pcap/ring5/astar/link_down_during_traffic/h4.pcap"", ""h5"": ""SPF/csv/pcap/ring5/astar/link_down_during_traffic/h5.pcap"", ""h6"": ""SPF/csv/pcap/ring5/astar/link_down_during_traffic/h6.pcap"", ""h7"": ""SPF/csv/pcap/ring5/astar/link_down_during_traffic/h7.pcap"", ""h8"": ""SPF/csv/pcap/ring5/astar/link_down_during_traffic/h8.pcap"", ""h9"": ""SPF/csv/pcap/ring5/astar/link_down_during_traffic/h9.pcap""}",{},"[{""event"": ""link_down"", ""timestamp"": ""2026-05-19T17:41:48.331743+00:00""}]",,,2,1,,,
2026-05-19T17:41:53.060628+00:00,live,ring5,,astar,0,h2,h6,s1,s3,success,0.015607,2,2,s1 -> s2 -> s3,"[""s1"", ""s2"", ""s3""]",100.0,50.0,94.27227500723261,iperf3,tcp,5,1,14380,6653,"{""cpu_utilization_percent"": {""host_system"": 0.41362747283659, ""host_total"": 0.4697875861335142, ""host_user"": 0.05616011329692422, ""remote_system"": 0.882454144034458, ""remote_total"": 1.201653522544577, ""remote_user"": 0.31919937851011915}, ""receiver_tcp_congestion"": ""cubic"", ""sender_tcp_congestion"": ""cubic"", ""streams"": [{""receiver"": {""bits_per_second"": 94272275.0072326, ""bytes"": 59795160, ""end"": 5.074252, ""seconds"": 5.000085, ""sender"": true, ""socket"": 5, ""start"": 0}, ""sender"": {""bits_per_second"": 100451873.118157, ""bytes"": 62783488, ""end"": 5.000085, ""max_rtt"": 73685, ""max_snd_cwnd"": 884728, ""max_snd_wnd"": 3594624, ""mean_rtt"": 73230, ""min_rtt"": 72920, ""retransmits"": 230, ""seconds"": 5.000085, ""sender"": true, ""socket"": 5, ""start"": 0}}], ""sum_received"": {""bits_per_second"": 94272275.0072326, ""bytes"": 59795160, ""end"": 5.074252, ""seconds"": 5.074252, ""sender"": true, ""start"": 0}, ""sum_sent"": {""bits_per_second"": 100451873.118157, ""bytes"": 62783488, ""end"": 5.000085, ""retransmits"": 230, ""seconds"": 5.000085, ""sender"": true, ""start"": 0}}",5201,link_down_during_traffic,during,2,,link_down,s3-s4,,"{""down_at"": 1.0, ""up_at"": null}",0.0,"{""h1"": ""SPF/csv/pcap/ring5/astar/link_down_during_traffic/h1.pcap"", ""h10"": ""SPF/csv/pcap/ring5/astar/link_down_during_traffic/h10.pcap"", ""h2"": ""SPF/csv/pcap/ring5/astar/link_down_during_traffic/h2.pcap"", ""h3"": ""SPF/csv/pcap/ring5/astar/link_down_during_traffic/h3.pcap"", ""h4"": ""SPF/csv/pcap/ring5/astar/link_down_during_traffic/h4.pcap"", ""h5"": ""SPF/csv/pcap/ring5/astar/link_down_during_traffic/h5.pcap"", ""h6"": ""SPF/csv/pcap/ring5/astar/link_down_during_traffic/h6.pcap"", ""h7"": ""SPF/csv/pcap/ring5/astar/link_down_during_traffic/h7.pcap"", ""h8"": ""SPF/csv/pcap/ring5/astar/link_down_during_traffic/h8.pcap"", ""h9"": ""SPF/csv/pcap/ring5/astar/link_down_during_traffic/h9.pcap""}",{},"[{""event"": ""link_down"", ""timestamp"": ""2026-05-19T17:41:54.274213+00:00""}]",,,2,2,,,
2026-05-19T17:41:58.970335+00:00,live,ring5,,astar,0,h2,h7,s1,s4,success,0.02168,2,2,s1 -> s5 -> s4,"[""s1"", ""s5"", ""s4""]",100.0,50.0,94.82331418811928,iperf3,tcp,5,1,14380,6653,"{""cpu_utilization_percent"": {""host_system"": 0.21176056890661893, ""host_total"": 0.36942375258641325, ""host_user"": 0.1576433168471734, ""remote_system"": 0.905594251628092, ""remote_total"": 1.2182382479354958, ""remote_user"": 0.312624338108441}, ""receiver_tcp_congestion"": ""cubic"", ""sender_tcp_congestion"": ""cubic"", ""streams"": [{""receiver"": {""bits_per_second"": 94823314.18811928, ""bytes"": 60294720, ""end"": 5.086911, ""seconds"": 5.000037, ""sender"": true, ""socket"": 5, ""start"": 0}, ""sender"": {""bits_per_second"": 101081978.3933599, ""bytes"": 63176704, ""end"": 5.000037, ""max_rtt"": 85007, ""max_snd_cwnd"": 1030976, ""max_snd_wnd"": 4790656, ""mean_rtt"": 83437, ""min_rtt"": 81761, ""retransmits"": 110, ""seconds"": 5.000037, ""sender"": true, ""socket"": 5, ""start"": 0}}], ""sum_received"": {""bits_per_second"": 94823314.18811928, ""bytes"": 60294720, ""end"": 5.086911, ""seconds"": 5.086911, ""sender"": true, ""start"": 0}, ""sum_sent"": {""bits_per_second"": 101081978.3933599, ""bytes"": 63176704, ""end"": 5.000037, ""retransmits"": 110, ""seconds"": 5.000037, ""sender"": true, ""start"": 0}}",5201,link_down_during_traffic,during,2,,link_down,s3-s4,,"{""down_at"": 1.0, ""up_at"": null}",0.0,"{""h1"": ""SPF/csv/pcap/ring5/astar/link_down_during_traffic/h1.pcap"", ""h10"": ""SPF/csv/pcap/ring5/astar/link_down_during_traffic/h10.pcap"", ""h2"": ""SPF/csv/pcap/ring5/astar/link_down_during_traffic/h2.pcap"", ""h3"": ""SPF/csv/pcap/ring5/astar/link_down_during_traffic/h3.pcap"", ""h4"": ""SPF/csv/pcap/ring5/astar/link_down_during_traffic/h4.pcap"", ""h5"": ""SPF/csv/pcap/ring5/astar/link_down_during_traffic/h5.pcap"", ""h6"": ""SPF/csv/pcap/ring5/astar/link_down_during_traffic/h6.pcap"", ""h7"": ""SPF/csv/pcap/ring5/astar/link_down_during_traffic/h7.pcap"", ""h8"": ""SPF/csv/pcap/ring5/astar/link_down_during_traffic/h8.pcap"", ""h9"": ""SPF/csv/pcap/ring5/astar/link_down_during_traffic/h9.pcap""}",{},"[{""event"": ""link_down"", ""timestamp"": ""2026-05-19T17:42:00.187580+00:00""}]",,,2,1,,,
2026-05-19T17:42:07.927625+00:00,live,ring5,,astar,0,h2,h8,s1,s4,success,0.021084,2,2,s1 -> s5 -> s4,"[""s1"", ""s5"", ""s4""]",100.0,50.0,94.22220053710025,iperf3,tcp,5,1,14380,6653,"{""cpu_utilization_percent"": {""host_system"": 0.1575323700730188, ""host_total"": 0.44615311312551376, ""host_user"": 0.2886207430524949, ""remote_system"": 1.0820294731938107, ""remote_total"": 1.3209305949253727, ""remote_user"": 0.23888144775299555}, ""receiver_tcp_congestion"": ""cubic"", ""sender_tcp_congestion"": ""cubic"", ""streams"": [{""receiver"": {""bits_per_second"": 94222200.53710026, ""bytes"": 59864664, ""end"": 5.08285, ""seconds"": 5.000106, ""sender"": true, ""socket"": 5, ""start"": 0}, ""sender"": {""bits_per_second"": 98983475.95030986, ""bytes"": 61865984, ""end"": 5.000106, ""max_rtt"": 81794, ""max_snd_cwnd"": 978848, ""max_snd_wnd"": 4055936, ""mean_rtt"": 81740, ""min_rtt"": 81635, ""retransmits"": 245, ""seconds"": 5.000106, ""sender"": true, ""socket"": 5, ""start"": 0}}], ""sum_received"": {""bits_per_second"": 94222200.53710026, ""bytes"": 59864664, ""end"": 5.08285, ""seconds"": 5.08285, ""sender"": true, ""start"": 0}, ""sum_sent"": {""bits_per_second"": 98983475.95030986, ""bytes"": 61865984, ""end"": 5.000106, ""retransmits"": 245, ""seconds"": 5.000106, ""sender"": true, ""start"": 0}}",5201,link_down_during_traffic,during,2,,link_down,s3-s4,,"{""down_at"": 1.0, ""up_at"": null}",0.0,"{""h1"": ""SPF/csv/pcap/ring5/astar/link_down_during_traffic/h1.pcap"", ""h10"": ""SPF/csv/pcap/ring5/astar/link_down_during_traffic/h10.pcap"", ""h2"": ""SPF/csv/pcap/ring5/astar/link_down_during_traffic/h2.pcap"", ""h3"": ""SPF/csv/pcap/ring5/astar/link_down_during_traffic/h3.pcap"", ""h4"": ""SPF/csv/pcap/ring5/astar/link_down_during_traffic/h4.pcap"", ""h5"": ""SPF/csv/pcap/ring5/astar/link_down_during_traffic/h5.pcap"", ""h6"": ""SPF/csv/pcap/ring5/astar/link_down_during_traffic/h6.pcap"", ""h7"": ""SPF/csv/pcap/ring5/astar/link_down_during_traffic/h7.pcap"", ""h8"": ""SPF/csv/pcap/ring5/astar/link_down_during_traffic/h8.pcap"", ""h9"": ""SPF/csv/pcap/ring5/astar/link_down_during_traffic/h9.pcap""}",{},"[{""event"": ""link_down"", ""timestamp"": ""2026-05-19T17:42:09.142236+00:00""}]",,,2,2,,,
2026-05-19T17:42:13.855363+00:00,live,ring5,,astar,0,h2,h9,s1,s5,success,0.028063,1,1,s1 -> s5,"[""s1"", ""s5""]",100.0,100.0,95.25692032773178,iperf3,tcp,5,1,14380,6653,"{""cpu_utilization_percent"": {""host_system"": 0.382520886317421, ""host_total"": 0.3825407989091086, ""host_user"": 0, ""remote_system"": 1.420915787697887, ""remote_total"": 1.4209354268982808, ""remote_user"": 0}, ""receiver_tcp_congestion"": ""cubic"", ""sender_tcp_congestion"": ""cubic"", ""streams"": [{""receiver"": {""bits_per_second"": 95256920.32773177, ""bytes"": 60629208, ""end"": 5.091847, ""seconds"": 5.000095, ""sender"": true, ""socket"": 5, ""start"": 0}, ""sender"": {""bits_per_second"": 99822538.57176714, ""bytes"": 62390272, ""end"": 5.000095, ""max_rtt"": 91573, ""max_snd_cwnd"": 1104824, ""max_snd_wnd"": 3443072, ""mean_rtt"": 89685, ""min_rtt"": 88301, ""retransmits"": 114, ""seconds"": 5.000095, ""sender"": true, ""socket"": 5, ""start"": 0}}], ""sum_received"": {""bits_per_second"": 95256920.32773177, ""bytes"": 60629208, ""end"": 5.091847, ""seconds"": 5.091847, ""sender"": true, ""start"": 0}, ""sum_sent"": {""bits_per_second"": 99822538.57176714, ""bytes"": 62390272, ""end"": 5.000095, ""retransmits"": 114, ""seconds"": 5.000095, ""sender"": true, ""start"": 0}}",5201,link_down_during_traffic,during,2,,link_down,s3-s4,,"{""down_at"": 1.0, ""up_at"": null}",0.0,"{""h1"": ""SPF/csv/pcap/ring5/astar/link_down_during_traffic/h1.pcap"", ""h10"": ""SPF/csv/pcap/ring5/astar/link_down_during_traffic/h10.pcap"", ""h2"": ""SPF/csv/pcap/ring5/astar/link_down_during_traffic/h2.pcap"", ""h3"": ""SPF/csv/pcap/ring5/astar/link_down_during_traffic/h3.pcap"", ""h4"": ""SPF/csv/pcap/ring5/astar/link_down_during_traffic/h4.pcap"", ""h5"": ""SPF/csv/pcap/ring5/astar/link_down_during_traffic/h5.pcap"", ""h6"": ""SPF/csv/pcap/ring5/astar/link_down_during_traffic/h6.pcap"", ""h7"": ""SPF/csv/pcap/ring5/astar/link_down_during_traffic/h7.pcap"", ""h8"": ""SPF/csv/pcap/ring5/astar/link_down_during_traffic/h8.pcap"", ""h9"": ""SPF/csv/pcap/ring5/astar/link_down_during_traffic/h9.pcap""}",{},"[{""event"": ""link_down"", ""timestamp"": ""2026-05-19T17:42:15.064511+00:00""}]",,,2,1,,,
2026-05-19T17:42:19.780532+00:00,live,ring5,,astar,0,h3,h1,s2,s1,success,0.020524,1,1,s2 -> s1,"[""s2"", ""s1""]",100.0,100.0,95.51760243435443,iperf3,tcp,5,1,14380,6653,"{""cpu_utilization_percent"": {""host_system"": 0.49483592366321066, ""host_total"": 0.49483592366321066, ""host_user"": 0, ""remote_system"": 1.0491774100773281, ""remote_total"": 1.4187451350052747, ""remote_user"": 0.36956772492794654}, ""receiver_tcp_congestion"": ""cubic"", ""sender_tcp_congestion"": ""cubic"", ""streams"": [{""receiver"": {""bits_per_second"": 95517602.43435442, ""bytes"": 62520784, ""end"": 5.236378, ""seconds"": 5.000023, ""sender"": true, ""socket"": 5, ""start"": 0}, ""sender"": {""bits_per_second"": 100033690.24502487, ""bytes"": 62521344, ""end"": 5.000023, ""max_rtt"": 304284, ""max_snd_cwnd"": 4080464, ""max_snd_wnd"": 5577472, ""mean_rtt"": 232303, ""min_rtt"": 143693, ""retransmits"": 0, ""seconds"": 5.000023, ""sender"": true, ""socket"": 5, ""start"": 0}}], ""sum_received"": {""bits_per_second"": 95517602.43435442, ""bytes"": 62520784, ""end"": 5.236378, ""seconds"": 5.236378, ""sender"": true, ""start"": 0}, ""sum_sent"": {""bits_per_second"": 100033690.24502487, ""bytes"": 62521344, ""end"": 5.000023, ""retransmits"": 0, ""seconds"": 5.000023, ""sender"": true, ""start"": 0}}",5201,link_down_during_traffic,during,2,,link_down,s3-s4,,"{""down_at"": 1.0, ""up_at"": null}",0.0,"{""h1"": ""SPF/csv/pcap/ring5/astar/link_down_during_traffic/h1.pcap"", ""h10"": ""SPF/csv/pcap/ring5/astar/link_down_during_traffic/h10.pcap"", ""h2"": ""SPF/csv/pcap/ring5/astar/link_down_during_traffic/h2.pcap"", ""h3"": ""SPF/csv/pcap/ring5/astar/link_down_during_traffic/h3.pcap"", ""h4"": ""SPF/csv/pcap/ring5/astar/link_down_during_traffic/h4.pcap"", ""h5"": ""SPF/csv/pcap/ring5/astar/link_down_during_traffic/h5.pcap"", ""h6"": ""SPF/csv/pcap/ring5/astar/link_down_during_traffic/h6.pcap"", ""h7"": ""SPF/csv/pcap/ring5/astar/link_down_during_traffic/h7.pcap"", ""h8"": ""SPF/csv/pcap/ring5/astar/link_down_during_traffic/h8.pcap"", ""h9"": ""SPF/csv/pcap/ring5/astar/link_down_during_traffic/h9.pcap""}",{},"[{""event"": ""link_down"", ""timestamp"": ""2026-05-19T17:42:20.991534+00:00""}]",,,1,1,,,
2026-05-19T17:42:25.763153+00:00,live,ring5,,astar,0,h3,h10,s2,s5,success,0.01939,2,2,s2 -> s1 -> s5,"[""s2"", ""s1"", ""s5""]",100.0,50.0,94.20035912765101,iperf3,tcp,5,1,14380,6653,"{""cpu_utilization_percent"": {""host_system"": 0.3616722398723627, ""host_total"": 0.3941577703998204, ""host_user"": 0.03248553052745772, ""remote_system"": 1.0814468793952872, ""remote_total"": 1.2293053187393432, ""remote_user"": 0.147838795602945}, ""receiver_tcp_congestion"": ""cubic"", ""sender_tcp_congestion"": ""cubic"", ""streams"": [{""receiver"": {""bits_per_second"": 94200359.127651, ""bytes"": 59942856, ""end"": 5.090669, ""seconds"": 5.000121, ""sender"": true, ""socket"": 5, ""start"": 0}, ""sender"": {""bits_per_second"": 98983179.00706802, ""bytes"": 61865984, ""end"": 5.000121, ""max_rtt"": 90476, ""max_snd_cwnd"": 1091792, ""max_snd_wnd"": 4790656, ""mean_rtt"": 88535, ""min_rtt"": 87235, ""retransmits"": 278, ""seconds"": 5.000121, ""sender"": true, ""socket"": 5, ""start"": 0}}], ""sum_received"": {""bits_per_second"": 94200359.127651, ""bytes"": 59942856, ""end"": 5.090669, ""seconds"": 5.090669, ""sender"": true, ""start"": 0}, ""sum_sent"": {""bits_per_second"": 98983179.00706802, ""bytes"": 61865984, ""end"": 5.000121, ""retransmits"": 278, ""seconds"": 5.000121, ""sender"": true, ""start"": 0}}",5201,link_down_during_traffic,during,2,,link_down,s3-s4,,"{""down_at"": 1.0, ""up_at"": null}",0.0,"{""h1"": ""SPF/csv/pcap/ring5/astar/link_down_during_traffic/h1.pcap"", ""h10"": ""SPF/csv/pcap/ring5/astar/link_down_during_traffic/h10.pcap"", ""h2"": ""SPF/csv/pcap/ring5/astar/link_down_during_traffic/h2.pcap"", ""h3"": ""SPF/csv/pcap/ring5/astar/link_down_during_traffic/h3.pcap"", ""h4"": ""SPF/csv/pcap/ring5/astar/link_down_during_traffic/h4.pcap"", ""h5"": ""SPF/csv/pcap/ring5/astar/link_down_during_traffic/h5.pcap"", ""h6"": ""SPF/csv/pcap/ring5/astar/link_down_during_traffic/h6.pcap"", ""h7"": ""SPF/csv/pcap/ring5/astar/link_down_during_traffic/h7.pcap"", ""h8"": ""SPF/csv/pcap/ring5/astar/link_down_during_traffic/h8.pcap"", ""h9"": ""SPF/csv/pcap/ring5/astar/link_down_during_traffic/h9.pcap""}",{},"[{""event"": ""link_down"", ""timestamp"": ""2026-05-19T17:42:26.981667+00:00""}]",,,1,2,,,
2026-05-19T17:42:31.703979+00:00,live,ring5,,astar,0,h3,h2,s2,s1,success,0.017795,1,1,s2 -> s1,"[""s2"", ""s1""]",100.0,100.0,95.40697415084797,iperf3,tcp,5,1,14380,6653,"{""cpu_utilization_percent"": {""host_system"": 0.35217081708768416, ""host_total"": 0.35217081708768416, ""host_user"": 0, ""remote_system"": 1.3199575229411653, ""remote_total"": 1.3861978615011505, ""remote_user"": 0.06620107339189994}, ""receiver_tcp_congestion"": ""cubic"", ""sender_tcp_congestion"": ""cubic"", ""streams"": [{""receiver"": {""bits_per_second"": 95406974.15084797, ""bytes"": 60745048, ""end"": 5.093552, ""seconds"": 5.000034, ""sender"": true, ""socket"": 5, ""start"": 0}, ""sender"": {""bits_per_second"": 99823756.3984565, ""bytes"": 62390272, ""end"": 5.000034, ""max_rtt"": 91598, ""max_snd_cwnd"": 1106272, ""max_snd_wnd"": 5576704, ""mean_rtt"": 89794, ""min_rtt"": 88290, ""retransmits"": 40, ""seconds"": 5.000034, ""sender"": true, ""socket"": 5, ""start"": 0}}], ""sum_received"": {""bits_per_second"": 95406974.15084797, ""bytes"": 60745048, ""end"": 5.093552, ""seconds"": 5.093552, ""sender"": true, ""start"": 0}, ""sum_sent"": {""bits_per_second"": 99823756.3984565, ""bytes"": 62390272, ""end"": 5.000034, ""retransmits"": 40, ""seconds"": 5.000034, ""sender"": true, ""start"": 0}}",5201,link_down_during_traffic,during,2,,link_down,s3-s4,,"{""down_at"": 1.0, ""up_at"": null}",0.0,"{""h1"": ""SPF/csv/pcap/ring5/astar/link_down_during_traffic/h1.pcap"", ""h10"": ""SPF/csv/pcap/ring5/astar/link_down_during_traffic/h10.pcap"", ""h2"": ""SPF/csv/pcap/ring5/astar/link_down_during_traffic/h2.pcap"", ""h3"": ""SPF/csv/pcap/ring5/astar/link_down_during_traffic/h3.pcap"", ""h4"": ""SPF/csv/pcap/ring5/astar/link_down_during_traffic/h4.pcap"", ""h5"": ""SPF/csv/pcap/ring5/astar/link_down_during_traffic/h5.pcap"", ""h6"": ""SPF/csv/pcap/ring5/astar/link_down_during_traffic/h6.pcap"", ""h7"": ""SPF/csv/pcap/ring5/astar/link_down_during_traffic/h7.pcap"", ""h8"": ""SPF/csv/pcap/ring5/astar/link_down_during_traffic/h8.pcap"", ""h9"": ""SPF/csv/pcap/ring5/astar/link_down_during_traffic/h9.pcap""}",{},"[{""event"": ""link_down"", ""timestamp"": ""2026-05-19T17:42:32.915543+00:00""}]",,,1,2,,,
2026-05-19T17:42:38.678300+00:00,live,ring5,,astar,0,h3,h5,s2,s3,success,0.018778,1,1,s2 -> s3,"[""s2"", ""s3""]",100.0,100.0,94.92164802628757,iperf3,tcp,5,1,14380,6653,"{""cpu_utilization_percent"": {""host_system"": 0.2773453219328428, ""host_total"": 0.2773453219328428, ""host_user"": 0, ""remote_system"": 1.243125614189126, ""remote_total"": 1.4538384176480208, ""remote_user"": 0.2107517918580916}, ""receiver_tcp_congestion"": ""cubic"", ""sender_tcp_congestion"": ""cubic"", ""streams"": [{""receiver"": {""bits_per_second"": 94921648.02628757, ""bytes"": 60865232, ""end"": 5.129724, ""seconds"": 5.000097, ""sender"": true, ""socket"": 5, ""start"": 0}, ""sender"": {""bits_per_second"": 99822498.6435263, ""bytes"": 62390272, ""end"": 5.000097, ""max_rtt"": 128320, ""max_snd_cwnd"": 1539224, ""max_snd_wnd"": 5576704, ""mean_rtt"": 126122, ""min_rtt"": 124427, ""retransmits"": 260, ""seconds"": 5.000097, ""sender"": true, ""socket"": 5, ""start"": 0}}], ""sum_received"": {""bits_per_second"": 94921648.02628757, ""bytes"": 60865232, ""end"": 5.129724, ""seconds"": 5.129724, ""sender"": true, ""start"": 0}, ""sum_sent"": {""bits_per_second"": 99822498.6435263, ""bytes"": 62390272, ""end"": 5.000097, ""retransmits"": 260, ""seconds"": 5.000097, ""sender"": true, ""start"": 0}}",5201,link_down_during_traffic,during,2,,link_down,s3-s4,,"{""down_at"": 1.0, ""up_at"": null}",0.0,"{""h1"": ""SPF/csv/pcap/ring5/astar/link_down_during_traffic/h1.pcap"", ""h10"": ""SPF/csv/pcap/ring5/astar/link_down_during_traffic/h10.pcap"", ""h2"": ""SPF/csv/pcap/ring5/astar/link_down_during_traffic/h2.pcap"", ""h3"": ""SPF/csv/pcap/ring5/astar/link_down_during_traffic/h3.pcap"", ""h4"": ""SPF/csv/pcap/ring5/astar/link_down_during_traffic/h4.pcap"", ""h5"": ""SPF/csv/pcap/ring5/astar/link_down_during_traffic/h5.pcap"", ""h6"": ""SPF/csv/pcap/ring5/astar/link_down_during_traffic/h6.pcap"", ""h7"": ""SPF/csv/pcap/ring5/astar/link_down_during_traffic/h7.pcap"", ""h8"": ""SPF/csv/pcap/ring5/astar/link_down_during_traffic/h8.pcap"", ""h9"": ""SPF/csv/pcap/ring5/astar/link_down_during_traffic/h9.pcap""}",{},"[{""event"": ""link_down"", ""timestamp"": ""2026-05-19T17:42:41.816648+00:00""}]",,,1,1,,,
2026-05-19T17:42:46.599293+00:00,live,ring5,,astar,0,h3,h6,s2,s3,success,0.08368,1,1,s2 -> s3,"[""s2"", ""s3""]",100.0,100.0,94.81668558732724,iperf3,tcp,5,1,14380,6653,"{""cpu_utilization_percent"": {""host_system"": 0.2435351764728158, ""host_total"": 0.3171797036081832, ""host_user"": 0.07360466541567302, ""remote_system"": 1.434032870908208, ""remote_total"": 1.8947110844679982, ""remote_user"": 0.460639248981125}, ""receiver_tcp_congestion"": ""cubic"", ""sender_tcp_congestion"": ""cubic"", ""streams"": [{""receiver"": {""bits_per_second"": 94816685.58732724, ""bytes"": 60834824, ""end"": 5.132837, ""seconds"": 5.000059, ""sender"": true, ""socket"": 5, ""start"": 0}, ""sender"": {""bits_per_second"": 100242682.73634371, ""bytes"": 62652416, ""end"": 5.000059, ""max_rtt"": 131475, ""max_snd_cwnd"": 1581216, ""max_snd_wnd"": 5576704, ""mean_rtt"": 129521, ""min_rtt"": 128274, ""retransmits"": 310, ""seconds"": 5.000059, ""sender"": true, ""socket"": 5, ""start"": 0}}], ""sum_received"": {""bits_per_second"": 94816685.58732724, ""bytes"": 60834824, ""end"": 5.132837, ""seconds"": 5.132837, ""sender"": true, ""start"": 0}, ""sum_sent"": {""bits_per_second"": 100242682.73634371, ""bytes"": 62652416, ""end"": 5.000059, ""retransmits"": 310, ""seconds"": 5.000059, ""sender"": true, ""start"": 0}}",5201,link_down_during_traffic,during,2,,link_down,s3-s4,,"{""down_at"": 1.0, ""up_at"": null}",0.0,"{""h1"": ""SPF/csv/pcap/ring5/astar/link_down_during_traffic/h1.pcap"", ""h10"": ""SPF/csv/pcap/ring5/astar/link_down_during_traffic/h10.pcap"", ""h2"": ""SPF/csv/pcap/ring5/astar/link_down_during_traffic/h2.pcap"", ""h3"": ""SPF/csv/pcap/ring5/astar/link_down_during_traffic/h3.pcap"", ""h4"": ""SPF/csv/pcap/ring5/astar/link_down_during_traffic/h4.pcap"", ""h5"": ""SPF/csv/pcap/ring5/astar/link_down_during_traffic/h5.pcap"", ""h6"": ""SPF/csv/pcap/ring5/astar/link_down_during_traffic/h6.pcap"", ""h7"": ""SPF/csv/pcap/ring5/astar/link_down_during_traffic/h7.pcap"", ""h8"": ""SPF/csv/pcap/ring5/astar/link_down_during_traffic/h8.pcap"", ""h9"": ""SPF/csv/pcap/ring5/astar/link_down_during_traffic/h9.pcap""}",{},"[{""event"": ""link_down"", ""timestamp"": ""2026-05-19T17:42:47.810179+00:00""}]",,,1,2,,,
2026-05-19T17:42:52.603824+00:00,live,ring5,,astar,0,h3,h7,s2,s4,success,0.023756,2,2,s2 -> s3 -> s4,"[""s2"", ""s3"", ""s4""]",100.0,50.0,90.84536672781866,iperf3,tcp,5,1,14380,6653,"{""cpu_utilization_percent"": {""host_system"": 0.2860460320128366, ""host_total"": 0.3740433839462153, ""host_user"": 0.08797748348634024, ""remote_system"": 0.9992679110734456, ""remote_total"": 1.2310632538222013, ""remote_user"": 0.2317756523526676}, ""receiver_tcp_congestion"": ""cubic"", ""sender_tcp_congestion"": ""cubic"", ""streams"": [{""receiver"": {""bits_per_second"": 90845366.72781865, ""bytes"": 57670944, ""end"": 5.078603, ""seconds"": 5.000073, ""sender"": true, ""socket"": 5, ""start"": 0}, ""sender"": {""bits_per_second"": 96887007.8496854, ""bytes"": 60555264, ""end"": 5.000073, ""max_rtt"": 79577, ""max_snd_cwnd"": 962920, ""max_snd_wnd"": 2592640, ""mean_rtt"": 71031, ""min_rtt"": 58831, ""retransmits"": 662, ""seconds"": 5.000073, ""sender"": true, ""socket"": 5, ""start"": 0}}], ""sum_received"": {""bits_per_second"": 90845366.72781865, ""bytes"": 57670944, ""end"": 5.078603, ""seconds"": 5.078603, ""sender"": true, ""start"": 0}, ""sum_sent"": {""bits_per_second"": 96887007.8496854, ""bytes"": 60555264, ""end"": 5.000073, ""retransmits"": 662, ""seconds"": 5.000073, ""sender"": true, ""start"": 0}}",5201,link_down_during_traffic,during,2,,link_down,s3-s4,,"{""down_at"": 1.0, ""up_at"": null}",0.0,"{""h1"": ""SPF/csv/pcap/ring5/astar/link_down_during_traffic/h1.pcap"", ""h10"": ""SPF/csv/pcap/ring5/astar/link_down_during_traffic/h10.pcap"", ""h2"": ""SPF/csv/pcap/ring5/astar/link_down_during_traffic/h2.pcap"", ""h3"": ""SPF/csv/pcap/ring5/astar/link_down_during_traffic/h3.pcap"", ""h4"": ""SPF/csv/pcap/ring5/astar/link_down_during_traffic/h4.pcap"", ""h5"": ""SPF/csv/pcap/ring5/astar/link_down_during_traffic/h5.pcap"", ""h6"": ""SPF/csv/pcap/ring5/astar/link_down_during_traffic/h6.pcap"", ""h7"": ""SPF/csv/pcap/ring5/astar/link_down_during_traffic/h7.pcap"", ""h8"": ""SPF/csv/pcap/ring5/astar/link_down_during_traffic/h8.pcap"", ""h9"": ""SPF/csv/pcap/ring5/astar/link_down_during_traffic/h9.pcap""}",{},"[{""event"": ""link_down"", ""timestamp"": ""2026-05-19T17:42:53.823809+00:00""}]",,,1,1,,,
2026-05-19T17:42:58.530268+00:00,live,ring5,,astar,0,h3,h8,s2,s4,success,0.027369,2,2,s2 -> s3 -> s4,"[""s2"", ""s3"", ""s4""]",100.0,50.0,90.9712623231062,iperf3,tcp,5,1,14380,6653,"{""cpu_utilization_percent"": {""host_system"": 0.3632081252474139, ""host_total"": 0.3632081252474139, ""host_user"": 0, ""remote_system"": 1.3327109177336578, ""remote_total"": 1.457391254271958, ""remote_user"": 0.12468033653830035}, ""receiver_tcp_congestion"": ""cubic"", ""sender_tcp_congestion"": ""cubic"", ""streams"": [{""receiver"": {""bits_per_second"": 90971262.3231062, ""bytes"": 57659360, ""end"": 5.070556, ""seconds"": 5.000061, ""sender"": true, ""socket"": 5, ""start"": 0}, ""sender"": {""bits_per_second"": 97306665.65867896, ""bytes"": 60817408, ""end"": 5.000061, ""max_rtt"": 71561, ""max_snd_cwnd"": 861560, ""max_snd_wnd"": 2181632, ""mean_rtt"": 63586, ""min_rtt"": 52327, ""retransmits"": 590, ""seconds"": 5.000061, ""sender"": true, ""socket"": 5, ""start"": 0}}], ""sum_received"": {""bits_per_second"": 90971262.3231062, ""bytes"": 57659360, ""end"": 5.070556, ""seconds"": 5.070556, ""sender"": true, ""start"": 0}, ""sum_sent"": {""bits_per_second"": 97306665.65867896, ""bytes"": 60817408, ""end"": 5.000061, ""retransmits"": 590, ""seconds"": 5.000061, ""sender"": true, ""start"": 0}}",5201,link_down_during_traffic,during,2,,link_down,s3-s4,,"{""down_at"": 1.0, ""up_at"": null}",0.0,"{""h1"": ""SPF/csv/pcap/ring5/astar/link_down_during_traffic/h1.pcap"", ""h10"": ""SPF/csv/pcap/ring5/astar/link_down_during_traffic/h10.pcap"", ""h2"": ""SPF/csv/pcap/ring5/astar/link_down_during_traffic/h2.pcap"", ""h3"": ""SPF/csv/pcap/ring5/astar/link_down_during_traffic/h3.pcap"", ""h4"": ""SPF/csv/pcap/ring5/astar/link_down_during_traffic/h4.pcap"", ""h5"": ""SPF/csv/pcap/ring5/astar/link_down_during_traffic/h5.pcap"", ""h6"": ""SPF/csv/pcap/ring5/astar/link_down_during_traffic/h6.pcap"", ""h7"": ""SPF/csv/pcap/ring5/astar/link_down_during_traffic/h7.pcap"", ""h8"": ""SPF/csv/pcap/ring5/astar/link_down_during_traffic/h8.pcap"", ""h9"": ""SPF/csv/pcap/ring5/astar/link_down_during_traffic/h9.pcap""}",{},"[{""event"": ""link_down"", ""timestamp"": ""2026-05-19T17:42:59.752061+00:00""}]",,,1,2,,,
2026-05-19T17:43:04.442712+00:00,live,ring5,,astar,0,h3,h9,s2,s5,success,0.036991,2,2,s2 -> s1 -> s5,"[""s2"", ""s1"", ""s5""]",100.0,50.0,94.0805792128389,iperf3,tcp,5,1,14380,6653,"{""cpu_utilization_percent"": {""host_system"": 0.33378290739039346, ""host_total"": 0.41562419529687783, ""host_user"": 0.0818611571193774, ""remote_system"": 1.1352921037974613, ""remote_total"": 1.3760014653241341, ""remote_user"": 0.2407093615266728}, ""receiver_tcp_congestion"": ""cubic"", ""sender_tcp_congestion"": ""cubic"", ""streams"": [{""receiver"": {""bits_per_second"": 94080579.2128389, ""bytes"": 59838600, ""end"": 5.088285, ""seconds"": 5.000102, ""sender"": true, ""socket"": 5, ""start"": 0}, ""sender"": {""bits_per_second"": 98983555.13547523, ""bytes"": 61865984, ""end"": 5.000102, ""max_rtt"": 87325, ""max_snd_cwnd"": 1046904, ""max_snd_wnd"": 3629440, ""mean_rtt"": 87259, ""min_rtt"": 87214, ""retransmits"": 270, ""seconds"": 5.000102, ""sender"": true, ""socket"": 5, ""start"": 0}}], ""sum_received"": {""bits_per_second"": 94080579.2128389, ""bytes"": 59838600, ""end"": 5.088285, ""seconds"": 5.088285, ""sender"": true, ""start"": 0}, ""sum_sent"": {""bits_per_second"": 98983555.13547523, ""bytes"": 61865984, ""end"": 5.000102, ""retransmits"": 270, ""seconds"": 5.000102, ""sender"": true, ""start"": 0}}",5201,link_down_during_traffic,during,2,,link_down,s3-s4,,"{""down_at"": 1.0, ""up_at"": null}",0.0,"{""h1"": ""SPF/csv/pcap/ring5/astar/link_down_during_traffic/h1.pcap"", ""h10"": ""SPF/csv/pcap/ring5/astar/link_down_during_traffic/h10.pcap"", ""h2"": ""SPF/csv/pcap/ring5/astar/link_down_during_traffic/h2.pcap"", ""h3"": ""SPF/csv/pcap/ring5/astar/link_down_during_traffic/h3.pcap"", ""h4"": ""SPF/csv/pcap/ring5/astar/link_down_during_traffic/h4.pcap"", ""h5"": ""SPF/csv/pcap/ring5/astar/link_down_during_traffic/h5.pcap"", ""h6"": ""SPF/csv/pcap/ring5/astar/link_down_during_traffic/h6.pcap"", ""h7"": ""SPF/csv/pcap/ring5/astar/link_down_during_traffic/h7.pcap"", ""h8"": ""SPF/csv/pcap/ring5/astar/link_down_during_traffic/h8.pcap"", ""h9"": ""SPF/csv/pcap/ring5/astar/link_down_during_traffic/h9.pcap""}",{},"[{""event"": ""link_down"", ""timestamp"": ""2026-05-19T17:43:05.658783+00:00""}]",,,1,1,,,
2026-05-19T17:43:11.476994+00:00,live,ring5,,astar,0,h4,h1,s2,s1,success,0.021935,1,1,s2 -> s1,"[""s2"", ""s1""]",100.0,100.0,95.5105767376069,iperf3,tcp,5,1,14380,6653,"{""cpu_utilization_percent"": {""host_system"": 0.36887144689710566, ""host_total"": 0.467027448041529, ""host_user"": 0.09845465023512644, ""remote_system"": 1.3779841716767238, ""remote_total"": 1.4772986910001908, ""remote_user"": 0.0992953835779328}, ""receiver_tcp_congestion"": ""cubic"", ""sender_tcp_congestion"": ""cubic"", ""streams"": [{""receiver"": {""bits_per_second"": 95510576.7376069, ""bytes"": 62389992, ""end"": 5.225808, ""seconds"": 5.000126, ""sender"": true, ""socket"": 5, ""start"": 0}, ""sender"": {""bits_per_second"": 99821919.68762387, ""bytes"": 62390272, ""end"": 5.000126, ""max_rtt"": 313765, ""max_snd_cwnd"": 4129696, ""max_snd_wnd"": 5577472, ""mean_rtt"": 233953, ""min_rtt"": 142715, ""retransmits"": 0, ""seconds"": 5.000126, ""sender"": true, ""socket"": 5, ""start"": 0}}], ""sum_received"": {""bits_per_second"": 95510576.7376069, ""bytes"": 62389992, ""end"": 5.225808, ""seconds"": 5.225808, ""sender"": true, ""start"": 0}, ""sum_sent"": {""bits_per_second"": 99821919.68762387, ""bytes"": 62390272, ""end"": 5.000126, ""retransmits"": 0, ""seconds"": 5.000126, ""sender"": true, ""start"": 0}}",5201,link_down_during_traffic,during,2,,link_down,s3-s4,,"{""down_at"": 1.0, ""up_at"": null}",0.0,"{""h1"": ""SPF/csv/pcap/ring5/astar/link_down_during_traffic/h1.pcap"", ""h10"": ""SPF/csv/pcap/ring5/astar/link_down_during_traffic/h10.pcap"", ""h2"": ""SPF/csv/pcap/ring5/astar/link_down_during_traffic/h2.pcap"", ""h3"": ""SPF/csv/pcap/ring5/astar/link_down_during_traffic/h3.pcap"", ""h4"": ""SPF/csv/pcap/ring5/astar/link_down_during_traffic/h4.pcap"", ""h5"": ""SPF/csv/pcap/ring5/astar/link_down_during_traffic/h5.pcap"", ""h6"": ""SPF/csv/pcap/ring5/astar/link_down_during_traffic/h6.pcap"", ""h7"": ""SPF/csv/pcap/ring5/astar/link_down_during_traffic/h7.pcap"", ""h8"": ""SPF/csv/pcap/ring5/astar/link_down_during_traffic/h8.pcap"", ""h9"": ""SPF/csv/pcap/ring5/astar/link_down_during_traffic/h9.pcap""}",{},"[{""event"": ""link_down"", ""timestamp"": ""2026-05-19T17:43:14.620874+00:00""}]",,,2,1,,,
2026-05-19T17:43:19.380324+00:00,live,ring5,,astar,0,h4,h10,s2,s5,success,0.019699,2,2,s2 -> s1 -> s5,"[""s2"", ""s1"", ""s5""]",100.0,50.0,94.09494833335037,iperf3,tcp,5,1,14380,6653,"{""cpu_utilization_percent"": {""host_system"": 0.3082341181392691, ""host_total"": 0.4341647228702647, ""host_user"": 0.12593060473099557, ""remote_system"": 1.3761629355520688, ""remote_total"": 1.4368083371302258, ""remote_user"": 0.06062573705105639}, ""receiver_tcp_congestion"": ""cubic"", ""sender_tcp_congestion"": ""cubic"", ""streams"": [{""receiver"": {""bits_per_second"": 94094948.33335038, ""bytes"": 59812536, ""end"": 5.085292, ""seconds"": 5.000093, ""sender"": true, ""socket"": 5, ""start"": 0}, ""sender"": {""bits_per_second"": 98983733.3025606, ""bytes"": 61865984, ""end"": 5.000093, ""max_rtt"": 85019, ""max_snd_cwnd"": 1028080, ""max_snd_wnd"": 4601088, ""mean_rtt"": 83291, ""min_rtt"": 81784, ""retransmits"": 304, ""seconds"": 5.000093, ""sender"": true, ""socket"": 5, ""start"": 0}}], ""sum_received"": {""bits_per_second"": 94094948.33335038, ""bytes"": 59812536, ""end"": 5.085292, ""seconds"": 5.085292, ""sender"": true, ""start"": 0}, ""sum_sent"": {""bits_per_second"": 98983733.3025606, ""bytes"": 61865984, ""end"": 5.000093, ""retransmits"": 304, ""seconds"": 5.000093, ""sender"": true, ""start"": 0}}",5201,link_down_during_traffic,during,2,,link_down,s3-s4,,"{""down_at"": 1.0, ""up_at"": null}",0.0,"{""h1"": ""SPF/csv/pcap/ring5/astar/link_down_during_traffic/h1.pcap"", ""h10"": ""SPF/csv/pcap/ring5/astar/link_down_during_traffic/h10.pcap"", ""h2"": ""SPF/csv/pcap/ring5/astar/link_down_during_traffic/h2.pcap"", ""h3"": ""SPF/csv/pcap/ring5/astar/link_down_during_traffic/h3.pcap"", ""h4"": ""SPF/csv/pcap/ring5/astar/link_down_during_traffic/h4.pcap"", ""h5"": ""SPF/csv/pcap/ring5/astar/link_down_during_traffic/h5.pcap"", ""h6"": ""SPF/csv/pcap/ring5/astar/link_down_during_traffic/h6.pcap"", ""h7"": ""SPF/csv/pcap/ring5/astar/link_down_during_traffic/h7.pcap"", ""h8"": ""SPF/csv/pcap/ring5/astar/link_down_during_traffic/h8.pcap"", ""h9"": ""SPF/csv/pcap/ring5/astar/link_down_during_traffic/h9.pcap""}",{},"[{""event"": ""link_down"", ""timestamp"": ""2026-05-19T17:43:20.596683+00:00""}]",,,2,2,,,
2026-05-19T17:43:25.314685+00:00,live,ring5,,astar,0,h4,h2,s2,s1,success,0.016172,1,1,s2 -> s1,"[""s2"", ""s1""]",100.0,100.0,95.41716386184846,iperf3,tcp,5,1,14380,6653,"{""cpu_utilization_percent"": {""host_system"": 0.1689255517686555, ""host_total"": 0.2638029118180715, ""host_user"": 0.09487736004941597, ""remote_system"": 1.19196037337475, ""remote_total"": 1.3473902439785057, ""remote_user"": 0.15541037852066006}, ""receiver_tcp_congestion"": ""cubic"", ""sender_tcp_congestion"": ""cubic"", ""streams"": [{""receiver"": {""bits_per_second"": 95417163.86184846, ""bytes"": 61189584, ""end"": 5.130279, ""seconds"": 5.000179, ""sender"": true, ""socket"": 5, ""start"": 0}, ""sender"": {""bits_per_second"": 100030569.30561885, ""bytes"": 62521344, ""end"": 5.000179, ""max_rtt"": 128633, ""max_snd_cwnd"": 1552256, ""max_snd_wnd"": 5179904, ""mean_rtt"": 126873, ""min_rtt"": 125611, ""retransmits"": 45, ""seconds"": 5.000179, ""sender"": true, ""socket"": 5, ""start"": 0}}], ""sum_received"": {""bits_per_second"": 95417163.86184846, ""bytes"": 61189584, ""end"": 5.130279, ""seconds"": 5.130279, ""sender"": true, ""start"": 0}, ""sum_sent"": {""bits_per_second"": 100030569.30561885, ""bytes"": 62521344, ""end"": 5.000179, ""retransmits"": 45, ""seconds"": 5.000179, ""sender"": true, ""start"": 0}}",5201,link_down_during_traffic,during,2,,link_down,s3-s4,,"{""down_at"": 1.0, ""up_at"": null}",0.0,"{""h1"": ""SPF/csv/pcap/ring5/astar/link_down_during_traffic/h1.pcap"", ""h10"": ""SPF/csv/pcap/ring5/astar/link_down_during_traffic/h10.pcap"", ""h2"": ""SPF/csv/pcap/ring5/astar/link_down_during_traffic/h2.pcap"", ""h3"": ""SPF/csv/pcap/ring5/astar/link_down_during_traffic/h3.pcap"", ""h4"": ""SPF/csv/pcap/ring5/astar/link_down_during_traffic/h4.pcap"", ""h5"": ""SPF/csv/pcap/ring5/astar/link_down_during_traffic/h5.pcap"", ""h6"": ""SPF/csv/pcap/ring5/astar/link_down_during_traffic/h6.pcap"", ""h7"": ""SPF/csv/pcap/ring5/astar/link_down_during_traffic/h7.pcap"", ""h8"": ""SPF/csv/pcap/ring5/astar/link_down_during_traffic/h8.pcap"", ""h9"": ""SPF/csv/pcap/ring5/astar/link_down_during_traffic/h9.pcap""}",{},"[{""event"": ""link_down"", ""timestamp"": ""2026-05-19T17:43:26.525392+00:00""}]",,,2,2,,,
2026-05-19T17:43:31.291513+00:00,live,ring5,,astar,0,h4,h5,s2,s3,success,0.019866,1,1,s2 -> s3,"[""s2"", ""s3""]",100.0,100.0,94.85985911116161,iperf3,tcp,5,1,14380,6653,"{""cpu_utilization_percent"": {""host_system"": 0.3177332729454888, ""host_total"": 0.35880178725712913, ""host_user"": 0.041088431146903, ""remote_system"": 1.0795854276619121, ""remote_total"": 1.437797686251963, ""remote_user"": 0.3582122585900511}, ""receiver_tcp_congestion"": ""cubic"", ""sender_tcp_congestion"": ""cubic"", ""streams"": [{""receiver"": {""bits_per_second"": 94859859.1111616, ""bytes"": 60860888, ""end"": 5.132699, ""seconds"": 5.000048, ""sender"": true, ""socket"": 5, ""start"": 0}, ""sender"": {""bits_per_second"": 100242903.26812863, ""bytes"": 62652416, ""end"": 5.000048, ""max_rtt"": 131894, ""max_snd_cwnd"": 1582664, ""max_snd_wnd"": 5576704, ""mean_rtt"": 129746, ""min_rtt"": 128321, ""retransmits"": 290, ""seconds"": 5.000048, ""sender"": true, ""socket"": 5, ""start"": 0}}], ""sum_received"": {""bits_per_second"": 94859859.1111616, ""bytes"": 60860888, ""end"": 5.132699, ""seconds"": 5.132699, ""sender"": true, ""start"": 0}, ""sum_sent"": {""bits_per_second"": 100242903.26812863, ""bytes"": 62652416, ""end"": 5.000048, ""retransmits"": 290, ""seconds"": 5.000048, ""sender"": true, ""start"": 0}}",5201,link_down_during_traffic,during,2,,link_down,s3-s4,,"{""down_at"": 1.0, ""up_at"": null}",0.0,"{""h1"": ""SPF/csv/pcap/ring5/astar/link_down_during_traffic/h1.pcap"", ""h10"": ""SPF/csv/pcap/ring5/astar/link_down_during_traffic/h10.pcap"", ""h2"": ""SPF/csv/pcap/ring5/astar/link_down_during_traffic/h2.pcap"", ""h3"": ""SPF/csv/pcap/ring5/astar/link_down_during_traffic/h3.pcap"", ""h4"": ""SPF/csv/pcap/ring5/astar/link_down_during_traffic/h4.pcap"", ""h5"": ""SPF/csv/pcap/ring5/astar/link_down_during_traffic/h5.pcap"", ""h6"": ""SPF/csv/pcap/ring5/astar/link_down_during_traffic/h6.pcap"", ""h7"": ""SPF/csv/pcap/ring5/astar/link_down_during_traffic/h7.pcap"", ""h8"": ""SPF/csv/pcap/ring5/astar/link_down_during_traffic/h8.pcap"", ""h9"": ""SPF/csv/pcap/ring5/astar/link_down_during_traffic/h9.pcap""}",{},"[{""event"": ""link_down"", ""timestamp"": ""2026-05-19T17:43:32.501837+00:00""}]",,,2,1,,,
2026-05-19T17:43:37.301813+00:00,live,ring5,,astar,0,h4,h6,s2,s3,success,0.025728,1,1,s2 -> s3,"[""s2"", ""s3""]",100.0,100.0,95.07030383398573,iperf3,tcp,5,1,14380,6653,"{""cpu_utilization_percent"": {""host_system"": 0.32970767101655846, ""host_total"": 0.3297275893196465, ""host_user"": 0, ""remote_system"": 0.9768551476653823, ""remote_total"": 1.2110468634596563, ""remote_user"": 0.23417209353069668}, ""receiver_tcp_congestion"": ""cubic"", ""sender_tcp_congestion"": ""cubic"", ""streams"": [{""receiver"": {""bits_per_second"": 95070303.83398573, ""bytes"": 60562600, ""end"": 5.096237, ""seconds"": 5.000079, ""sender"": true, ""socket"": 5, ""start"": 0}, ""sender"": {""bits_per_second"": 100032569.88539581, ""bytes"": 62521344, ""end"": 5.000079, ""max_rtt"": 92634, ""max_snd_cwnd"": 1114960, ""max_snd_wnd"": 3017472, ""mean_rtt"": 90621, ""min_rtt"": 89105, ""retransmits"": 173, ""seconds"": 5.000079, ""sender"": true, ""socket"": 5, ""start"": 0}}], ""sum_received"": {""bits_per_second"": 95070303.83398573, ""bytes"": 60562600, ""end"": 5.096237, ""seconds"": 5.096237, ""sender"": true, ""start"": 0}, ""sum_sent"": {""bits_per_second"": 100032569.88539581, ""bytes"": 62521344, ""end"": 5.000079, ""retransmits"": 173, ""seconds"": 5.000079, ""sender"": true, ""start"": 0}}",5201,link_down_during_traffic,during,2,,link_down,s3-s4,,"{""down_at"": 1.0, ""up_at"": null}",0.0,"{""h1"": ""SPF/csv/pcap/ring5/astar/link_down_during_traffic/h1.pcap"", ""h10"": ""SPF/csv/pcap/ring5/astar/link_down_during_traffic/h10.pcap"", ""h2"": ""SPF/csv/pcap/ring5/astar/link_down_during_traffic/h2.pcap"", ""h3"": ""SPF/csv/pcap/ring5/astar/link_down_during_traffic/h3.pcap"", ""h4"": ""SPF/csv/pcap/ring5/astar/link_down_during_traffic/h4.pcap"", ""h5"": ""SPF/csv/pcap/ring5/astar/link_down_during_traffic/h5.pcap"", ""h6"": ""SPF/csv/pcap/ring5/astar/link_down_during_traffic/h6.pcap"", ""h7"": ""SPF/csv/pcap/ring5/astar/link_down_during_traffic/h7.pcap"", ""h8"": ""SPF/csv/pcap/ring5/astar/link_down_during_traffic/h8.pcap"", ""h9"": ""SPF/csv/pcap/ring5/astar/link_down_during_traffic/h9.pcap""}",{},"[{""event"": ""link_down"", ""timestamp"": ""2026-05-19T17:43:38.515175+00:00""}]",,,2,2,,,
2026-05-19T17:43:43.225421+00:00,live,ring5,,astar,0,h4,h7,s2,s4,success,0.014301,2,2,s2 -> s3 -> s4,"[""s2"", ""s3"", ""s4""]",100.0,50.0,92.00613495470665,iperf3,tcp,5,1,14380,6653,"{""cpu_utilization_percent"": {""host_system"": 0.11937752805461323, ""host_total"": 0.33198397781898764, ""host_user"": 0.2125865800027142, ""remote_system"": 0.554659132743693, ""remote_total"": 0.9564211430112314, ""remote_user"": 0.401781867036691}, ""receiver_tcp_congestion"": ""cubic"", ""sender_tcp_congestion"": ""cubic"", ""streams"": [{""receiver"": {""bits_per_second"": 92006134.95470665, ""bytes"": 57918552, ""end"": 5.03606, ""seconds"": 5.000072, ""sender"": true, ""socket"": 5, ""start"": 0}, ""sender"": {""bits_per_second"": 95879387.33682235, ""bytes"": 59925480, ""end"": 5.000072, ""max_rtt"": 37075, ""max_snd_cwnd"": 450328, ""max_snd_wnd"": 1605632, ""mean_rtt"": 33382, ""min_rtt"": 27247, ""retransmits"": 295, ""seconds"": 5.000072, ""sender"": true, ""socket"": 5, ""start"": 0}}], ""sum_received"": {""bits_per_second"": 92006134.95470665, ""bytes"": 57918552, ""end"": 5.03606, ""seconds"": 5.03606, ""sender"": true, ""start"": 0}, ""sum_sent"": {""bits_per_second"": 95879387.33682235, ""bytes"": 59925480, ""end"": 5.000072, ""retransmits"": 295, ""seconds"": 5.000072, ""sender"": true, ""start"": 0}}",5201,link_down_during_traffic,during,2,,link_down,s3-s4,,"{""down_at"": 1.0, ""up_at"": null}",0.0,"{""h1"": ""SPF/csv/pcap/ring5/astar/link_down_during_traffic/h1.pcap"", ""h10"": ""SPF/csv/pcap/ring5/astar/link_down_during_traffic/h10.pcap"", ""h2"": ""SPF/csv/pcap/ring5/astar/link_down_during_traffic/h2.pcap"", ""h3"": ""SPF/csv/pcap/ring5/astar/link_down_during_traffic/h3.pcap"", ""h4"": ""SPF/csv/pcap/ring5/astar/link_down_during_traffic/h4.pcap"", ""h5"": ""SPF/csv/pcap/ring5/astar/link_down_during_traffic/h5.pcap"", ""h6"": ""SPF/csv/pcap/ring5/astar/link_down_during_traffic/h6.pcap"", ""h7"": ""SPF/csv/pcap/ring5/astar/link_down_during_traffic/h7.pcap"", ""h8"": ""SPF/csv/pcap/ring5/astar/link_down_during_traffic/h8.pcap"", ""h9"": ""SPF/csv/pcap/ring5/astar/link_down_during_traffic/h9.pcap""}",{},"[{""event"": ""link_down"", ""timestamp"": ""2026-05-19T17:43:47.475422+00:00""}]",,,2,1,,,
2026-05-19T17:43:52.093643+00:00,live,ring5,,astar,0,h4,h8,s2,s4,success,0.020647,2,2,s2 -> s3 -> s4,"[""s2"", ""s3"", ""s4""]",100.0,50.0,90.7773643512198,iperf3,tcp,5,1,14380,6653,"{""cpu_utilization_percent"": {""host_system"": 0.237814561865067, ""host_total"": 0.33330598005568546, ""host_user"": 0.09547154898167323, ""remote_system"": 0.6175059987450233, ""remote_total"": 0.8546796511661103, ""remote_user"": 0.23715396342453868}, ""receiver_tcp_congestion"": ""cubic"", ""sender_tcp_congestion"": ""cubic"", ""streams"": [{""receiver"": {""bits_per_second"": 90777364.3512198, ""bytes"": 57631848, ""end"": 5.078962, ""seconds"": 5.000062, ""sender"": true, ""socket"": 5, ""start"": 0}, ""sender"": {""bits_per_second"": 96887220.9984596, ""bytes"": 60555264, ""end"": 5.000062, ""max_rtt"": 80428, ""max_snd_cwnd"": 965816, ""max_snd_wnd"": 3121536, ""mean_rtt"": 71239, ""min_rtt"": 58850, ""retransmits"": 669, ""seconds"": 5.000062, ""sender"": true, ""socket"": 5, ""start"": 0}}], ""sum_received"": {""bits_per_second"": 90777364.3512198, ""bytes"": 57631848, ""end"": 5.078962, ""seconds"": 5.078962, ""sender"": true, ""start"": 0}, ""sum_sent"": {""bits_per_second"": 96887220.9984596, ""bytes"": 60555264, ""end"": 5.000062, ""retransmits"": 669, ""seconds"": 5.000062, ""sender"": true, ""start"": 0}}",5201,link_down_during_traffic,during,2,,link_down,s3-s4,,"{""down_at"": 1.0, ""up_at"": null}",0.0,"{""h1"": ""SPF/csv/pcap/ring5/astar/link_down_during_traffic/h1.pcap"", ""h10"": ""SPF/csv/pcap/ring5/astar/link_down_during_traffic/h10.pcap"", ""h2"": ""SPF/csv/pcap/ring5/astar/link_down_during_traffic/h2.pcap"", ""h3"": ""SPF/csv/pcap/ring5/astar/link_down_during_traffic/h3.pcap"", ""h4"": ""SPF/csv/pcap/ring5/astar/link_down_during_traffic/h4.pcap"", ""h5"": ""SPF/csv/pcap/ring5/astar/link_down_during_traffic/h5.pcap"", ""h6"": ""SPF/csv/pcap/ring5/astar/link_down_during_traffic/h6.pcap"", ""h7"": ""SPF/csv/pcap/ring5/astar/link_down_during_traffic/h7.pcap"", ""h8"": ""SPF/csv/pcap/ring5/astar/link_down_during_traffic/h8.pcap"", ""h9"": ""SPF/csv/pcap/ring5/astar/link_down_during_traffic/h9.pcap""}",{},"[{""event"": ""link_down"", ""timestamp"": ""2026-05-19T17:43:53.309989+00:00""}]",,,2,2,,,
2026-05-19T17:43:58.018193+00:00,live,ring5,,astar,0,h4,h9,s2,s5,success,0.018372,2,2,s2 -> s1 -> s5,"[""s2"", ""s1"", ""s5""]",100.0,50.0,94.25611434821143,iperf3,tcp,5,1,14380,6653,"{""cpu_utilization_percent"": {""host_system"": 0.3070165685304344, ""host_total"": 0.41868061699549053, ""host_user"": 0.11166404846505613, ""remote_system"": 0.854176884896296, ""remote_total"": 0.984485707377141, ""remote_user"": 0.13028917990887026}, ""receiver_tcp_congestion"": ""cubic"", ""sender_tcp_congestion"": ""cubic"", ""streams"": [{""receiver"": {""bits_per_second"": 94256114.34821142, ""bytes"": 59981952, ""end"": 5.090976, ""seconds"": 5.000094, ""sender"": true, ""socket"": 5, ""start"": 0}, ""sender"": {""bits_per_second"": 98983713.5061861, ""bytes"": 61865984, ""end"": 5.000094, ""max_rtt"": 90499, ""max_snd_cwnd"": 1091792, ""max_snd_wnd"": 3123584, ""mean_rtt"": 88518, ""min_rtt"": 87196, ""retransmits"": 274, ""seconds"": 5.000094, ""sender"": true, ""socket"": 5, ""start"": 0}}], ""sum_received"": {""bits_per_second"": 94256114.34821142, ""bytes"": 59981952, ""end"": 5.090976, ""seconds"": 5.090976, ""sender"": true, ""start"": 0}, ""sum_sent"": {""bits_per_second"": 98983713.5061861, ""bytes"": 61865984, ""end"": 5.000094, ""retransmits"": 274, ""seconds"": 5.000094, ""sender"": true, ""start"": 0}}",5201,link_down_during_traffic,during,2,,link_down,s3-s4,,"{""down_at"": 1.0, ""up_at"": null}",0.0,"{""h1"": ""SPF/csv/pcap/ring5/astar/link_down_during_traffic/h1.pcap"", ""h10"": ""SPF/csv/pcap/ring5/astar/link_down_during_traffic/h10.pcap"", ""h2"": ""SPF/csv/pcap/ring5/astar/link_down_during_traffic/h2.pcap"", ""h3"": ""SPF/csv/pcap/ring5/astar/link_down_during_traffic/h3.pcap"", ""h4"": ""SPF/csv/pcap/ring5/astar/link_down_during_traffic/h4.pcap"", ""h5"": ""SPF/csv/pcap/ring5/astar/link_down_during_traffic/h5.pcap"", ""h6"": ""SPF/csv/pcap/ring5/astar/link_down_during_traffic/h6.pcap"", ""h7"": ""SPF/csv/pcap/ring5/astar/link_down_during_traffic/h7.pcap"", ""h8"": ""SPF/csv/pcap/ring5/astar/link_down_during_traffic/h8.pcap"", ""h9"": ""SPF/csv/pcap/ring5/astar/link_down_during_traffic/h9.pcap""}",{},"[{""event"": ""link_down"", ""timestamp"": ""2026-05-19T17:43:59.231825+00:00""}]",,,2,1,,,
2026-05-19T17:44:03.962166+00:00,live,ring5,,astar,0,h5,h1,s3,s1,success,0.01859,2,2,s3 -> s2 -> s1,"[""s3"", ""s2"", ""s1""]",100.0,50.0,95.2375679051731,iperf3,tcp,5,1,14380,6653,"{""cpu_utilization_percent"": {""host_system"": 0.311074663081875, ""host_total"": 0.4173277284560045, ""host_user"": 0.10625306537412954, ""remote_system"": 0.6768789888252124, ""remote_total"": 0.8413266081976583, ""remote_user"": 0.16444761937244587}, ""receiver_tcp_congestion"": ""cubic"", ""sender_tcp_congestion"": ""cubic"", ""streams"": [{""receiver"": {""bits_per_second"": 95237567.9051731, ""bytes"": 63176424, ""end"": 5.306849, ""seconds"": 5.000037, ""sender"": true, ""socket"": 5, ""start"": 0}, ""sender"": {""bits_per_second"": 101081978.3933599, ""bytes"": 63176704, ""end"": 5.000037, ""max_rtt"": 240579, ""max_snd_cwnd"": 3754664, ""max_snd_wnd"": 4791296, ""mean_rtt"": 187734, ""min_rtt"": 107785, ""retransmits"": 0, ""seconds"": 5.000037, ""sender"": true, ""socket"": 5, ""start"": 0}}], ""sum_received"": {""bits_per_second"": 95237567.9051731, ""bytes"": 63176424, ""end"": 5.306849, ""seconds"": 5.306849, ""sender"": true, ""start"": 0}, ""sum_sent"": {""bits_per_second"": 101081978.3933599, ""bytes"": 63176704, ""end"": 5.000037, ""retransmits"": 0, ""seconds"": 5.000037, ""sender"": true, ""start"": 0}}",5201,link_down_during_traffic,during,2,,link_down,s3-s4,,"{""down_at"": 1.0, ""up_at"": null}",0.0,"{""h1"": ""SPF/csv/pcap/ring5/astar/link_down_during_traffic/h1.pcap"", ""h10"": ""SPF/csv/pcap/ring5/astar/link_down_during_traffic/h10.pcap"", ""h2"": ""SPF/csv/pcap/ring5/astar/link_down_during_traffic/h2.pcap"", ""h3"": ""SPF/csv/pcap/ring5/astar/link_down_during_traffic/h3.pcap"", ""h4"": ""SPF/csv/pcap/ring5/astar/link_down_during_traffic/h4.pcap"", ""h5"": ""SPF/csv/pcap/ring5/astar/link_down_during_traffic/h5.pcap"", ""h6"": ""SPF/csv/pcap/ring5/astar/link_down_during_traffic/h6.pcap"", ""h7"": ""SPF/csv/pcap/ring5/astar/link_down_during_traffic/h7.pcap"", ""h8"": ""SPF/csv/pcap/ring5/astar/link_down_during_traffic/h8.pcap"", ""h9"": ""SPF/csv/pcap/ring5/astar/link_down_during_traffic/h9.pcap""}",{},"[{""event"": ""link_down"", ""timestamp"": ""2026-05-19T17:44:05.175060+00:00""}]",,,1,1,,,
2026-05-19T17:44:10.036847+00:00,live,ring5,,astar,0,h5,h10,s3,s5,success,0.020313,2,2,s3 -> s4 -> s5,"[""s3"", ""s4"", ""s5""]",100.0,50.0,91.38000722499565,iperf3,tcp,5,1,14380,6653,"{""cpu_utilization_percent"": {""host_system"": 0.17662153932357666, ""host_total"": 0.3288232483143064, ""host_user"": 0.1522017089907298, ""remote_system"": 0.652766969708, ""remote_total"": 0.8553104706175176, ""remote_user"": 0.20252382503027624}, ""receiver_tcp_congestion"": ""cubic"", ""sender_tcp_congestion"": ""cubic"", ""streams"": [{""receiver"": {""bits_per_second"": 91380007.22499566, ""bytes"": 58053216, ""end"": 5.082356, ""seconds"": 5.000025, ""sender"": true, ""socket"": 5, ""start"": 0}, ""sender"": {""bits_per_second"": 96887937.9603102, ""bytes"": 60555264, ""end"": 5.000025, ""max_rtt"": 83959, ""max_snd_cwnd"": 1006360, ""max_snd_wnd"": 3394432, ""mean_rtt"": 74558, ""min_rtt"": 62113, ""retransmits"": 666, ""seconds"": 5.000025, ""sender"": true, ""socket"": 5, ""start"": 0}}], ""sum_received"": {""bits_per_second"": 91380007.22499566, ""bytes"": 58053216, ""end"": 5.082356, ""seconds"": 5.082356, ""sender"": true, ""start"": 0}, ""sum_sent"": {""bits_per_second"": 96887937.9603102, ""bytes"": 60555264, ""end"": 5.000025, ""retransmits"": 666, ""seconds"": 5.000025, ""sender"": true, ""start"": 0}}",5201,link_down_during_traffic,during,2,,link_down,s3-s4,,"{""down_at"": 1.0, ""up_at"": null}",0.0,"{""h1"": ""SPF/csv/pcap/ring5/astar/link_down_during_traffic/h1.pcap"", ""h10"": ""SPF/csv/pcap/ring5/astar/link_down_during_traffic/h10.pcap"", ""h2"": ""SPF/csv/pcap/ring5/astar/link_down_during_traffic/h2.pcap"", ""h3"": ""SPF/csv/pcap/ring5/astar/link_down_during_traffic/h3.pcap"", ""h4"": ""SPF/csv/pcap/ring5/astar/link_down_during_traffic/h4.pcap"", ""h5"": ""SPF/csv/pcap/ring5/astar/link_down_during_traffic/h5.pcap"", ""h6"": ""SPF/csv/pcap/ring5/astar/link_down_during_traffic/h6.pcap"", ""h7"": ""SPF/csv/pcap/ring5/astar/link_down_during_traffic/h7.pcap"", ""h8"": ""SPF/csv/pcap/ring5/astar/link_down_during_traffic/h8.pcap"", ""h9"": ""SPF/csv/pcap/ring5/astar/link_down_during_traffic/h9.pcap""}",{},"[{""event"": ""link_down"", ""timestamp"": ""2026-05-19T17:44:11.252996+00:00""}]",,,1,2,,,
2026-05-19T17:44:15.966052+00:00,live,ring5,,astar,0,h5,h2,s3,s1,success,0.014994,2,2,s3 -> s2 -> s1,"[""s3"", ""s2"", ""s1""]",100.0,50.0,95.02735623561195,iperf3,tcp,5,1,14380,6653,"{""cpu_utilization_percent"": {""host_system"": 0.23171693589409745, ""host_total"": 0.3598107572194047, ""host_user"": 0.1281136839119603, ""remote_system"": 0.751079802671818, ""remote_total"": 0.9451569659571888, ""remote_user"": 0.194057483994833}, ""receiver_tcp_congestion"": ""cubic"", ""sender_tcp_congestion"": ""cubic"", ""streams"": [{""receiver"": {""bits_per_second"": 95027356.23561195, ""bytes"": 60359880, ""end"": 5.081474, ""seconds"": 5.000038, ""sender"": true, ""socket"": 5, ""start"": 0}, ""sender"": {""bits_per_second"": 101291671.78329445, ""bytes"": 63307776, ""end"": 5.000038, ""max_rtt"": 80693, ""max_snd_cwnd"": 970160, ""max_snd_wnd"": 4457856, ""mean_rtt"": 78598, ""min_rtt"": 76832, ""retransmits"": 55, ""seconds"": 5.000038, ""sender"": true, ""socket"": 5, ""start"": 0}}], ""sum_received"": {""bits_per_second"": 95027356.23561195, ""bytes"": 60359880, ""end"": 5.081474, ""seconds"": 5.081474, ""sender"": true, ""start"": 0}, ""sum_sent"": {""bits_per_second"": 101291671.78329445, ""bytes"": 63307776, ""end"": 5.000038, ""retransmits"": 55, ""seconds"": 5.000038, ""sender"": true, ""start"": 0}}",5201,link_down_during_traffic,during,2,,link_down,s3-s4,,"{""down_at"": 1.0, ""up_at"": null}",0.0,"{""h1"": ""SPF/csv/pcap/ring5/astar/link_down_during_traffic/h1.pcap"", ""h10"": ""SPF/csv/pcap/ring5/astar/link_down_during_traffic/h10.pcap"", ""h2"": ""SPF/csv/pcap/ring5/astar/link_down_during_traffic/h2.pcap"", ""h3"": ""SPF/csv/pcap/ring5/astar/link_down_during_traffic/h3.pcap"", ""h4"": ""SPF/csv/pcap/ring5/astar/link_down_during_traffic/h4.pcap"", ""h5"": ""SPF/csv/pcap/ring5/astar/link_down_during_traffic/h5.pcap"", ""h6"": ""SPF/csv/pcap/ring5/astar/link_down_during_traffic/h6.pcap"", ""h7"": ""SPF/csv/pcap/ring5/astar/link_down_during_traffic/h7.pcap"", ""h8"": ""SPF/csv/pcap/ring5/astar/link_down_during_traffic/h8.pcap"", ""h9"": ""SPF/csv/pcap/ring5/astar/link_down_during_traffic/h9.pcap""}",{},"[{""event"": ""link_down"", ""timestamp"": ""2026-05-19T17:44:20.233057+00:00""}]",,,1,2,,,
2026-05-19T17:44:24.945963+00:00,live,ring5,,astar,0,h5,h3,s3,s2,success,0.014051,1,1,s3 -> s2,"[""s3"", ""s2""]",100.0,100.0,95.3379028160111,iperf3,tcp,5,1,14380,6653,"{""cpu_utilization_percent"": {""host_system"": 0.2520624971469794, ""host_total"": 0.2520624971469794, ""host_user"": 0, ""remote_system"": 0.6948382027688663, ""remote_total"": 1.066816778331059, ""remote_user"": 0.37232942519330353}, ""receiver_tcp_congestion"": ""cubic"", ""sender_tcp_congestion"": ""cubic"", ""streams"": [{""receiver"": {""bits_per_second"": 95337902.8160111, ""bytes"": 61140352, ""end"": 5.130413, ""seconds"": 5.000047, ""sender"": true, ""socket"": 5, ""start"": 0}, ""sender"": {""bits_per_second"": 99823496.8591295, ""bytes"": 62390272, ""end"": 5.000047, ""max_rtt"": 128678, ""max_snd_cwnd"": 1549360, ""max_snd_wnd"": 5165312, ""mean_rtt"": 126660, ""min_rtt"": 125357, ""retransmits"": 80, ""seconds"": 5.000047, ""sender"": true, ""socket"": 5, ""start"": 0}}], ""sum_received"": {""bits_per_second"": 95337902.8160111, ""bytes"": 61140352, ""end"": 5.130413, ""seconds"": 5.130413, ""sender"": true, ""start"": 0}, ""sum_sent"": {""bits_per_second"": 99823496.8591295, ""bytes"": 62390272, ""end"": 5.000047, ""retransmits"": 80, ""seconds"": 5.000047, ""sender"": true, ""start"": 0}}",5201,link_down_during_traffic,during,2,,link_down,s3-s4,,"{""down_at"": 1.0, ""up_at"": null}",0.0,"{""h1"": ""SPF/csv/pcap/ring5/astar/link_down_during_traffic/h1.pcap"", ""h10"": ""SPF/csv/pcap/ring5/astar/link_down_during_traffic/h10.pcap"", ""h2"": ""SPF/csv/pcap/ring5/astar/link_down_during_traffic/h2.pcap"", ""h3"": ""SPF/csv/pcap/ring5/astar/link_down_during_traffic/h3.pcap"", ""h4"": ""SPF/csv/pcap/ring5/astar/link_down_during_traffic/h4.pcap"", ""h5"": ""SPF/csv/pcap/ring5/astar/link_down_during_traffic/h5.pcap"", ""h6"": ""SPF/csv/pcap/ring5/astar/link_down_during_traffic/h6.pcap"", ""h7"": ""SPF/csv/pcap/ring5/astar/link_down_during_traffic/h7.pcap"", ""h8"": ""SPF/csv/pcap/ring5/astar/link_down_during_traffic/h8.pcap"", ""h9"": ""SPF/csv/pcap/ring5/astar/link_down_during_traffic/h9.pcap""}",{},"[{""event"": ""link_down"", ""timestamp"": ""2026-05-19T17:44:26.161087+00:00""}]",,,1,1,,,
2026-05-19T17:44:30.918104+00:00,live,ring5,,astar,0,h5,h4,s3,s2,success,0.026877,1,1,s3 -> s2,"[""s3"", ""s2""]",100.0,100.0,95.130873567723,iperf3,tcp,5,1,14380,6653,"{""cpu_utilization_percent"": {""host_system"": 0.2612778736430065, ""host_total"": 0.2612778736430065, ""host_user"": 0, ""remote_system"": 1.4876729832900135, ""remote_total"": 1.4876729832900135, ""remote_user"": 0}, ""receiver_tcp_congestion"": ""cubic"", ""sender_tcp_congestion"": ""cubic"", ""streams"": [{""receiver"": {""bits_per_second"": 95130873.567723, ""bytes"": 60564048, ""end"": 5.093114, ""seconds"": 5.000066, ""sender"": true, ""socket"": 5, ""start"": 0}, ""sender"": {""bits_per_second"": 99823117.53484853, ""bytes"": 62390272, ""end"": 5.000066, ""max_rtt"": 91587, ""max_snd_cwnd"": 1109168, ""max_snd_wnd"": 3968768, ""mean_rtt"": 90018, ""min_rtt"": 88340, ""retransmits"": 170, ""seconds"": 5.000066, ""sender"": true, ""socket"": 5, ""start"": 0}}], ""sum_received"": {""bits_per_second"": 95130873.567723, ""bytes"": 60564048, ""end"": 5.093114, ""seconds"": 5.093114, ""sender"": true, ""start"": 0}, ""sum_sent"": {""bits_per_second"": 99823117.53484853, ""bytes"": 62390272, ""end"": 5.000066, ""retransmits"": 170, ""seconds"": 5.000066, ""sender"": true, ""start"": 0}}",5201,link_down_during_traffic,during,2,,link_down,s3-s4,,"{""down_at"": 1.0, ""up_at"": null}",0.0,"{""h1"": ""SPF/csv/pcap/ring5/astar/link_down_during_traffic/h1.pcap"", ""h10"": ""SPF/csv/pcap/ring5/astar/link_down_during_traffic/h10.pcap"", ""h2"": ""SPF/csv/pcap/ring5/astar/link_down_during_traffic/h2.pcap"", ""h3"": ""SPF/csv/pcap/ring5/astar/link_down_during_traffic/h3.pcap"", ""h4"": ""SPF/csv/pcap/ring5/astar/link_down_during_traffic/h4.pcap"", ""h5"": ""SPF/csv/pcap/ring5/astar/link_down_during_traffic/h5.pcap"", ""h6"": ""SPF/csv/pcap/ring5/astar/link_down_during_traffic/h6.pcap"", ""h7"": ""SPF/csv/pcap/ring5/astar/link_down_during_traffic/h7.pcap"", ""h8"": ""SPF/csv/pcap/ring5/astar/link_down_during_traffic/h8.pcap"", ""h9"": ""SPF/csv/pcap/ring5/astar/link_down_during_traffic/h9.pcap""}",{},"[{""event"": ""link_down"", ""timestamp"": ""2026-05-19T17:44:32.126617+00:00""}]",,,1,2,,,
2026-05-19T17:44:36.836767+00:00,live,ring5,,astar,0,h5,h7,s3,s4,success,0.016899,1,1,s3 -> s4,"[""s3"", ""s4""]",100.0,100.0,89.2502153101297,iperf3,tcp,5,1,14380,6653,"{""cpu_utilization_percent"": {""host_system"": 0.24488516908837535, ""host_total"": 0.24488516908837535, ""host_user"": 0, ""remote_system"": 1.0033054918814077, ""remote_total"": 1.1465258691561948, ""remote_user"": 0.1432203772747873}, ""receiver_tcp_congestion"": ""cubic"", ""sender_tcp_congestion"": ""cubic"", ""streams"": [{""receiver"": {""bits_per_second"": 89250215.3101297, ""bytes"": 57035272, ""end"": 5.112393, ""seconds"": 5.000059, ""sender"": true, ""socket"": 5, ""start"": 0}, ""sender"": {""bits_per_second"": 93531875.5238688, ""bytes"": 58458112, ""end"": 5.000059, ""max_rtt"": 117251, ""max_snd_cwnd"": 1410352, ""max_snd_wnd"": 5165312, ""mean_rtt"": 95199, ""min_rtt"": 43789, ""retransmits"": 1015, ""seconds"": 5.000059, ""sender"": true, ""socket"": 5, ""start"": 0}}], ""sum_received"": {""bits_per_second"": 89250215.3101297, ""bytes"": 57035272, ""end"": 5.112393, ""seconds"": 5.112393, ""sender"": true, ""start"": 0}, ""sum_sent"": {""bits_per_second"": 93531875.5238688, ""bytes"": 58458112, ""end"": 5.000059, ""retransmits"": 1015, ""seconds"": 5.000059, ""sender"": true, ""start"": 0}}",5201,link_down_during_traffic,during,2,,link_down,s3-s4,,"{""down_at"": 1.0, ""up_at"": null}",0.0,"{""h1"": ""SPF/csv/pcap/ring5/astar/link_down_during_traffic/h1.pcap"", ""h10"": ""SPF/csv/pcap/ring5/astar/link_down_during_traffic/h10.pcap"", ""h2"": ""SPF/csv/pcap/ring5/astar/link_down_during_traffic/h2.pcap"", ""h3"": ""SPF/csv/pcap/ring5/astar/link_down_during_traffic/h3.pcap"", ""h4"": ""SPF/csv/pcap/ring5/astar/link_down_during_traffic/h4.pcap"", ""h5"": ""SPF/csv/pcap/ring5/astar/link_down_during_traffic/h5.pcap"", ""h6"": ""SPF/csv/pcap/ring5/astar/link_down_during_traffic/h6.pcap"", ""h7"": ""SPF/csv/pcap/ring5/astar/link_down_during_traffic/h7.pcap"", ""h8"": ""SPF/csv/pcap/ring5/astar/link_down_during_traffic/h8.pcap"", ""h9"": ""SPF/csv/pcap/ring5/astar/link_down_during_traffic/h9.pcap""}",{},"[{""event"": ""link_down"", ""timestamp"": ""2026-05-19T17:44:38.057591+00:00""}]",,,1,1,,,
2026-05-19T17:44:42.818166+00:00,live,ring5,,astar,0,h5,h8,s3,s4,success,0.015806,1,1,s3 -> s4,"[""s3"", ""s4""]",100.0,100.0,89.39403445337207,iperf3,tcp,5,1,14380,6653,"{""cpu_utilization_percent"": {""host_system"": 0.24655222555791187, ""host_total"": 0.24655222555791187, ""host_user"": 0, ""remote_system"": 1.0908346224689245, ""remote_total"": 1.17292594236317, ""remote_user"": 0.0820717603708016}, ""receiver_tcp_congestion"": ""cubic"", ""sender_tcp_congestion"": ""cubic"", ""streams"": [{""receiver"": {""bits_per_second"": 89394034.45337208, ""bytes"": 57129392, ""end"": 5.112591, ""seconds"": 5.000113, ""sender"": true, ""socket"": 5, ""start"": 0}, ""sender"": {""bits_per_second"": 93530865.4024419, ""bytes"": 58458112, ""end"": 5.000113, ""max_rtt"": 116789, ""max_snd_cwnd"": 1406008, ""max_snd_wnd"": 5163264, ""mean_rtt"": 97339, ""min_rtt"": 56472, ""retransmits"": 1011, ""seconds"": 5.000113, ""sender"": true, ""socket"": 5, ""start"": 0}}], ""sum_received"": {""bits_per_second"": 89394034.45337208, ""bytes"": 57129392, ""end"": 5.112591, ""seconds"": 5.112591, ""sender"": true, ""start"": 0}, ""sum_sent"": {""bits_per_second"": 93530865.4024419, ""bytes"": 58458112, ""end"": 5.000113, ""retransmits"": 1011, ""seconds"": 5.000113, ""sender"": true, ""start"": 0}}",5201,link_down_during_traffic,during,2,,link_down,s3-s4,,"{""down_at"": 1.0, ""up_at"": null}",0.0,"{""h1"": ""SPF/csv/pcap/ring5/astar/link_down_during_traffic/h1.pcap"", ""h10"": ""SPF/csv/pcap/ring5/astar/link_down_during_traffic/h10.pcap"", ""h2"": ""SPF/csv/pcap/ring5/astar/link_down_during_traffic/h2.pcap"", ""h3"": ""SPF/csv/pcap/ring5/astar/link_down_during_traffic/h3.pcap"", ""h4"": ""SPF/csv/pcap/ring5/astar/link_down_during_traffic/h4.pcap"", ""h5"": ""SPF/csv/pcap/ring5/astar/link_down_during_traffic/h5.pcap"", ""h6"": ""SPF/csv/pcap/ring5/astar/link_down_during_traffic/h6.pcap"", ""h7"": ""SPF/csv/pcap/ring5/astar/link_down_during_traffic/h7.pcap"", ""h8"": ""SPF/csv/pcap/ring5/astar/link_down_during_traffic/h8.pcap"", ""h9"": ""SPF/csv/pcap/ring5/astar/link_down_during_traffic/h9.pcap""}",{},"[{""event"": ""link_down"", ""timestamp"": ""2026-05-19T17:44:45.021827+00:00""}]",,,1,2,,,
2026-05-19T17:44:52.811586+00:00,live,ring5,,astar,0,h5,h9,s3,s5,error,0.01496,2,2,s3 -> s4 -> s5,"[""s3"", ""s4"", ""s5""]",100.0,50.0,,,,,,,,,5201,link_down_during_traffic,during,2,,link_down,s3-s4,,"{""down_at"": 1.0, ""up_at"": null}",0.0,"{""h1"": ""SPF/csv/pcap/ring5/astar/link_down_during_traffic/h1.pcap"", ""h10"": ""SPF/csv/pcap/ring5/astar/link_down_during_traffic/h10.pcap"", ""h2"": ""SPF/csv/pcap/ring5/astar/link_down_during_traffic/h2.pcap"", ""h3"": ""SPF/csv/pcap/ring5/astar/link_down_during_traffic/h3.pcap"", ""h4"": ""SPF/csv/pcap/ring5/astar/link_down_during_traffic/h4.pcap"", ""h5"": ""SPF/csv/pcap/ring5/astar/link_down_during_traffic/h5.pcap"", ""h6"": ""SPF/csv/pcap/ring5/astar/link_down_during_traffic/h6.pcap"", ""h7"": ""SPF/csv/pcap/ring5/astar/link_down_during_traffic/h7.pcap"", ""h8"": ""SPF/csv/pcap/ring5/astar/link_down_during_traffic/h8.pcap"", ""h9"": ""SPF/csv/pcap/ring5/astar/link_down_during_traffic/h9.pcap""}",{},[],,,1,1,,iperf3 JSON payload did not include bits_per_second,
