timestamp,benchmark_mode,topology,topology_seed,algorithm,repeat_index,source_host,destination_host,source_switch,destination_switch,status,runtime_ms,hop_count,path_cost,path_string,path_switches,bottleneck_mbps,throughput_estimate_mbps,throughput_mbps,traffic_tool,traffic_protocol,iperf_duration_s,iperf_parallel,controller_pid,controller_port,iperf_summary,iperf_port,scenario_name,scenario_phase,scenario_index,scenario_seed,link_action,link_target,switch_target,link_timing_s,pingall_loss_pct,tcpdump_pcap_paths,tcpdump_csv_paths,event_timestamps,throttle_bw_mbps,throttle_delay_ms,first_port,final_port,negative_cycle,error,note
2026-05-19T17:30:42.590938+00:00,live,ring5,,astar,0,h1,h10,s1,s5,success,0.022466,1,1,s1 -> s5,"[""s1"", ""s5""]",100.0,100.0,95.51186612968104,iperf3,tcp,5,1,11431,6653,"{""cpu_utilization_percent"": {""host_system"": 0.2895888137800428, ""host_total"": 0.4062813467932673, ""host_user"": 0.11667260260621962, ""remote_system"": 1.5844090035964327, ""remote_total"": 1.5844090035964327, ""remote_user"": 0}, ""receiver_tcp_congestion"": ""cubic"", ""sender_tcp_congestion"": ""cubic"", ""streams"": [{""receiver"": {""bits_per_second"": 95511866.12968104, ""bytes"": 62389712, ""end"": 5.225714, ""seconds"": 5.000055, ""sender"": true, ""socket"": 5, ""start"": 0}, ""sender"": {""bits_per_second"": 99823337.14329143, ""bytes"": 62390272, ""end"": 5.000055, ""max_rtt"": 298048, ""max_snd_cwnd"": 3757560, ""max_snd_wnd"": 5577472, ""mean_rtt"": 203168, ""min_rtt"": 107845, ""retransmits"": 0, ""seconds"": 5.000055, ""sender"": true, ""socket"": 5, ""start"": 0}}], ""sum_received"": {""bits_per_second"": 95511866.12968104, ""bytes"": 62389712, ""end"": 5.225714, ""seconds"": 5.225714, ""sender"": true, ""start"": 0}, ""sum_sent"": {""bits_per_second"": 99823337.14329143, ""bytes"": 62390272, ""end"": 5.000055, ""retransmits"": 0, ""seconds"": 5.000055, ""sender"": true, ""start"": 0}}",5201,link_down_before_traffic,pre,1,,link_down,s2-s3,,"{""down_at"": 0.0, ""up_at"": null}",0.0,"{""h1"": ""SPF/csv/pcap/ring5/astar/link_down_before_traffic/h1.pcap"", ""h10"": ""SPF/csv/pcap/ring5/astar/link_down_before_traffic/h10.pcap"", ""h2"": ""SPF/csv/pcap/ring5/astar/link_down_before_traffic/h2.pcap"", ""h3"": ""SPF/csv/pcap/ring5/astar/link_down_before_traffic/h3.pcap"", ""h4"": ""SPF/csv/pcap/ring5/astar/link_down_before_traffic/h4.pcap"", ""h5"": ""SPF/csv/pcap/ring5/astar/link_down_before_traffic/h5.pcap"", ""h6"": ""SPF/csv/pcap/ring5/astar/link_down_before_traffic/h6.pcap"", ""h7"": ""SPF/csv/pcap/ring5/astar/link_down_before_traffic/h7.pcap"", ""h8"": ""SPF/csv/pcap/ring5/astar/link_down_before_traffic/h8.pcap"", ""h9"": ""SPF/csv/pcap/ring5/astar/link_down_before_traffic/h9.pcap""}",{},"[{""event"": ""link_down"", ""timestamp"": ""2026-05-19T17:30:41.589702+00:00""}]",,,1,2,,,
2026-05-19T17:30:48.580813+00:00,live,ring5,,astar,0,h1,h3,s1,s2,success,0.02353,1,1,s1 -> s2,"[""s1"", ""s2""]",100.0,100.0,95.51940520446097,iperf3,tcp,5,1,11431,6653,"{""cpu_utilization_percent"": {""host_system"": 0.41904246315563715, ""host_total"": 0.41906239572773224, ""host_user"": 0, ""remote_system"": 1.6096930651838426, ""remote_total"": 1.993973985253411, ""remote_user"": 0.3842617825735492}, ""receiver_tcp_congestion"": ""cubic"", ""sender_tcp_congestion"": ""cubic"", ""streams"": [{""receiver"": {""bits_per_second"": 95519405.20446096, ""bytes"": 62389992, ""end"": 5.225325, ""seconds"": 5.000025, ""sender"": true, ""socket"": 5, ""start"": 0}, ""sender"": {""bits_per_second"": 99823936.0803196, ""bytes"": 62390272, ""end"": 5.000025, ""max_rtt"": 314735, ""max_snd_cwnd"": 4068880, ""max_snd_wnd"": 5577472, ""mean_rtt"": 234440, ""min_rtt"": 143225, ""retransmits"": 0, ""seconds"": 5.000025, ""sender"": true, ""socket"": 5, ""start"": 0}}], ""sum_received"": {""bits_per_second"": 95519405.20446096, ""bytes"": 62389992, ""end"": 5.225325, ""seconds"": 5.225325, ""sender"": true, ""start"": 0}, ""sum_sent"": {""bits_per_second"": 99823936.0803196, ""bytes"": 62390272, ""end"": 5.000025, ""retransmits"": 0, ""seconds"": 5.000025, ""sender"": true, ""start"": 0}}",5201,link_down_before_traffic,pre,1,,link_down,s2-s3,,"{""down_at"": 0.0, ""up_at"": null}",0.0,"{""h1"": ""SPF/csv/pcap/ring5/astar/link_down_before_traffic/h1.pcap"", ""h10"": ""SPF/csv/pcap/ring5/astar/link_down_before_traffic/h10.pcap"", ""h2"": ""SPF/csv/pcap/ring5/astar/link_down_before_traffic/h2.pcap"", ""h3"": ""SPF/csv/pcap/ring5/astar/link_down_before_traffic/h3.pcap"", ""h4"": ""SPF/csv/pcap/ring5/astar/link_down_before_traffic/h4.pcap"", ""h5"": ""SPF/csv/pcap/ring5/astar/link_down_before_traffic/h5.pcap"", ""h6"": ""SPF/csv/pcap/ring5/astar/link_down_before_traffic/h6.pcap"", ""h7"": ""SPF/csv/pcap/ring5/astar/link_down_before_traffic/h7.pcap"", ""h8"": ""SPF/csv/pcap/ring5/astar/link_down_before_traffic/h8.pcap"", ""h9"": ""SPF/csv/pcap/ring5/astar/link_down_before_traffic/h9.pcap""}",{},"[{""event"": ""link_down"", ""timestamp"": ""2026-05-19T17:30:41.589702+00:00""}]",,,1,1,,,
2026-05-19T17:30:54.544779+00:00,live,ring5,,astar,0,h1,h4,s1,s2,success,0.020545,1,1,s1 -> s2,"[""s1"", ""s2""]",100.0,100.0,95.51240444357013,iperf3,tcp,5,1,11431,6653,"{""cpu_utilization_percent"": {""host_system"": 0.4812900867699773, ""host_total"": 0.4812900867699773, ""host_user"": 0, ""remote_system"": 1.2043715374342219, ""remote_total"": 1.3911977178999306, ""remote_user"": 0.18684531661038406}, ""receiver_tcp_congestion"": ""cubic"", ""sender_tcp_congestion"": ""cubic"", ""streams"": [{""receiver"": {""bits_per_second"": 95512404.44357014, ""bytes"": 62389992, ""end"": 5.225708, ""seconds"": 5.000078, ""sender"": true, ""socket"": 5, ""start"": 0}, ""sender"": {""bits_per_second"": 99822877.96310377, ""bytes"": 62390272, ""end"": 5.000078, ""max_rtt"": 313369, ""max_snd_cwnd"": 4068880, ""max_snd_wnd"": 5577472, ""mean_rtt"": 234146, ""min_rtt"": 143244, ""retransmits"": 0, ""seconds"": 5.000078, ""sender"": true, ""socket"": 5, ""start"": 0}}], ""sum_received"": {""bits_per_second"": 95512404.44357014, ""bytes"": 62389992, ""end"": 5.225708, ""seconds"": 5.225708, ""sender"": true, ""start"": 0}, ""sum_sent"": {""bits_per_second"": 99822877.96310377, ""bytes"": 62390272, ""end"": 5.000078, ""retransmits"": 0, ""seconds"": 5.000078, ""sender"": true, ""start"": 0}}",5201,link_down_before_traffic,pre,1,,link_down,s2-s3,,"{""down_at"": 0.0, ""up_at"": null}",0.0,"{""h1"": ""SPF/csv/pcap/ring5/astar/link_down_before_traffic/h1.pcap"", ""h10"": ""SPF/csv/pcap/ring5/astar/link_down_before_traffic/h10.pcap"", ""h2"": ""SPF/csv/pcap/ring5/astar/link_down_before_traffic/h2.pcap"", ""h3"": ""SPF/csv/pcap/ring5/astar/link_down_before_traffic/h3.pcap"", ""h4"": ""SPF/csv/pcap/ring5/astar/link_down_before_traffic/h4.pcap"", ""h5"": ""SPF/csv/pcap/ring5/astar/link_down_before_traffic/h5.pcap"", ""h6"": ""SPF/csv/pcap/ring5/astar/link_down_before_traffic/h6.pcap"", ""h7"": ""SPF/csv/pcap/ring5/astar/link_down_before_traffic/h7.pcap"", ""h8"": ""SPF/csv/pcap/ring5/astar/link_down_before_traffic/h8.pcap"", ""h9"": ""SPF/csv/pcap/ring5/astar/link_down_before_traffic/h9.pcap""}",{},"[{""event"": ""link_down"", ""timestamp"": ""2026-05-19T17:30:41.589702+00:00""}]",,,1,2,,,
2026-05-19T17:31:00.515423+00:00,live,ring5,,astar,0,h1,h5,s1,s3,success,0.028076,2,2,s1 -> s2 -> s3,"[""s1"", ""s2"", ""s3""]",100.0,50.0,94.62917918284613,iperf3,tcp,5,1,11431,6653,"{""cpu_utilization_percent"": {""host_system"": 0.37348452006773775, ""host_total"": 0.5169054275564995, ""host_user"": 0.1434209074887617, ""remote_system"": 1.1882872777649416, ""remote_total"": 1.3649057541906584, ""remote_user"": 0.17659939697487675}, ""receiver_tcp_congestion"": ""cubic"", ""sender_tcp_congestion"": ""cubic"", ""streams"": [{""receiver"": {""bits_per_second"": 94629179.18284613, ""bytes"": 61996496, ""end"": 5.241216, ""seconds"": 5.000089, ""sender"": true, ""socket"": 5, ""start"": 0}, ""sender"": {""bits_per_second"": 99193523.9552736, ""bytes"": 61997056, ""end"": 5.000089, ""max_rtt"": 252299, ""max_snd_cwnd"": 3175464, ""max_snd_wnd"": 4791296, ""mean_rtt"": 157083, ""min_rtt"": 61817, ""retransmits"": 0, ""seconds"": 5.000089, ""sender"": true, ""socket"": 5, ""start"": 0}}], ""sum_received"": {""bits_per_second"": 94629179.18284613, ""bytes"": 61996496, ""end"": 5.241216, ""seconds"": 5.241216, ""sender"": true, ""start"": 0}, ""sum_sent"": {""bits_per_second"": 99193523.9552736, ""bytes"": 61997056, ""end"": 5.000089, ""retransmits"": 0, ""seconds"": 5.000089, ""sender"": true, ""start"": 0}}",5201,link_down_before_traffic,pre,1,,link_down,s2-s3,,"{""down_at"": 0.0, ""up_at"": null}",0.0,"{""h1"": ""SPF/csv/pcap/ring5/astar/link_down_before_traffic/h1.pcap"", ""h10"": ""SPF/csv/pcap/ring5/astar/link_down_before_traffic/h10.pcap"", ""h2"": ""SPF/csv/pcap/ring5/astar/link_down_before_traffic/h2.pcap"", ""h3"": ""SPF/csv/pcap/ring5/astar/link_down_before_traffic/h3.pcap"", ""h4"": ""SPF/csv/pcap/ring5/astar/link_down_before_traffic/h4.pcap"", ""h5"": ""SPF/csv/pcap/ring5/astar/link_down_before_traffic/h5.pcap"", ""h6"": ""SPF/csv/pcap/ring5/astar/link_down_before_traffic/h6.pcap"", ""h7"": ""SPF/csv/pcap/ring5/astar/link_down_before_traffic/h7.pcap"", ""h8"": ""SPF/csv/pcap/ring5/astar/link_down_before_traffic/h8.pcap"", ""h9"": ""SPF/csv/pcap/ring5/astar/link_down_before_traffic/h9.pcap""}",{},"[{""event"": ""link_down"", ""timestamp"": ""2026-05-19T17:30:41.589702+00:00""}]",,,1,1,,,
2026-05-19T17:31:09.551050+00:00,live,ring5,,astar,0,h1,h6,s1,s3,success,0.018409,2,2,s1 -> s2 -> s3,"[""s1"", ""s2"", ""s3""]",100.0,50.0,94.79353427481875,iperf3,tcp,5,1,11431,6653,"{""cpu_utilization_percent"": {""host_system"": 0.5048463747691613, ""host_total"": 0.5494009575969423, ""host_user"": 0.04457437606759787, ""remote_system"": 1.3403569528063481, ""remote_total"": 1.484627466281844, ""remote_user"": 0.14425153550739875}, ""receiver_tcp_congestion"": ""cubic"", ""sender_tcp_congestion"": ""cubic"", ""streams"": [{""receiver"": {""bits_per_second"": 94793534.27481875, ""bytes"": 62436496, ""end"": 5.269262, ""seconds"": 5.000146, ""sender"": true, ""socket"": 5, ""start"": 0}, ""sender"": {""bits_per_second"": 101079774.87057377, ""bytes"": 63176704, ""end"": 5.000146, ""max_rtt"": 244553, ""max_snd_cwnd"": 3178360, ""max_snd_wnd"": 4791296, ""mean_rtt"": 155562, ""min_rtt"": 61909, ""retransmits"": 0, ""seconds"": 5.000146, ""sender"": true, ""socket"": 5, ""start"": 0}}], ""sum_received"": {""bits_per_second"": 94793534.27481875, ""bytes"": 62436496, ""end"": 5.269262, ""seconds"": 5.269262, ""sender"": true, ""start"": 0}, ""sum_sent"": {""bits_per_second"": 101079774.87057377, ""bytes"": 63176704, ""end"": 5.000146, ""retransmits"": 0, ""seconds"": 5.000146, ""sender"": true, ""start"": 0}}",5201,link_down_before_traffic,pre,1,,link_down,s2-s3,,"{""down_at"": 0.0, ""up_at"": null}",0.0,"{""h1"": ""SPF/csv/pcap/ring5/astar/link_down_before_traffic/h1.pcap"", ""h10"": ""SPF/csv/pcap/ring5/astar/link_down_before_traffic/h10.pcap"", ""h2"": ""SPF/csv/pcap/ring5/astar/link_down_before_traffic/h2.pcap"", ""h3"": ""SPF/csv/pcap/ring5/astar/link_down_before_traffic/h3.pcap"", ""h4"": ""SPF/csv/pcap/ring5/astar/link_down_before_traffic/h4.pcap"", ""h5"": ""SPF/csv/pcap/ring5/astar/link_down_before_traffic/h5.pcap"", ""h6"": ""SPF/csv/pcap/ring5/astar/link_down_before_traffic/h6.pcap"", ""h7"": ""SPF/csv/pcap/ring5/astar/link_down_before_traffic/h7.pcap"", ""h8"": ""SPF/csv/pcap/ring5/astar/link_down_before_traffic/h8.pcap"", ""h9"": ""SPF/csv/pcap/ring5/astar/link_down_before_traffic/h9.pcap""}",{},"[{""event"": ""link_down"", ""timestamp"": ""2026-05-19T17:30:41.589702+00:00""}]",,,1,2,,,
2026-05-19T17:31:15.663113+00:00,live,ring5,,astar,0,h1,h7,s1,s4,success,0.015755,2,2,s1 -> s5 -> s4,"[""s1"", ""s5"", ""s4""]",100.0,50.0,95.17596271687164,iperf3,tcp,5,1,11431,6653,"{""cpu_utilization_percent"": {""host_system"": 0.4155438927922984, ""host_total"": 0.4155438927922984, ""host_user"": 0, ""remote_system"": 0.8697635196845975, ""remote_total"": 1.3336361414264446, ""remote_user"": 0.463872621741847}, ""receiver_tcp_congestion"": ""cubic"", ""sender_tcp_congestion"": ""cubic"", ""streams"": [{""receiver"": {""bits_per_second"": 95175962.71687163, ""bytes"": 63176424, ""end"": 5.310284, ""seconds"": 5.00006, ""sender"": true, ""socket"": 5, ""start"": 0}, ""sender"": {""bits_per_second"": 101081513.42183892, ""bytes"": 63176704, ""end"": 5.00006, ""max_rtt"": 240763, ""max_snd_cwnd"": 3751768, ""max_snd_wnd"": 4791296, ""mean_rtt"": 188232, ""min_rtt"": 107660, ""retransmits"": 0, ""seconds"": 5.00006, ""sender"": true, ""socket"": 5, ""start"": 0}}], ""sum_received"": {""bits_per_second"": 95175962.71687163, ""bytes"": 63176424, ""end"": 5.310284, ""seconds"": 5.310284, ""sender"": true, ""start"": 0}, ""sum_sent"": {""bits_per_second"": 101081513.42183892, ""bytes"": 63176704, ""end"": 5.00006, ""retransmits"": 0, ""seconds"": 5.00006, ""sender"": true, ""start"": 0}}",5201,link_down_before_traffic,pre,1,,link_down,s2-s3,,"{""down_at"": 0.0, ""up_at"": null}",0.0,"{""h1"": ""SPF/csv/pcap/ring5/astar/link_down_before_traffic/h1.pcap"", ""h10"": ""SPF/csv/pcap/ring5/astar/link_down_before_traffic/h10.pcap"", ""h2"": ""SPF/csv/pcap/ring5/astar/link_down_before_traffic/h2.pcap"", ""h3"": ""SPF/csv/pcap/ring5/astar/link_down_before_traffic/h3.pcap"", ""h4"": ""SPF/csv/pcap/ring5/astar/link_down_before_traffic/h4.pcap"", ""h5"": ""SPF/csv/pcap/ring5/astar/link_down_before_traffic/h5.pcap"", ""h6"": ""SPF/csv/pcap/ring5/astar/link_down_before_traffic/h6.pcap"", ""h7"": ""SPF/csv/pcap/ring5/astar/link_down_before_traffic/h7.pcap"", ""h8"": ""SPF/csv/pcap/ring5/astar/link_down_before_traffic/h8.pcap"", ""h9"": ""SPF/csv/pcap/ring5/astar/link_down_before_traffic/h9.pcap""}",{},"[{""event"": ""link_down"", ""timestamp"": ""2026-05-19T17:30:41.589702+00:00""}]",,,1,1,,,
2026-05-19T17:31:21.739532+00:00,live,ring5,,astar,0,h1,h8,s1,s4,success,0.020787,2,2,s1 -> s5 -> s4,"[""s1"", ""s5"", ""s4""]",100.0,50.0,95.14321083591611,iperf3,tcp,5,1,11431,6653,"{""cpu_utilization_percent"": {""host_system"": 0.4116334829134958, ""host_total"": 0.41165334747690246, ""host_user"": 0, ""remote_system"": 1.017407713067155, ""remote_total"": 1.2006111298522926, ""remote_user"": 0.1832034167851377}, ""receiver_tcp_congestion"": ""cubic"", ""sender_tcp_congestion"": ""cubic"", ""streams"": [{""receiver"": {""bits_per_second"": 95143210.8359161, ""bytes"": 63176424, ""end"": 5.312112, ""seconds"": 5.000062, ""sender"": true, ""socket"": 5, ""start"": 0}, ""sender"": {""bits_per_second"": 101081472.98973493, ""bytes"": 63176704, ""end"": 5.000062, ""max_rtt"": 241051, ""max_snd_cwnd"": 3750320, ""max_snd_wnd"": 4791296, ""mean_rtt"": 187666, ""min_rtt"": 107008, ""retransmits"": 0, ""seconds"": 5.000062, ""sender"": true, ""socket"": 5, ""start"": 0}}], ""sum_received"": {""bits_per_second"": 95143210.8359161, ""bytes"": 63176424, ""end"": 5.312112, ""seconds"": 5.312112, ""sender"": true, ""start"": 0}, ""sum_sent"": {""bits_per_second"": 101081472.98973493, ""bytes"": 63176704, ""end"": 5.000062, ""retransmits"": 0, ""seconds"": 5.000062, ""sender"": true, ""start"": 0}}",5201,link_down_before_traffic,pre,1,,link_down,s2-s3,,"{""down_at"": 0.0, ""up_at"": null}",0.0,"{""h1"": ""SPF/csv/pcap/ring5/astar/link_down_before_traffic/h1.pcap"", ""h10"": ""SPF/csv/pcap/ring5/astar/link_down_before_traffic/h10.pcap"", ""h2"": ""SPF/csv/pcap/ring5/astar/link_down_before_traffic/h2.pcap"", ""h3"": ""SPF/csv/pcap/ring5/astar/link_down_before_traffic/h3.pcap"", ""h4"": ""SPF/csv/pcap/ring5/astar/link_down_before_traffic/h4.pcap"", ""h5"": ""SPF/csv/pcap/ring5/astar/link_down_before_traffic/h5.pcap"", ""h6"": ""SPF/csv/pcap/ring5/astar/link_down_before_traffic/h6.pcap"", ""h7"": ""SPF/csv/pcap/ring5/astar/link_down_before_traffic/h7.pcap"", ""h8"": ""SPF/csv/pcap/ring5/astar/link_down_before_traffic/h8.pcap"", ""h9"": ""SPF/csv/pcap/ring5/astar/link_down_before_traffic/h9.pcap""}",{},"[{""event"": ""link_down"", ""timestamp"": ""2026-05-19T17:30:41.589702+00:00""}]",,,1,2,,,
2026-05-19T17:31:27.819545+00:00,live,ring5,,astar,0,h1,h9,s1,s5,success,0.019916,1,1,s1 -> s5,"[""s1"", ""s5""]",100.0,100.0,95.51805249704375,iperf3,tcp,5,1,11431,6653,"{""cpu_utilization_percent"": {""host_system"": 0.3944834428833125, ""host_total"": 0.4733363353571114, ""host_user"": 0.07881307783483216, ""remote_system"": 1.21343634793685, ""remote_total"": 1.4161956348671723, ""remote_user"": 0.20274014966869575}, ""receiver_tcp_congestion"": ""cubic"", ""sender_tcp_congestion"": ""cubic"", ""streams"": [{""receiver"": {""bits_per_second"": 95518052.49704376, ""bytes"": 62389992, ""end"": 5.225399, ""seconds"": 5.000146, ""sender"": true, ""socket"": 5, ""start"": 0}, ""sender"": {""bits_per_second"": 99821520.411604, ""bytes"": 62390272, ""end"": 5.000146, ""max_rtt"": 315121, ""max_snd_cwnd"": 4129696, ""max_snd_wnd"": 5577472, ""mean_rtt"": 234307, ""min_rtt"": 142840, ""retransmits"": 0, ""seconds"": 5.000146, ""sender"": true, ""socket"": 5, ""start"": 0}}], ""sum_received"": {""bits_per_second"": 95518052.49704376, ""bytes"": 62389992, ""end"": 5.225399, ""seconds"": 5.225399, ""sender"": true, ""start"": 0}, ""sum_sent"": {""bits_per_second"": 99821520.411604, ""bytes"": 62390272, ""end"": 5.000146, ""retransmits"": 0, ""seconds"": 5.000146, ""sender"": true, ""start"": 0}}",5201,link_down_before_traffic,pre,1,,link_down,s2-s3,,"{""down_at"": 0.0, ""up_at"": null}",0.0,"{""h1"": ""SPF/csv/pcap/ring5/astar/link_down_before_traffic/h1.pcap"", ""h10"": ""SPF/csv/pcap/ring5/astar/link_down_before_traffic/h10.pcap"", ""h2"": ""SPF/csv/pcap/ring5/astar/link_down_before_traffic/h2.pcap"", ""h3"": ""SPF/csv/pcap/ring5/astar/link_down_before_traffic/h3.pcap"", ""h4"": ""SPF/csv/pcap/ring5/astar/link_down_before_traffic/h4.pcap"", ""h5"": ""SPF/csv/pcap/ring5/astar/link_down_before_traffic/h5.pcap"", ""h6"": ""SPF/csv/pcap/ring5/astar/link_down_before_traffic/h6.pcap"", ""h7"": ""SPF/csv/pcap/ring5/astar/link_down_before_traffic/h7.pcap"", ""h8"": ""SPF/csv/pcap/ring5/astar/link_down_before_traffic/h8.pcap"", ""h9"": ""SPF/csv/pcap/ring5/astar/link_down_before_traffic/h9.pcap""}",{},"[{""event"": ""link_down"", ""timestamp"": ""2026-05-19T17:30:41.589702+00:00""}]",,,1,1,,,
2026-05-19T17:31:33.786968+00:00,live,ring5,,astar,0,h10,h1,s5,s1,success,0.015868,1,1,s5 -> s1,"[""s5"", ""s1""]",100.0,100.0,95.51933815784822,iperf3,tcp,5,1,11431,6653,"{""cpu_utilization_percent"": {""host_system"": 0.39077011628036756, ""host_total"": 0.45787487384225856, ""host_user"": 0.067084827428965, ""remote_system"": 1.40333430098065, ""remote_total"": 1.4756999567582605, ""remote_user"": 0.0723467564159553}, ""receiver_tcp_congestion"": ""cubic"", ""sender_tcp_congestion"": ""cubic"", ""streams"": [{""receiver"": {""bits_per_second"": 95519338.15784822, ""bytes"": 63176144, ""end"": 5.291171, ""seconds"": 5.000063, ""sender"": true, ""socket"": 5, ""start"": 0}, ""sender"": {""bits_per_second"": 101081452.77369505, ""bytes"": 63176704, ""end"": 5.000063, ""max_rtt"": 250594, ""max_snd_cwnd"": 4106528, ""max_snd_wnd"": 5430144, ""mean_rtt"": 210486, ""min_rtt"": 142766, ""retransmits"": 0, ""seconds"": 5.000063, ""sender"": true, ""socket"": 5, ""start"": 0}}], ""sum_received"": {""bits_per_second"": 95519338.15784822, ""bytes"": 63176144, ""end"": 5.291171, ""seconds"": 5.291171, ""sender"": true, ""start"": 0}, ""sum_sent"": {""bits_per_second"": 101081452.77369505, ""bytes"": 63176704, ""end"": 5.000063, ""retransmits"": 0, ""seconds"": 5.000063, ""sender"": true, ""start"": 0}}",5201,link_down_before_traffic,pre,1,,link_down,s2-s3,,"{""down_at"": 0.0, ""up_at"": null}",0.0,"{""h1"": ""SPF/csv/pcap/ring5/astar/link_down_before_traffic/h1.pcap"", ""h10"": ""SPF/csv/pcap/ring5/astar/link_down_before_traffic/h10.pcap"", ""h2"": ""SPF/csv/pcap/ring5/astar/link_down_before_traffic/h2.pcap"", ""h3"": ""SPF/csv/pcap/ring5/astar/link_down_before_traffic/h3.pcap"", ""h4"": ""SPF/csv/pcap/ring5/astar/link_down_before_traffic/h4.pcap"", ""h5"": ""SPF/csv/pcap/ring5/astar/link_down_before_traffic/h5.pcap"", ""h6"": ""SPF/csv/pcap/ring5/astar/link_down_before_traffic/h6.pcap"", ""h7"": ""SPF/csv/pcap/ring5/astar/link_down_before_traffic/h7.pcap"", ""h8"": ""SPF/csv/pcap/ring5/astar/link_down_before_traffic/h8.pcap"", ""h9"": ""SPF/csv/pcap/ring5/astar/link_down_before_traffic/h9.pcap""}",{},"[{""event"": ""link_down"", ""timestamp"": ""2026-05-19T17:30:41.589702+00:00""}]",,,2,1,,,
2026-05-19T17:31:42.712688+00:00,live,ring5,,astar,0,h10,h2,s5,s1,success,0.018983,1,1,s5 -> s1,"[""s5"", ""s1""]",100.0,100.0,95.45344138845837,iperf3,tcp,5,1,11431,6653,"{""cpu_utilization_percent"": {""host_system"": 0.4575927345122995, ""host_total"": 0.58616889570457, ""host_user"": 0.12859604615379108, ""remote_system"": 1.4124269474729405, ""remote_total"": 1.52853071834977, ""remote_user"": 0.11612289520080826}, ""receiver_tcp_congestion"": ""cubic"", ""sender_tcp_congestion"": ""cubic"", ""streams"": [{""receiver"": {""bits_per_second"": 95453441.38845837, ""bytes"": 62389992, ""end"": 5.228936, ""seconds"": 5.000054, ""sender"": true, ""socket"": 5, ""start"": 0}, ""sender"": {""bits_per_second"": 99823357.10774323, ""bytes"": 62390272, ""end"": 5.000054, ""max_rtt"": 314783, ""max_snd_cwnd"": 4068880, ""max_snd_wnd"": 5577472, ""mean_rtt"": 234452, ""min_rtt"": 143239, ""retransmits"": 0, ""seconds"": 5.000054, ""sender"": true, ""socket"": 5, ""start"": 0}}], ""sum_received"": {""bits_per_second"": 95453441.38845837, ""bytes"": 62389992, ""end"": 5.228936, ""seconds"": 5.228936, ""sender"": true, ""start"": 0}, ""sum_sent"": {""bits_per_second"": 99823357.10774323, ""bytes"": 62390272, ""end"": 5.000054, ""retransmits"": 0, ""seconds"": 5.000054, ""sender"": true, ""start"": 0}}",5201,link_down_before_traffic,pre,1,,link_down,s2-s3,,"{""down_at"": 0.0, ""up_at"": null}",0.0,"{""h1"": ""SPF/csv/pcap/ring5/astar/link_down_before_traffic/h1.pcap"", ""h10"": ""SPF/csv/pcap/ring5/astar/link_down_before_traffic/h10.pcap"", ""h2"": ""SPF/csv/pcap/ring5/astar/link_down_before_traffic/h2.pcap"", ""h3"": ""SPF/csv/pcap/ring5/astar/link_down_before_traffic/h3.pcap"", ""h4"": ""SPF/csv/pcap/ring5/astar/link_down_before_traffic/h4.pcap"", ""h5"": ""SPF/csv/pcap/ring5/astar/link_down_before_traffic/h5.pcap"", ""h6"": ""SPF/csv/pcap/ring5/astar/link_down_before_traffic/h6.pcap"", ""h7"": ""SPF/csv/pcap/ring5/astar/link_down_before_traffic/h7.pcap"", ""h8"": ""SPF/csv/pcap/ring5/astar/link_down_before_traffic/h8.pcap"", ""h9"": ""SPF/csv/pcap/ring5/astar/link_down_before_traffic/h9.pcap""}",{},"[{""event"": ""link_down"", ""timestamp"": ""2026-05-19T17:30:41.589702+00:00""}]",,,2,2,,,
2026-05-19T17:31:48.687147+00:00,live,ring5,,astar,0,h10,h3,s5,s2,success,0.019937,2,2,s5 -> s1 -> s2,"[""s5"", ""s1"", ""s2""]",100.0,50.0,95.1661578664953,iperf3,tcp,5,1,11431,6653,"{""cpu_utilization_percent"": {""host_system"": 0.5338163421649598, ""host_total"": 0.5337964903114022, ""host_user"": 0, ""remote_system"": 1.3602683854695021, ""remote_total"": 1.5565629652759436, ""remote_user"": 0.19629457980644144}, ""receiver_tcp_congestion"": ""cubic"", ""sender_tcp_congestion"": ""cubic"", ""streams"": [{""receiver"": {""bits_per_second"": 95166157.8664953, ""bytes"": 62783208, ""end"": 5.277776, ""seconds"": 5.000033, ""sender"": true, ""socket"": 5, ""start"": 0}, ""sender"": {""bits_per_second"": 100452917.81074245, ""bytes"": 62783488, ""end"": 5.000033, ""max_rtt"": 261864, ""max_snd_cwnd"": 3595384, ""max_snd_wnd"": 4791296, ""mean_rtt"": 185570, ""min_rtt"": 95496, ""retransmits"": 0, ""seconds"": 5.000033, ""sender"": true, ""socket"": 5, ""start"": 0}}], ""sum_received"": {""bits_per_second"": 95166157.8664953, ""bytes"": 62783208, ""end"": 5.277776, ""seconds"": 5.277776, ""sender"": true, ""start"": 0}, ""sum_sent"": {""bits_per_second"": 100452917.81074245, ""bytes"": 62783488, ""end"": 5.000033, ""retransmits"": 0, ""seconds"": 5.000033, ""sender"": true, ""start"": 0}}",5201,link_down_before_traffic,pre,1,,link_down,s2-s3,,"{""down_at"": 0.0, ""up_at"": null}",0.0,"{""h1"": ""SPF/csv/pcap/ring5/astar/link_down_before_traffic/h1.pcap"", ""h10"": ""SPF/csv/pcap/ring5/astar/link_down_before_traffic/h10.pcap"", ""h2"": ""SPF/csv/pcap/ring5/astar/link_down_before_traffic/h2.pcap"", ""h3"": ""SPF/csv/pcap/ring5/astar/link_down_before_traffic/h3.pcap"", ""h4"": ""SPF/csv/pcap/ring5/astar/link_down_before_traffic/h4.pcap"", ""h5"": ""SPF/csv/pcap/ring5/astar/link_down_before_traffic/h5.pcap"", ""h6"": ""SPF/csv/pcap/ring5/astar/link_down_before_traffic/h6.pcap"", ""h7"": ""SPF/csv/pcap/ring5/astar/link_down_before_traffic/h7.pcap"", ""h8"": ""SPF/csv/pcap/ring5/astar/link_down_before_traffic/h8.pcap"", ""h9"": ""SPF/csv/pcap/ring5/astar/link_down_before_traffic/h9.pcap""}",{},"[{""event"": ""link_down"", ""timestamp"": ""2026-05-19T17:30:41.589702+00:00""}]",,,2,1,,,
2026-05-19T17:31:54.733753+00:00,live,ring5,,astar,0,h10,h4,s5,s2,success,0.033276,2,2,s5 -> s1 -> s2,"[""s5"", ""s1"", ""s2""]",100.0,50.0,95.17736072762526,iperf3,tcp,5,1,11431,6653,"{""cpu_utilization_percent"": {""host_system"": 0.3658479162225358, ""host_total"": 0.4206635130976296, ""host_user"": 0.0547957289530658, ""remote_system"": 1.2044689640211035, ""remote_total"": 1.3982461003528288, ""remote_user"": 0.19375830473441422}, ""receiver_tcp_congestion"": ""cubic"", ""sender_tcp_congestion"": ""cubic"", ""streams"": [{""receiver"": {""bits_per_second"": 95177360.72762525, ""bytes"": 63176424, ""end"": 5.310206, ""seconds"": 5.000088, ""sender"": true, ""socket"": 5, ""start"": 0}, ""sender"": {""bits_per_second"": 101080947.3753262, ""bytes"": 63176704, ""end"": 5.000088, ""max_rtt"": 240771, ""max_snd_cwnd"": 3751768, ""max_snd_wnd"": 4791296, ""mean_rtt"": 187790, ""min_rtt"": 107781, ""retransmits"": 0, ""seconds"": 5.000088, ""sender"": true, ""socket"": 5, ""start"": 0}}], ""sum_received"": {""bits_per_second"": 95177360.72762525, ""bytes"": 63176424, ""end"": 5.310206, ""seconds"": 5.310206, ""sender"": true, ""start"": 0}, ""sum_sent"": {""bits_per_second"": 101080947.3753262, ""bytes"": 63176704, ""end"": 5.000088, ""retransmits"": 0, ""seconds"": 5.000088, ""sender"": true, ""start"": 0}}",5201,link_down_before_traffic,pre,1,,link_down,s2-s3,,"{""down_at"": 0.0, ""up_at"": null}",0.0,"{""h1"": ""SPF/csv/pcap/ring5/astar/link_down_before_traffic/h1.pcap"", ""h10"": ""SPF/csv/pcap/ring5/astar/link_down_before_traffic/h10.pcap"", ""h2"": ""SPF/csv/pcap/ring5/astar/link_down_before_traffic/h2.pcap"", ""h3"": ""SPF/csv/pcap/ring5/astar/link_down_before_traffic/h3.pcap"", ""h4"": ""SPF/csv/pcap/ring5/astar/link_down_before_traffic/h4.pcap"", ""h5"": ""SPF/csv/pcap/ring5/astar/link_down_before_traffic/h5.pcap"", ""h6"": ""SPF/csv/pcap/ring5/astar/link_down_before_traffic/h6.pcap"", ""h7"": ""SPF/csv/pcap/ring5/astar/link_down_before_traffic/h7.pcap"", ""h8"": ""SPF/csv/pcap/ring5/astar/link_down_before_traffic/h8.pcap"", ""h9"": ""SPF/csv/pcap/ring5/astar/link_down_before_traffic/h9.pcap""}",{},"[{""event"": ""link_down"", ""timestamp"": ""2026-05-19T17:30:41.589702+00:00""}]",,,2,2,,,
2026-05-19T17:32:00.810757+00:00,live,ring5,,astar,0,h10,h5,s5,s3,success,0.020146,2,2,s5 -> s4 -> s3,"[""s5"", ""s4"", ""s3""]",100.0,50.0,95.0610299067526,iperf3,tcp,5,1,11431,6653,"{""cpu_utilization_percent"": {""host_system"": 0.34944896572920675, ""host_total"": 0.417157310444946, ""host_user"": 0.0677083447157392, ""remote_system"": 1.3387742955033894, ""remote_total"": 1.40031003313173, ""remote_user"": 0.06153573762834072}, ""receiver_tcp_congestion"": ""cubic"", ""sender_tcp_congestion"": ""cubic"", ""streams"": [{""receiver"": {""bits_per_second"": 95061029.9067526, ""bytes"": 63086088, ""end"": 5.309102, ""seconds"": 5.000065, ""sender"": true, ""socket"": 5, ""start"": 0}, ""sender"": {""bits_per_second"": 101081412.34163955, ""bytes"": 63176704, ""end"": 5.000065, ""max_rtt"": 245192, ""max_snd_cwnd"": 3686608, ""max_snd_wnd"": 4791296, ""mean_rtt"": 188774, ""min_rtt"": 109127, ""retransmits"": 0, ""seconds"": 5.000065, ""sender"": true, ""socket"": 5, ""start"": 0}}], ""sum_received"": {""bits_per_second"": 95061029.9067526, ""bytes"": 63086088, ""end"": 5.309102, ""seconds"": 5.309102, ""sender"": true, ""start"": 0}, ""sum_sent"": {""bits_per_second"": 101081412.34163955, ""bytes"": 63176704, ""end"": 5.000065, ""retransmits"": 0, ""seconds"": 5.000065, ""sender"": true, ""start"": 0}}",5201,link_down_before_traffic,pre,1,,link_down,s2-s3,,"{""down_at"": 0.0, ""up_at"": null}",0.0,"{""h1"": ""SPF/csv/pcap/ring5/astar/link_down_before_traffic/h1.pcap"", ""h10"": ""SPF/csv/pcap/ring5/astar/link_down_before_traffic/h10.pcap"", ""h2"": ""SPF/csv/pcap/ring5/astar/link_down_before_traffic/h2.pcap"", ""h3"": ""SPF/csv/pcap/ring5/astar/link_down_before_traffic/h3.pcap"", ""h4"": ""SPF/csv/pcap/ring5/astar/link_down_before_traffic/h4.pcap"", ""h5"": ""SPF/csv/pcap/ring5/astar/link_down_before_traffic/h5.pcap"", ""h6"": ""SPF/csv/pcap/ring5/astar/link_down_before_traffic/h6.pcap"", ""h7"": ""SPF/csv/pcap/ring5/astar/link_down_before_traffic/h7.pcap"", ""h8"": ""SPF/csv/pcap/ring5/astar/link_down_before_traffic/h8.pcap"", ""h9"": ""SPF/csv/pcap/ring5/astar/link_down_before_traffic/h9.pcap""}",{},"[{""event"": ""link_down"", ""timestamp"": ""2026-05-19T17:30:41.589702+00:00""}]",,,2,1,,,
2026-05-19T17:32:06.884513+00:00,live,ring5,,astar,0,h10,h6,s5,s3,success,0.024145,2,2,s5 -> s4 -> s3,"[""s5"", ""s4"", ""s3""]",100.0,50.0,95.12928820780616,iperf3,tcp,5,1,11431,6653,"{""cpu_utilization_percent"": {""host_system"": 0.4487990928647342, ""host_total"": 0.49111988566630516, ""host_user"": 0.04232079280157092, ""remote_system"": 2.304587831484132, ""remote_total"": 2.646772285844857, ""remote_user"": 0.34218445436072487}, ""receiver_tcp_congestion"": ""cubic"", ""sender_tcp_congestion"": ""cubic"", ""streams"": [{""receiver"": {""bits_per_second"": 95129288.20780616, ""bytes"": 63176704, ""end"": 5.312913, ""seconds"": 5.000057, ""sender"": true, ""socket"": 5, ""start"": 0}, ""sender"": {""bits_per_second"": 101081574.0700556, ""bytes"": 63176704, ""end"": 5.000057, ""max_rtt"": 238336, ""max_snd_cwnd"": 3693848, ""max_snd_wnd"": 4791296, ""mean_rtt"": 184210, ""min_rtt"": 102915, ""retransmits"": 0, ""seconds"": 5.000057, ""sender"": true, ""socket"": 5, ""start"": 0}}], ""sum_received"": {""bits_per_second"": 95129288.20780616, ""bytes"": 63176704, ""end"": 5.312913, ""seconds"": 5.312913, ""sender"": true, ""start"": 0}, ""sum_sent"": {""bits_per_second"": 101081574.0700556, ""bytes"": 63176704, ""end"": 5.000057, ""retransmits"": 0, ""seconds"": 5.000057, ""sender"": true, ""start"": 0}}",5201,link_down_before_traffic,pre,1,,link_down,s2-s3,,"{""down_at"": 0.0, ""up_at"": null}",0.0,"{""h1"": ""SPF/csv/pcap/ring5/astar/link_down_before_traffic/h1.pcap"", ""h10"": ""SPF/csv/pcap/ring5/astar/link_down_before_traffic/h10.pcap"", ""h2"": ""SPF/csv/pcap/ring5/astar/link_down_before_traffic/h2.pcap"", ""h3"": ""SPF/csv/pcap/ring5/astar/link_down_before_traffic/h3.pcap"", ""h4"": ""SPF/csv/pcap/ring5/astar/link_down_before_traffic/h4.pcap"", ""h5"": ""SPF/csv/pcap/ring5/astar/link_down_before_traffic/h5.pcap"", ""h6"": ""SPF/csv/pcap/ring5/astar/link_down_before_traffic/h6.pcap"", ""h7"": ""SPF/csv/pcap/ring5/astar/link_down_before_traffic/h7.pcap"", ""h8"": ""SPF/csv/pcap/ring5/astar/link_down_before_traffic/h8.pcap"", ""h9"": ""SPF/csv/pcap/ring5/astar/link_down_before_traffic/h9.pcap""}",{},"[{""event"": ""link_down"", ""timestamp"": ""2026-05-19T17:30:41.589702+00:00""}]",,,2,2,,,
2026-05-19T17:32:15.974932+00:00,live,ring5,,astar,0,h10,h7,s5,s4,success,0.022219,1,1,s5 -> s4,"[""s5"", ""s4""]",100.0,100.0,95.5172399539176,iperf3,tcp,5,1,11431,6653,"{""cpu_utilization_percent"": {""host_system"": 0.363956378654962, ""host_total"": 0.363956378654962, ""host_user"": 0, ""remote_system"": 1.8722861085116438, ""remote_total"": 2.09058393280553, ""remote_user"": 0.2182786871128309}, ""receiver_tcp_congestion"": ""cubic"", ""sender_tcp_congestion"": ""cubic"", ""streams"": [{""receiver"": {""bits_per_second"": 95517239.9539176, ""bytes"": 62389712, ""end"": 5.22542, ""seconds"": 5.000123, ""sender"": true, ""socket"": 5, ""start"": 0}, ""sender"": {""bits_per_second"": 99821979.57930234, ""bytes"": 62390272, ""end"": 5.000123, ""max_rtt"": 314718, ""max_snd_cwnd"": 4121008, ""max_snd_wnd"": 5577472, ""mean_rtt"": 233458, ""min_rtt"": 141853, ""retransmits"": 0, ""seconds"": 5.000123, ""sender"": true, ""socket"": 5, ""start"": 0}}], ""sum_received"": {""bits_per_second"": 95517239.9539176, ""bytes"": 62389712, ""end"": 5.22542, ""seconds"": 5.22542, ""sender"": true, ""start"": 0}, ""sum_sent"": {""bits_per_second"": 99821979.57930234, ""bytes"": 62390272, ""end"": 5.000123, ""retransmits"": 0, ""seconds"": 5.000123, ""sender"": true, ""start"": 0}}",5201,link_down_before_traffic,pre,1,,link_down,s2-s3,,"{""down_at"": 0.0, ""up_at"": null}",0.0,"{""h1"": ""SPF/csv/pcap/ring5/astar/link_down_before_traffic/h1.pcap"", ""h10"": ""SPF/csv/pcap/ring5/astar/link_down_before_traffic/h10.pcap"", ""h2"": ""SPF/csv/pcap/ring5/astar/link_down_before_traffic/h2.pcap"", ""h3"": ""SPF/csv/pcap/ring5/astar/link_down_before_traffic/h3.pcap"", ""h4"": ""SPF/csv/pcap/ring5/astar/link_down_before_traffic/h4.pcap"", ""h5"": ""SPF/csv/pcap/ring5/astar/link_down_before_traffic/h5.pcap"", ""h6"": ""SPF/csv/pcap/ring5/astar/link_down_before_traffic/h6.pcap"", ""h7"": ""SPF/csv/pcap/ring5/astar/link_down_before_traffic/h7.pcap"", ""h8"": ""SPF/csv/pcap/ring5/astar/link_down_before_traffic/h8.pcap"", ""h9"": ""SPF/csv/pcap/ring5/astar/link_down_before_traffic/h9.pcap""}",{},"[{""event"": ""link_down"", ""timestamp"": ""2026-05-19T17:30:41.589702+00:00""}]",,,2,1,,,
2026-05-19T17:32:21.936969+00:00,live,ring5,,astar,0,h10,h8,s5,s4,success,0.020491,1,1,s5 -> s4,"[""s5"", ""s4""]",100.0,100.0,95.52084778151247,iperf3,tcp,5,1,11431,6653,"{""cpu_utilization_percent"": {""host_system"": 0.2503947175126209, ""host_total"": 0.322371737488586, ""host_user"": 0.07197701997596515, ""remote_system"": 1.231361488031712, ""remote_total"": 1.356647354779692, ""remote_user"": 0.12538115566397315}, ""receiver_tcp_congestion"": ""cubic"", ""sender_tcp_congestion"": ""cubic"", ""streams"": [{""receiver"": {""bits_per_second"": 95520847.78151247, ""bytes"": 62652136, ""end"": 5.247201, ""seconds"": 5.000092, ""sender"": true, ""socket"": 5, ""start"": 0}, ""sender"": {""bits_per_second"": 100242021.14681089, ""bytes"": 62652416, ""end"": 5.000092, ""max_rtt"": 292632, ""max_snd_cwnd"": 4123904, ""max_snd_wnd"": 5577472, ""mean_rtt"": 230682, ""min_rtt"": 146320, ""retransmits"": 0, ""seconds"": 5.000092, ""sender"": true, ""socket"": 5, ""start"": 0}}], ""sum_received"": {""bits_per_second"": 95520847.78151247, ""bytes"": 62652136, ""end"": 5.247201, ""seconds"": 5.247201, ""sender"": true, ""start"": 0}, ""sum_sent"": {""bits_per_second"": 100242021.14681089, ""bytes"": 62652416, ""end"": 5.000092, ""retransmits"": 0, ""seconds"": 5.000092, ""sender"": true, ""start"": 0}}",5201,link_down_before_traffic,pre,1,,link_down,s2-s3,,"{""down_at"": 0.0, ""up_at"": null}",0.0,"{""h1"": ""SPF/csv/pcap/ring5/astar/link_down_before_traffic/h1.pcap"", ""h10"": ""SPF/csv/pcap/ring5/astar/link_down_before_traffic/h10.pcap"", ""h2"": ""SPF/csv/pcap/ring5/astar/link_down_before_traffic/h2.pcap"", ""h3"": ""SPF/csv/pcap/ring5/astar/link_down_before_traffic/h3.pcap"", ""h4"": ""SPF/csv/pcap/ring5/astar/link_down_before_traffic/h4.pcap"", ""h5"": ""SPF/csv/pcap/ring5/astar/link_down_before_traffic/h5.pcap"", ""h6"": ""SPF/csv/pcap/ring5/astar/link_down_before_traffic/h6.pcap"", ""h7"": ""SPF/csv/pcap/ring5/astar/link_down_before_traffic/h7.pcap"", ""h8"": ""SPF/csv/pcap/ring5/astar/link_down_before_traffic/h8.pcap"", ""h9"": ""SPF/csv/pcap/ring5/astar/link_down_before_traffic/h9.pcap""}",{},"[{""event"": ""link_down"", ""timestamp"": ""2026-05-19T17:30:41.589702+00:00""}]",,,2,2,,,
2026-05-19T17:32:27.920969+00:00,live,ring5,,astar,0,h2,h10,s1,s5,success,0.015573,1,1,s1 -> s5,"[""s1"", ""s5""]",100.0,100.0,95.52106623184339,iperf3,tcp,5,1,11431,6653,"{""cpu_utilization_percent"": {""host_system"": 0.33189381789711153, ""host_total"": 0.33189381789711153, ""host_user"": 0, ""remote_system"": 1.151051989632566, ""remote_total"": 1.4496683945723434, ""remote_user"": 0.29859734715657876}, ""receiver_tcp_congestion"": ""cubic"", ""sender_tcp_congestion"": ""cubic"", ""streams"": [{""receiver"": {""bits_per_second"": 95521066.2318434, ""bytes"": 62652136, ""end"": 5.247189, ""seconds"": 5.000097, ""sender"": true, ""socket"": 5, ""start"": 0}, ""sender"": {""bits_per_second"": 100241920.9067344, ""bytes"": 62652416, ""end"": 5.000097, ""max_rtt"": 292617, ""max_snd_cwnd"": 4123904, ""max_snd_wnd"": 5577472, ""mean_rtt"": 230649, ""min_rtt"": 146144, ""retransmits"": 0, ""seconds"": 5.000097, ""sender"": true, ""socket"": 5, ""start"": 0}}], ""sum_received"": {""bits_per_second"": 95521066.2318434, ""bytes"": 62652136, ""end"": 5.247189, ""seconds"": 5.247189, ""sender"": true, ""start"": 0}, ""sum_sent"": {""bits_per_second"": 100241920.9067344, ""bytes"": 62652416, ""end"": 5.000097, ""retransmits"": 0, ""seconds"": 5.000097, ""sender"": true, ""start"": 0}}",5201,link_down_before_traffic,pre,1,,link_down,s2-s3,,"{""down_at"": 0.0, ""up_at"": null}",0.0,"{""h1"": ""SPF/csv/pcap/ring5/astar/link_down_before_traffic/h1.pcap"", ""h10"": ""SPF/csv/pcap/ring5/astar/link_down_before_traffic/h10.pcap"", ""h2"": ""SPF/csv/pcap/ring5/astar/link_down_before_traffic/h2.pcap"", ""h3"": ""SPF/csv/pcap/ring5/astar/link_down_before_traffic/h3.pcap"", ""h4"": ""SPF/csv/pcap/ring5/astar/link_down_before_traffic/h4.pcap"", ""h5"": ""SPF/csv/pcap/ring5/astar/link_down_before_traffic/h5.pcap"", ""h6"": ""SPF/csv/pcap/ring5/astar/link_down_before_traffic/h6.pcap"", ""h7"": ""SPF/csv/pcap/ring5/astar/link_down_before_traffic/h7.pcap"", ""h8"": ""SPF/csv/pcap/ring5/astar/link_down_before_traffic/h8.pcap"", ""h9"": ""SPF/csv/pcap/ring5/astar/link_down_before_traffic/h9.pcap""}",{},"[{""event"": ""link_down"", ""timestamp"": ""2026-05-19T17:30:41.589702+00:00""}]",,,2,2,,,
2026-05-19T17:32:33.903685+00:00,live,ring5,,astar,0,h2,h3,s1,s2,success,0.016872,1,1,s1 -> s2,"[""s1"", ""s2""]",100.0,100.0,95.51882024520047,iperf3,tcp,5,1,11431,6653,"{""cpu_utilization_percent"": {""host_system"": 0.3327678571962469, ""host_total"": 0.3327479250095326, ""host_user"": 0, ""remote_system"": 1.4686818109965887, ""remote_total"": 1.6379139757865764, ""remote_user"": 0.16923216478998793}, ""receiver_tcp_congestion"": ""cubic"", ""sender_tcp_congestion"": ""cubic"", ""streams"": [{""receiver"": {""bits_per_second"": 95518820.24520047, ""bytes"": 62389992, ""end"": 5.225357, ""seconds"": 5.000126, ""sender"": true, ""socket"": 5, ""start"": 0}, ""sender"": {""bits_per_second"": 99821919.68762387, ""bytes"": 62390272, ""end"": 5.000126, ""max_rtt"": 313347, ""max_snd_cwnd"": 4002272, ""max_snd_wnd"": 5577856, ""mean_rtt"": 221888, ""min_rtt"": 127627, ""retransmits"": 0, ""seconds"": 5.000126, ""sender"": true, ""socket"": 5, ""start"": 0}}], ""sum_received"": {""bits_per_second"": 95518820.24520047, ""bytes"": 62389992, ""end"": 5.225357, ""seconds"": 5.225357, ""sender"": true, ""start"": 0}, ""sum_sent"": {""bits_per_second"": 99821919.68762387, ""bytes"": 62390272, ""end"": 5.000126, ""retransmits"": 0, ""seconds"": 5.000126, ""sender"": true, ""start"": 0}}",5201,link_down_before_traffic,pre,1,,link_down,s2-s3,,"{""down_at"": 0.0, ""up_at"": null}",0.0,"{""h1"": ""SPF/csv/pcap/ring5/astar/link_down_before_traffic/h1.pcap"", ""h10"": ""SPF/csv/pcap/ring5/astar/link_down_before_traffic/h10.pcap"", ""h2"": ""SPF/csv/pcap/ring5/astar/link_down_before_traffic/h2.pcap"", ""h3"": ""SPF/csv/pcap/ring5/astar/link_down_before_traffic/h3.pcap"", ""h4"": ""SPF/csv/pcap/ring5/astar/link_down_before_traffic/h4.pcap"", ""h5"": ""SPF/csv/pcap/ring5/astar/link_down_before_traffic/h5.pcap"", ""h6"": ""SPF/csv/pcap/ring5/astar/link_down_before_traffic/h6.pcap"", ""h7"": ""SPF/csv/pcap/ring5/astar/link_down_before_traffic/h7.pcap"", ""h8"": ""SPF/csv/pcap/ring5/astar/link_down_before_traffic/h8.pcap"", ""h9"": ""SPF/csv/pcap/ring5/astar/link_down_before_traffic/h9.pcap""}",{},"[{""event"": ""link_down"", ""timestamp"": ""2026-05-19T17:30:41.589702+00:00""}]",,,2,1,,,
2026-05-19T17:32:39.866362+00:00,live,ring5,,astar,0,h2,h4,s1,s2,success,0.023078,1,1,s1 -> s2,"[""s1"", ""s2""]",100.0,100.0,95.51851949256776,iperf3,tcp,5,1,11431,6653,"{""cpu_utilization_percent"": {""host_system"": 0.37650748001903167, ""host_total"": 0.3765274126507231, ""host_user"": 0, ""remote_system"": 1.7892276625733807, ""remote_total"": 2.0099891524999944, ""remote_user"": 0.22078054737567493}, ""receiver_tcp_congestion"": ""cubic"", ""sender_tcp_congestion"": ""cubic"", ""streams"": [{""receiver"": {""bits_per_second"": 95518519.49256776, ""bytes"": 62651576, ""end"": 5.247282, ""seconds"": 5.000034, ""sender"": true, ""socket"": 5, ""start"": 0}, ""sender"": {""bits_per_second"": 100243183.94634916, ""bytes"": 62652416, ""end"": 5.000034, ""max_rtt"": 292585, ""max_snd_cwnd"": 4058744, ""max_snd_wnd"": 5577472, ""mean_rtt"": 230681, ""min_rtt"": 146321, ""retransmits"": 0, ""seconds"": 5.000034, ""sender"": true, ""socket"": 5, ""start"": 0}}], ""sum_received"": {""bits_per_second"": 95518519.49256776, ""bytes"": 62651576, ""end"": 5.247282, ""seconds"": 5.247282, ""sender"": true, ""start"": 0}, ""sum_sent"": {""bits_per_second"": 100243183.94634916, ""bytes"": 62652416, ""end"": 5.000034, ""retransmits"": 0, ""seconds"": 5.000034, ""sender"": true, ""start"": 0}}",5201,link_down_before_traffic,pre,1,,link_down,s2-s3,,"{""down_at"": 0.0, ""up_at"": null}",0.0,"{""h1"": ""SPF/csv/pcap/ring5/astar/link_down_before_traffic/h1.pcap"", ""h10"": ""SPF/csv/pcap/ring5/astar/link_down_before_traffic/h10.pcap"", ""h2"": ""SPF/csv/pcap/ring5/astar/link_down_before_traffic/h2.pcap"", ""h3"": ""SPF/csv/pcap/ring5/astar/link_down_before_traffic/h3.pcap"", ""h4"": ""SPF/csv/pcap/ring5/astar/link_down_before_traffic/h4.pcap"", ""h5"": ""SPF/csv/pcap/ring5/astar/link_down_before_traffic/h5.pcap"", ""h6"": ""SPF/csv/pcap/ring5/astar/link_down_before_traffic/h6.pcap"", ""h7"": ""SPF/csv/pcap/ring5/astar/link_down_before_traffic/h7.pcap"", ""h8"": ""SPF/csv/pcap/ring5/astar/link_down_before_traffic/h8.pcap"", ""h9"": ""SPF/csv/pcap/ring5/astar/link_down_before_traffic/h9.pcap""}",{},"[{""event"": ""link_down"", ""timestamp"": ""2026-05-19T17:30:41.589702+00:00""}]",,,2,2,,,
2026-05-19T17:32:48.788047+00:00,live,ring5,,astar,0,h2,h5,s1,s3,success,0.032042,2,2,s1 -> s2 -> s3,"[""s1"", ""s2"", ""s3""]",100.0,50.0,94.86382553930774,iperf3,tcp,5,1,11431,6653,"{""cpu_utilization_percent"": {""host_system"": 0.612930777893935, ""host_total"": 0.612930777893935, ""host_user"": 0, ""remote_system"": 2.260067134166361, ""remote_total"": 2.8833093342392413, ""remote_user"": 0.6232232109439667}, ""receiver_tcp_congestion"": ""cubic"", ""sender_tcp_congestion"": ""cubic"", ""streams"": [{""receiver"": {""bits_per_second"": 94863825.53930774, ""bytes"": 62445880, ""end"": 5.266149, ""seconds"": 5.000053, ""sender"": true, ""socket"": 5, ""start"": 0}, ""sender"": {""bits_per_second"": 100871941.95741524, ""bytes"": 63045632, ""end"": 5.000053, ""max_rtt"": 232606, ""max_snd_cwnd"": 3179808, ""max_snd_wnd"": 4791296, ""mean_rtt"": 153279, ""min_rtt"": 62073, ""retransmits"": 0, ""seconds"": 5.000053, ""sender"": true, ""socket"": 5, ""start"": 0}}], ""sum_received"": {""bits_per_second"": 94863825.53930774, ""bytes"": 62445880, ""end"": 5.266149, ""seconds"": 5.266149, ""sender"": true, ""start"": 0}, ""sum_sent"": {""bits_per_second"": 100871941.95741524, ""bytes"": 63045632, ""end"": 5.000053, ""retransmits"": 0, ""seconds"": 5.000053, ""sender"": true, ""start"": 0}}",5201,link_down_before_traffic,pre,1,,link_down,s2-s3,,"{""down_at"": 0.0, ""up_at"": null}",0.0,"{""h1"": ""SPF/csv/pcap/ring5/astar/link_down_before_traffic/h1.pcap"", ""h10"": ""SPF/csv/pcap/ring5/astar/link_down_before_traffic/h10.pcap"", ""h2"": ""SPF/csv/pcap/ring5/astar/link_down_before_traffic/h2.pcap"", ""h3"": ""SPF/csv/pcap/ring5/astar/link_down_before_traffic/h3.pcap"", ""h4"": ""SPF/csv/pcap/ring5/astar/link_down_before_traffic/h4.pcap"", ""h5"": ""SPF/csv/pcap/ring5/astar/link_down_before_traffic/h5.pcap"", ""h6"": ""SPF/csv/pcap/ring5/astar/link_down_before_traffic/h6.pcap"", ""h7"": ""SPF/csv/pcap/ring5/astar/link_down_before_traffic/h7.pcap"", ""h8"": ""SPF/csv/pcap/ring5/astar/link_down_before_traffic/h8.pcap"", ""h9"": ""SPF/csv/pcap/ring5/astar/link_down_before_traffic/h9.pcap""}",{},"[{""event"": ""link_down"", ""timestamp"": ""2026-05-19T17:30:41.589702+00:00""}]",,,2,1,,,
2026-05-19T17:32:54.889664+00:00,live,ring5,,astar,0,h2,h6,s1,s3,success,0.028335,2,2,s1 -> s2 -> s3,"[""s1"", ""s2"", ""s3""]",100.0,50.0,94.88536412710219,iperf3,tcp,5,1,11431,6653,"{""cpu_utilization_percent"": {""host_system"": 0.5158782734030083, ""host_total"": 0.598540790704408, ""host_user"": 0.08264271315254917, ""remote_system"": 2.0427324173450416, ""remote_total"": 3.088830729892017, ""remote_user"": 1.0460983125469752}, ""receiver_tcp_congestion"": ""cubic"", ""sender_tcp_congestion"": ""cubic"", ""streams"": [{""receiver"": {""bits_per_second"": 94885364.1271022, ""bytes"": 62127568, ""end"": 5.238116, ""seconds"": 5.00013, ""sender"": true, ""socket"": 5, ""start"": 0}, ""sender"": {""bits_per_second"": 99402420.33707123, ""bytes"": 62128128, ""end"": 5.00013, ""max_rtt"": 252514, ""max_snd_cwnd"": 3179808, ""max_snd_wnd"": 4791296, ""mean_rtt"": 157214, ""min_rtt"": 61938, ""retransmits"": 0, ""seconds"": 5.00013, ""sender"": true, ""socket"": 5, ""start"": 0}}], ""sum_received"": {""bits_per_second"": 94885364.1271022, ""bytes"": 62127568, ""end"": 5.238116, ""seconds"": 5.238116, ""sender"": true, ""start"": 0}, ""sum_sent"": {""bits_per_second"": 99402420.33707123, ""bytes"": 62128128, ""end"": 5.00013, ""retransmits"": 0, ""seconds"": 5.00013, ""sender"": true, ""start"": 0}}",5201,link_down_before_traffic,pre,1,,link_down,s2-s3,,"{""down_at"": 0.0, ""up_at"": null}",0.0,"{""h1"": ""SPF/csv/pcap/ring5/astar/link_down_before_traffic/h1.pcap"", ""h10"": ""SPF/csv/pcap/ring5/astar/link_down_before_traffic/h10.pcap"", ""h2"": ""SPF/csv/pcap/ring5/astar/link_down_before_traffic/h2.pcap"", ""h3"": ""SPF/csv/pcap/ring5/astar/link_down_before_traffic/h3.pcap"", ""h4"": ""SPF/csv/pcap/ring5/astar/link_down_before_traffic/h4.pcap"", ""h5"": ""SPF/csv/pcap/ring5/astar/link_down_before_traffic/h5.pcap"", ""h6"": ""SPF/csv/pcap/ring5/astar/link_down_before_traffic/h6.pcap"", ""h7"": ""SPF/csv/pcap/ring5/astar/link_down_before_traffic/h7.pcap"", ""h8"": ""SPF/csv/pcap/ring5/astar/link_down_before_traffic/h8.pcap"", ""h9"": ""SPF/csv/pcap/ring5/astar/link_down_before_traffic/h9.pcap""}",{},"[{""event"": ""link_down"", ""timestamp"": ""2026-05-19T17:30:41.589702+00:00""}]",,,2,2,,,
2026-05-19T17:33:00.923023+00:00,live,ring5,,astar,0,h2,h7,s1,s4,success,0.034461,2,2,s1 -> s5 -> s4,"[""s1"", ""s5"", ""s4""]",100.0,50.0,95.2371285894563,iperf3,tcp,5,1,11431,6653,"{""cpu_utilization_percent"": {""host_system"": 0.5042319967801623, ""host_total"": 0.5042717282431503, ""host_user"": 0, ""remote_system"": 2.2167496967163967, ""remote_total"": 2.4482590070236676, ""remote_user"": 0.2314904669644166}, ""receiver_tcp_congestion"": ""cubic"", ""sender_tcp_congestion"": ""cubic"", ""streams"": [{""receiver"": {""bits_per_second"": 95237128.5894563, ""bytes"": 63176704, ""end"": 5.306897, ""seconds"": 5.000076, ""sender"": true, ""socket"": 5, ""start"": 0}, ""sender"": {""bits_per_second"": 101081189.96591252, ""bytes"": 63176704, ""end"": 5.000076, ""max_rtt"": 238285, ""max_snd_cwnd"": 3692400, ""max_snd_wnd"": 4791296, ""mean_rtt"": 184239, ""min_rtt"": 102774, ""retransmits"": 0, ""seconds"": 5.000076, ""sender"": true, ""socket"": 5, ""start"": 0}}], ""sum_received"": {""bits_per_second"": 95237128.5894563, ""bytes"": 63176704, ""end"": 5.306897, ""seconds"": 5.306897, ""sender"": true, ""start"": 0}, ""sum_sent"": {""bits_per_second"": 101081189.96591252, ""bytes"": 63176704, ""end"": 5.000076, ""retransmits"": 0, ""seconds"": 5.000076, ""sender"": true, ""start"": 0}}",5201,link_down_before_traffic,pre,1,,link_down,s2-s3,,"{""down_at"": 0.0, ""up_at"": null}",0.0,"{""h1"": ""SPF/csv/pcap/ring5/astar/link_down_before_traffic/h1.pcap"", ""h10"": ""SPF/csv/pcap/ring5/astar/link_down_before_traffic/h10.pcap"", ""h2"": ""SPF/csv/pcap/ring5/astar/link_down_before_traffic/h2.pcap"", ""h3"": ""SPF/csv/pcap/ring5/astar/link_down_before_traffic/h3.pcap"", ""h4"": ""SPF/csv/pcap/ring5/astar/link_down_before_traffic/h4.pcap"", ""h5"": ""SPF/csv/pcap/ring5/astar/link_down_before_traffic/h5.pcap"", ""h6"": ""SPF/csv/pcap/ring5/astar/link_down_before_traffic/h6.pcap"", ""h7"": ""SPF/csv/pcap/ring5/astar/link_down_before_traffic/h7.pcap"", ""h8"": ""SPF/csv/pcap/ring5/astar/link_down_before_traffic/h8.pcap"", ""h9"": ""SPF/csv/pcap/ring5/astar/link_down_before_traffic/h9.pcap""}",{},"[{""event"": ""link_down"", ""timestamp"": ""2026-05-19T17:30:41.589702+00:00""}]",,,2,1,,,
2026-05-19T17:33:06.999388+00:00,live,ring5,,astar,0,h2,h8,s1,s4,success,0.048307,2,2,s1 -> s5 -> s4,"[""s1"", ""s5"", ""s4""]",100.0,50.0,95.23929076781981,iperf3,tcp,5,1,11431,6653,"{""cpu_utilization_percent"": {""host_system"": 0.46089861919160546, ""host_total"": 0.57682858914518, ""host_user"": 0.11592996995357437, ""remote_system"": 2.687114760956288, ""remote_total"": 3.508348769590542, ""remote_user"": 0.8212151647800827}, ""receiver_tcp_congestion"": ""cubic"", ""sender_tcp_congestion"": ""cubic"", ""streams"": [{""receiver"": {""bits_per_second"": 95239290.7678198, ""bytes"": 63176424, ""end"": 5.306753, ""seconds"": 5.000078, ""sender"": true, ""socket"": 5, ""start"": 0}, ""sender"": {""bits_per_second"": 101081149.53406726, ""bytes"": 63176704, ""end"": 5.000078, ""max_rtt"": 240284, ""max_snd_cwnd"": 3753216, ""max_snd_wnd"": 4791296, ""mean_rtt"": 187679, ""min_rtt"": 107753, ""retransmits"": 0, ""seconds"": 5.000078, ""sender"": true, ""socket"": 5, ""start"": 0}}], ""sum_received"": {""bits_per_second"": 95239290.7678198, ""bytes"": 63176424, ""end"": 5.306753, ""seconds"": 5.306753, ""sender"": true, ""start"": 0}, ""sum_sent"": {""bits_per_second"": 101081149.53406726, ""bytes"": 63176704, ""end"": 5.000078, ""retransmits"": 0, ""seconds"": 5.000078, ""sender"": true, ""start"": 0}}",5201,link_down_before_traffic,pre,1,,link_down,s2-s3,,"{""down_at"": 0.0, ""up_at"": null}",0.0,"{""h1"": ""SPF/csv/pcap/ring5/astar/link_down_before_traffic/h1.pcap"", ""h10"": ""SPF/csv/pcap/ring5/astar/link_down_before_traffic/h10.pcap"", ""h2"": ""SPF/csv/pcap/ring5/astar/link_down_before_traffic/h2.pcap"", ""h3"": ""SPF/csv/pcap/ring5/astar/link_down_before_traffic/h3.pcap"", ""h4"": ""SPF/csv/pcap/ring5/astar/link_down_before_traffic/h4.pcap"", ""h5"": ""SPF/csv/pcap/ring5/astar/link_down_before_traffic/h5.pcap"", ""h6"": ""SPF/csv/pcap/ring5/astar/link_down_before_traffic/h6.pcap"", ""h7"": ""SPF/csv/pcap/ring5/astar/link_down_before_traffic/h7.pcap"", ""h8"": ""SPF/csv/pcap/ring5/astar/link_down_before_traffic/h8.pcap"", ""h9"": ""SPF/csv/pcap/ring5/astar/link_down_before_traffic/h9.pcap""}",{},"[{""event"": ""link_down"", ""timestamp"": ""2026-05-19T17:30:41.589702+00:00""}]",,,2,2,,,
2026-05-19T17:33:13.073104+00:00,live,ring5,,astar,0,h2,h9,s1,s5,success,0.09163,1,1,s1 -> s5,"[""s1"", ""s5""]",100.0,100.0,95.51504100984846,iperf3,tcp,5,1,11431,6653,"{""cpu_utilization_percent"": {""host_system"": 0.4701416503767671, ""host_total"": 0.47016158092280025, ""host_user"": 0, ""remote_system"": 2.3955982430627984, ""remote_total"": 2.6543670644974475, ""remote_user"": 0.258768821434649}, ""receiver_tcp_congestion"": ""cubic"", ""sender_tcp_congestion"": ""cubic"", ""streams"": [{""receiver"": {""bits_per_second"": 95515041.00984846, ""bytes"": 62652136, ""end"": 5.24752, ""seconds"": 5.000138, ""sender"": true, ""socket"": 5, ""start"": 0}, ""sender"": {""bits_per_second"": 100241098.9456691, ""bytes"": 62652416, ""end"": 5.000138, ""max_rtt"": 292519, ""max_snd_cwnd"": 4123904, ""max_snd_wnd"": 5577472, ""mean_rtt"": 230622, ""min_rtt"": 146243, ""retransmits"": 0, ""seconds"": 5.000138, ""sender"": true, ""socket"": 5, ""start"": 0}}], ""sum_received"": {""bits_per_second"": 95515041.00984846, ""bytes"": 62652136, ""end"": 5.24752, ""seconds"": 5.24752, ""sender"": true, ""start"": 0}, ""sum_sent"": {""bits_per_second"": 100241098.9456691, ""bytes"": 62652416, ""end"": 5.000138, ""retransmits"": 0, ""seconds"": 5.000138, ""sender"": true, ""start"": 0}}",5201,link_down_before_traffic,pre,1,,link_down,s2-s3,,"{""down_at"": 0.0, ""up_at"": null}",0.0,"{""h1"": ""SPF/csv/pcap/ring5/astar/link_down_before_traffic/h1.pcap"", ""h10"": ""SPF/csv/pcap/ring5/astar/link_down_before_traffic/h10.pcap"", ""h2"": ""SPF/csv/pcap/ring5/astar/link_down_before_traffic/h2.pcap"", ""h3"": ""SPF/csv/pcap/ring5/astar/link_down_before_traffic/h3.pcap"", ""h4"": ""SPF/csv/pcap/ring5/astar/link_down_before_traffic/h4.pcap"", ""h5"": ""SPF/csv/pcap/ring5/astar/link_down_before_traffic/h5.pcap"", ""h6"": ""SPF/csv/pcap/ring5/astar/link_down_before_traffic/h6.pcap"", ""h7"": ""SPF/csv/pcap/ring5/astar/link_down_before_traffic/h7.pcap"", ""h8"": ""SPF/csv/pcap/ring5/astar/link_down_before_traffic/h8.pcap"", ""h9"": ""SPF/csv/pcap/ring5/astar/link_down_before_traffic/h9.pcap""}",{},"[{""event"": ""link_down"", ""timestamp"": ""2026-05-19T17:30:41.589702+00:00""}]",,,2,1,,,
2026-05-19T17:33:22.109889+00:00,live,ring5,,astar,0,h3,h1,s2,s1,success,0.040271,1,1,s2 -> s1,"[""s2"", ""s1""]",100.0,100.0,95.51648873181325,iperf3,tcp,5,1,11431,6653,"{""cpu_utilization_percent"": {""host_system"": 0.549099031946638, ""host_total"": 0.549099031946638, ""host_user"": 0, ""remote_system"": 2.820439560902208, ""remote_total"": 3.249716344725026, ""remote_user"": 0.42927678382281775}, ""receiver_tcp_congestion"": ""cubic"", ""sender_tcp_congestion"": ""cubic"", ""streams"": [{""receiver"": {""bits_per_second"": 95516488.73181325, ""bytes"": 62390272, ""end"": 5.225508, ""seconds"": 5.000063, ""sender"": true, ""socket"": 5, ""start"": 0}, ""sender"": {""bits_per_second"": 99823177.4279644, ""bytes"": 62390272, ""end"": 5.000063, ""max_rtt"": 315036, ""max_snd_cwnd"": 4131144, ""max_snd_wnd"": 5577472, ""mean_rtt"": 234254, ""min_rtt"": 142864, ""retransmits"": 0, ""seconds"": 5.000063, ""sender"": true, ""socket"": 5, ""start"": 0}}], ""sum_received"": {""bits_per_second"": 95516488.73181325, ""bytes"": 62390272, ""end"": 5.225508, ""seconds"": 5.225508, ""sender"": true, ""start"": 0}, ""sum_sent"": {""bits_per_second"": 99823177.4279644, ""bytes"": 62390272, ""end"": 5.000063, ""retransmits"": 0, ""seconds"": 5.000063, ""sender"": true, ""start"": 0}}",5201,link_down_before_traffic,pre,1,,link_down,s2-s3,,"{""down_at"": 0.0, ""up_at"": null}",0.0,"{""h1"": ""SPF/csv/pcap/ring5/astar/link_down_before_traffic/h1.pcap"", ""h10"": ""SPF/csv/pcap/ring5/astar/link_down_before_traffic/h10.pcap"", ""h2"": ""SPF/csv/pcap/ring5/astar/link_down_before_traffic/h2.pcap"", ""h3"": ""SPF/csv/pcap/ring5/astar/link_down_before_traffic/h3.pcap"", ""h4"": ""SPF/csv/pcap/ring5/astar/link_down_before_traffic/h4.pcap"", ""h5"": ""SPF/csv/pcap/ring5/astar/link_down_before_traffic/h5.pcap"", ""h6"": ""SPF/csv/pcap/ring5/astar/link_down_before_traffic/h6.pcap"", ""h7"": ""SPF/csv/pcap/ring5/astar/link_down_before_traffic/h7.pcap"", ""h8"": ""SPF/csv/pcap/ring5/astar/link_down_before_traffic/h8.pcap"", ""h9"": ""SPF/csv/pcap/ring5/astar/link_down_before_traffic/h9.pcap""}",{},"[{""event"": ""link_down"", ""timestamp"": ""2026-05-19T17:30:41.589702+00:00""}]",,,1,1,,,
2026-05-19T17:33:28.076692+00:00,live,ring5,,astar,0,h3,h10,s2,s5,success,0.028633,2,2,s2 -> s1 -> s5,"[""s2"", ""s1"", ""s5""]",100.0,50.0,95.23947023626356,iperf3,tcp,5,1,11431,6653,"{""cpu_utilization_percent"": {""host_system"": 0.590487236904767, ""host_total"": 0.5905071045820626, ""host_user"": 0, ""remote_system"": 1.9676013602257947, ""remote_total"": 2.545392052334699, ""remote_user"": 0.5777530043721544}, ""receiver_tcp_congestion"": ""cubic"", ""sender_tcp_congestion"": ""cubic"", ""streams"": [{""receiver"": {""bits_per_second"": 95239470.23626356, ""bytes"": 63176424, ""end"": 5.306743, ""seconds"": 5.000065, ""sender"": true, ""socket"": 5, ""start"": 0}, ""sender"": {""bits_per_second"": 101081412.34163955, ""bytes"": 63176704, ""end"": 5.000065, ""max_rtt"": 240540, ""max_snd_cwnd"": 3753216, ""max_snd_wnd"": 4791296, ""mean_rtt"": 187718, ""min_rtt"": 107772, ""retransmits"": 0, ""seconds"": 5.000065, ""sender"": true, ""socket"": 5, ""start"": 0}}], ""sum_received"": {""bits_per_second"": 95239470.23626356, ""bytes"": 63176424, ""end"": 5.306743, ""seconds"": 5.306743, ""sender"": true, ""start"": 0}, ""sum_sent"": {""bits_per_second"": 101081412.34163955, ""bytes"": 63176704, ""end"": 5.000065, ""retransmits"": 0, ""seconds"": 5.000065, ""sender"": true, ""start"": 0}}",5201,link_down_before_traffic,pre,1,,link_down,s2-s3,,"{""down_at"": 0.0, ""up_at"": null}",0.0,"{""h1"": ""SPF/csv/pcap/ring5/astar/link_down_before_traffic/h1.pcap"", ""h10"": ""SPF/csv/pcap/ring5/astar/link_down_before_traffic/h10.pcap"", ""h2"": ""SPF/csv/pcap/ring5/astar/link_down_before_traffic/h2.pcap"", ""h3"": ""SPF/csv/pcap/ring5/astar/link_down_before_traffic/h3.pcap"", ""h4"": ""SPF/csv/pcap/ring5/astar/link_down_before_traffic/h4.pcap"", ""h5"": ""SPF/csv/pcap/ring5/astar/link_down_before_traffic/h5.pcap"", ""h6"": ""SPF/csv/pcap/ring5/astar/link_down_before_traffic/h6.pcap"", ""h7"": ""SPF/csv/pcap/ring5/astar/link_down_before_traffic/h7.pcap"", ""h8"": ""SPF/csv/pcap/ring5/astar/link_down_before_traffic/h8.pcap"", ""h9"": ""SPF/csv/pcap/ring5/astar/link_down_before_traffic/h9.pcap""}",{},"[{""event"": ""link_down"", ""timestamp"": ""2026-05-19T17:30:41.589702+00:00""}]",,,1,2,,,
2026-05-19T17:33:34.162751+00:00,live,ring5,,astar,0,h3,h2,s2,s1,success,0.031008,1,1,s2 -> s1,"[""s2"", ""s1""]",100.0,100.0,95.42382310315641,iperf3,tcp,5,1,11431,6653,"{""cpu_utilization_percent"": {""host_system"": 0.3732053582267134, ""host_total"": 0.3732053582267134, ""host_user"": 0, ""remote_system"": 2.1462123221477327, ""remote_total"": 2.1462313763867673, ""remote_user"": 0}, ""receiver_tcp_congestion"": ""cubic"", ""sender_tcp_congestion"": ""cubic"", ""streams"": [{""receiver"": {""bits_per_second"": 95423823.1031564, ""bytes"": 62600008, ""end"": 5.248166, ""seconds"": 5.000059, ""sender"": true, ""socket"": 5, ""start"": 0}, ""sender"": {""bits_per_second"": 100242682.73634371, ""bytes"": 62652416, ""end"": 5.000059, ""max_rtt"": 292500, ""max_snd_cwnd"": 4123904, ""max_snd_wnd"": 5577472, ""mean_rtt"": 230639, ""min_rtt"": 146340, ""retransmits"": 0, ""seconds"": 5.000059, ""sender"": true, ""socket"": 5, ""start"": 0}}], ""sum_received"": {""bits_per_second"": 95423823.1031564, ""bytes"": 62600008, ""end"": 5.248166, ""seconds"": 5.248166, ""sender"": true, ""start"": 0}, ""sum_sent"": {""bits_per_second"": 100242682.73634371, ""bytes"": 62652416, ""end"": 5.000059, ""retransmits"": 0, ""seconds"": 5.000059, ""sender"": true, ""start"": 0}}",5201,link_down_before_traffic,pre,1,,link_down,s2-s3,,"{""down_at"": 0.0, ""up_at"": null}",0.0,"{""h1"": ""SPF/csv/pcap/ring5/astar/link_down_before_traffic/h1.pcap"", ""h10"": ""SPF/csv/pcap/ring5/astar/link_down_before_traffic/h10.pcap"", ""h2"": ""SPF/csv/pcap/ring5/astar/link_down_before_traffic/h2.pcap"", ""h3"": ""SPF/csv/pcap/ring5/astar/link_down_before_traffic/h3.pcap"", ""h4"": ""SPF/csv/pcap/ring5/astar/link_down_before_traffic/h4.pcap"", ""h5"": ""SPF/csv/pcap/ring5/astar/link_down_before_traffic/h5.pcap"", ""h6"": ""SPF/csv/pcap/ring5/astar/link_down_before_traffic/h6.pcap"", ""h7"": ""SPF/csv/pcap/ring5/astar/link_down_before_traffic/h7.pcap"", ""h8"": ""SPF/csv/pcap/ring5/astar/link_down_before_traffic/h8.pcap"", ""h9"": ""SPF/csv/pcap/ring5/astar/link_down_before_traffic/h9.pcap""}",{},"[{""event"": ""link_down"", ""timestamp"": ""2026-05-19T17:30:41.589702+00:00""}]",,,1,2,,,
2026-05-19T17:33:40.148140+00:00,live,ring5,,astar,0,h3,h5,s2,s3,success,0.030401,1,1,s2 -> s3,"[""s2"", ""s3""]",100.0,100.0,94.29578156172393,iperf3,tcp,5,1,11431,6653,"{""cpu_utilization_percent"": {""host_system"": 0.561212604580828, ""host_total"": 0.6110402609042417, ""host_user"": 0.04982765632341386, ""remote_system"": 1.8688046764126296, ""remote_total"": 2.180517149436594, ""remote_user"": 0.3117124730239642}, ""receiver_tcp_congestion"": ""cubic"", ""sender_tcp_congestion"": ""cubic"", ""streams"": [{""receiver"": {""bits_per_second"": 94295781.56172393, ""bytes"": 61734352, ""end"": 5.237507, ""seconds"": 5.000207, ""sender"": true, ""socket"": 5, ""start"": 0}, ""sender"": {""bits_per_second"": 98771770.04872, ""bytes"": 61734912, ""end"": 5.000207, ""max_rtt"": 261503, ""max_snd_cwnd"": 3292752, ""max_snd_wnd"": 4791296, ""mean_rtt"": 166598, ""min_rtt"": 71791, ""retransmits"": 0, ""seconds"": 5.000207, ""sender"": true, ""socket"": 5, ""start"": 0}}], ""sum_received"": {""bits_per_second"": 94295781.56172393, ""bytes"": 61734352, ""end"": 5.237507, ""seconds"": 5.237507, ""sender"": true, ""start"": 0}, ""sum_sent"": {""bits_per_second"": 98771770.04872, ""bytes"": 61734912, ""end"": 5.000207, ""retransmits"": 0, ""seconds"": 5.000207, ""sender"": true, ""start"": 0}}",5201,link_down_before_traffic,pre,1,,link_down,s2-s3,,"{""down_at"": 0.0, ""up_at"": null}",0.0,"{""h1"": ""SPF/csv/pcap/ring5/astar/link_down_before_traffic/h1.pcap"", ""h10"": ""SPF/csv/pcap/ring5/astar/link_down_before_traffic/h10.pcap"", ""h2"": ""SPF/csv/pcap/ring5/astar/link_down_before_traffic/h2.pcap"", ""h3"": ""SPF/csv/pcap/ring5/astar/link_down_before_traffic/h3.pcap"", ""h4"": ""SPF/csv/pcap/ring5/astar/link_down_before_traffic/h4.pcap"", ""h5"": ""SPF/csv/pcap/ring5/astar/link_down_before_traffic/h5.pcap"", ""h6"": ""SPF/csv/pcap/ring5/astar/link_down_before_traffic/h6.pcap"", ""h7"": ""SPF/csv/pcap/ring5/astar/link_down_before_traffic/h7.pcap"", ""h8"": ""SPF/csv/pcap/ring5/astar/link_down_before_traffic/h8.pcap"", ""h9"": ""SPF/csv/pcap/ring5/astar/link_down_before_traffic/h9.pcap""}",{},"[{""event"": ""link_down"", ""timestamp"": ""2026-05-19T17:30:41.589702+00:00""}]",,,1,1,,,
2026-05-19T17:33:46.208468+00:00,live,ring5,,astar,0,h3,h6,s2,s3,success,0.029905,1,1,s2 -> s3,"[""s2"", ""s3""]",100.0,100.0,94.4884733932112,iperf3,tcp,5,1,11431,6653,"{""cpu_utilization_percent"": {""host_system"": 0.658555657791846, ""host_total"": 0.658575394527477, ""host_user"": 0, ""remote_system"": 2.244447737368102, ""remote_total"": 2.4606651456454545, ""remote_user"": 0.21619806342557862}, ""receiver_tcp_congestion"": ""cubic"", ""sender_tcp_congestion"": ""cubic"", ""streams"": [{""receiver"": {""bits_per_second"": 94488473.3932112, ""bytes"": 61054920, ""end"": 5.169301, ""seconds"": 5.000052, ""sender"": true, ""socket"": 5, ""start"": 0}, ""sender"": {""bits_per_second"": 100662249.11260922, ""bytes"": 62914560, ""end"": 5.000052, ""max_rtt"": 169083, ""max_snd_cwnd"": 2031544, ""max_snd_wnd"": 4429056, ""mean_rtt"": 138962, ""min_rtt"": 71547, ""retransmits"": 8, ""seconds"": 5.000052, ""sender"": true, ""socket"": 5, ""start"": 0}}], ""sum_received"": {""bits_per_second"": 94488473.3932112, ""bytes"": 61054920, ""end"": 5.169301, ""seconds"": 5.169301, ""sender"": true, ""start"": 0}, ""sum_sent"": {""bits_per_second"": 100662249.11260922, ""bytes"": 62914560, ""end"": 5.000052, ""retransmits"": 8, ""seconds"": 5.000052, ""sender"": true, ""start"": 0}}",5201,link_down_before_traffic,pre,1,,link_down,s2-s3,,"{""down_at"": 0.0, ""up_at"": null}",0.0,"{""h1"": ""SPF/csv/pcap/ring5/astar/link_down_before_traffic/h1.pcap"", ""h10"": ""SPF/csv/pcap/ring5/astar/link_down_before_traffic/h10.pcap"", ""h2"": ""SPF/csv/pcap/ring5/astar/link_down_before_traffic/h2.pcap"", ""h3"": ""SPF/csv/pcap/ring5/astar/link_down_before_traffic/h3.pcap"", ""h4"": ""SPF/csv/pcap/ring5/astar/link_down_before_traffic/h4.pcap"", ""h5"": ""SPF/csv/pcap/ring5/astar/link_down_before_traffic/h5.pcap"", ""h6"": ""SPF/csv/pcap/ring5/astar/link_down_before_traffic/h6.pcap"", ""h7"": ""SPF/csv/pcap/ring5/astar/link_down_before_traffic/h7.pcap"", ""h8"": ""SPF/csv/pcap/ring5/astar/link_down_before_traffic/h8.pcap"", ""h9"": ""SPF/csv/pcap/ring5/astar/link_down_before_traffic/h9.pcap""}",{},"[{""event"": ""link_down"", ""timestamp"": ""2026-05-19T17:30:41.589702+00:00""}]",,,1,2,,,
2026-05-19T17:33:55.274530+00:00,live,ring5,,astar,0,h3,h7,s2,s4,success,0.025085,2,2,s2 -> s3 -> s4,"[""s2"", ""s3"", ""s4""]",100.0,50.0,94.82553467130293,iperf3,tcp,5,1,11431,6653,"{""cpu_utilization_percent"": {""host_system"": 0.6209609468674225, ""host_total"": 0.6587239587200973, ""host_user"": 0.03774320953917046, ""remote_system"": 1.9035501210713937, ""remote_total"": 2.2377702597418736, ""remote_user"": 0.3342201386704803}, ""receiver_tcp_congestion"": ""cubic"", ""sender_tcp_congestion"": ""cubic"", ""streams"": [{""receiver"": {""bits_per_second"": 94825534.67130293, ""bytes"": 61996496, ""end"": 5.230363, ""seconds"": 5.00005, ""sender"": true, ""socket"": 5, ""start"": 0}, ""sender"": {""bits_per_second"": 99194297.65702343, ""bytes"": 61997056, ""end"": 5.00005, ""max_rtt"": 252459, ""max_snd_cwnd"": 3176912, ""max_snd_wnd"": 4791296, ""mean_rtt"": 157069, ""min_rtt"": 61932, ""retransmits"": 0, ""seconds"": 5.00005, ""sender"": true, ""socket"": 5, ""start"": 0}}], ""sum_received"": {""bits_per_second"": 94825534.67130293, ""bytes"": 61996496, ""end"": 5.230363, ""seconds"": 5.230363, ""sender"": true, ""start"": 0}, ""sum_sent"": {""bits_per_second"": 99194297.65702343, ""bytes"": 61997056, ""end"": 5.00005, ""retransmits"": 0, ""seconds"": 5.00005, ""sender"": true, ""start"": 0}}",5201,link_down_before_traffic,pre,1,,link_down,s2-s3,,"{""down_at"": 0.0, ""up_at"": null}",0.0,"{""h1"": ""SPF/csv/pcap/ring5/astar/link_down_before_traffic/h1.pcap"", ""h10"": ""SPF/csv/pcap/ring5/astar/link_down_before_traffic/h10.pcap"", ""h2"": ""SPF/csv/pcap/ring5/astar/link_down_before_traffic/h2.pcap"", ""h3"": ""SPF/csv/pcap/ring5/astar/link_down_before_traffic/h3.pcap"", ""h4"": ""SPF/csv/pcap/ring5/astar/link_down_before_traffic/h4.pcap"", ""h5"": ""SPF/csv/pcap/ring5/astar/link_down_before_traffic/h5.pcap"", ""h6"": ""SPF/csv/pcap/ring5/astar/link_down_before_traffic/h6.pcap"", ""h7"": ""SPF/csv/pcap/ring5/astar/link_down_before_traffic/h7.pcap"", ""h8"": ""SPF/csv/pcap/ring5/astar/link_down_before_traffic/h8.pcap"", ""h9"": ""SPF/csv/pcap/ring5/astar/link_down_before_traffic/h9.pcap""}",{},"[{""event"": ""link_down"", ""timestamp"": ""2026-05-19T17:30:41.589702+00:00""}]",,,1,1,,,
2026-05-19T17:34:01.299783+00:00,live,ring5,,astar,0,h3,h8,s2,s4,success,0.023673,2,2,s2 -> s3 -> s4,"[""s2"", ""s3"", ""s4""]",100.0,50.0,94.89592770148569,iperf3,tcp,5,1,11431,6653,"{""cpu_utilization_percent"": {""host_system"": 0.5752669665728816, ""host_total"": 0.5752867719494076, ""host_user"": 0, ""remote_system"": 2.6462995122479227, ""remote_total"": 2.905661703058966, ""remote_user"": 0.25936219081104334}, ""receiver_tcp_congestion"": ""cubic"", ""sender_tcp_congestion"": ""cubic"", ""streams"": [{""receiver"": {""bits_per_second"": 94895927.7014857, ""bytes"": 62464592, ""end"": 5.265945, ""seconds"": 5.000062, ""sender"": true, ""socket"": 5, ""start"": 0}, ""sender"": {""bits_per_second"": 100032909.9919161, ""bytes"": 62521344, ""end"": 5.000062, ""max_rtt"": 252018, ""max_snd_cwnd"": 3179808, ""max_snd_wnd"": 4791296, ""mean_rtt"": 157113, ""min_rtt"": 61909, ""retransmits"": 0, ""seconds"": 5.000062, ""sender"": true, ""socket"": 5, ""start"": 0}}], ""sum_received"": {""bits_per_second"": 94895927.7014857, ""bytes"": 62464592, ""end"": 5.265945, ""seconds"": 5.265945, ""sender"": true, ""start"": 0}, ""sum_sent"": {""bits_per_second"": 100032909.9919161, ""bytes"": 62521344, ""end"": 5.000062, ""retransmits"": 0, ""seconds"": 5.000062, ""sender"": true, ""start"": 0}}",5201,link_down_before_traffic,pre,1,,link_down,s2-s3,,"{""down_at"": 0.0, ""up_at"": null}",0.0,"{""h1"": ""SPF/csv/pcap/ring5/astar/link_down_before_traffic/h1.pcap"", ""h10"": ""SPF/csv/pcap/ring5/astar/link_down_before_traffic/h10.pcap"", ""h2"": ""SPF/csv/pcap/ring5/astar/link_down_before_traffic/h2.pcap"", ""h3"": ""SPF/csv/pcap/ring5/astar/link_down_before_traffic/h3.pcap"", ""h4"": ""SPF/csv/pcap/ring5/astar/link_down_before_traffic/h4.pcap"", ""h5"": ""SPF/csv/pcap/ring5/astar/link_down_before_traffic/h5.pcap"", ""h6"": ""SPF/csv/pcap/ring5/astar/link_down_before_traffic/h6.pcap"", ""h7"": ""SPF/csv/pcap/ring5/astar/link_down_before_traffic/h7.pcap"", ""h8"": ""SPF/csv/pcap/ring5/astar/link_down_before_traffic/h8.pcap"", ""h9"": ""SPF/csv/pcap/ring5/astar/link_down_before_traffic/h9.pcap""}",{},"[{""event"": ""link_down"", ""timestamp"": ""2026-05-19T17:30:41.589702+00:00""}]",,,1,2,,,
2026-05-19T17:34:07.361087+00:00,live,ring5,,astar,0,h3,h9,s2,s5,success,0.06447,2,2,s2 -> s1 -> s5,"[""s2"", ""s1"", ""s5""]",100.0,50.0,95.2314041863003,iperf3,tcp,5,1,11431,6653,"{""cpu_utilization_percent"": {""host_system"": 0.38855481765856287, ""host_total"": 0.5056894533531577, ""host_user"": 0.11709490210039726, ""remote_system"": 1.73730732908806, ""remote_total"": 2.0824398990359576, ""remote_user"": 0.34513256994789754}, ""receiver_tcp_congestion"": ""cubic"", ""sender_tcp_congestion"": ""cubic"", ""streams"": [{""receiver"": {""bits_per_second"": 95231404.1863003, ""bytes"": 63176704, ""end"": 5.307216, ""seconds"": 5.000143, ""sender"": true, ""socket"": 5, ""start"": 0}, ""sender"": {""bits_per_second"": 101079835.51670423, ""bytes"": 63176704, ""end"": 5.000143, ""max_rtt"": 239469, ""max_snd_cwnd"": 3690952, ""max_snd_wnd"": 4791296, ""mean_rtt"": 184487, ""min_rtt"": 102852, ""retransmits"": 0, ""seconds"": 5.000143, ""sender"": true, ""socket"": 5, ""start"": 0}}], ""sum_received"": {""bits_per_second"": 95231404.1863003, ""bytes"": 63176704, ""end"": 5.307216, ""seconds"": 5.307216, ""sender"": true, ""start"": 0}, ""sum_sent"": {""bits_per_second"": 101079835.51670423, ""bytes"": 63176704, ""end"": 5.000143, ""retransmits"": 0, ""seconds"": 5.000143, ""sender"": true, ""start"": 0}}",5201,link_down_before_traffic,pre,1,,link_down,s2-s3,,"{""down_at"": 0.0, ""up_at"": null}",0.0,"{""h1"": ""SPF/csv/pcap/ring5/astar/link_down_before_traffic/h1.pcap"", ""h10"": ""SPF/csv/pcap/ring5/astar/link_down_before_traffic/h10.pcap"", ""h2"": ""SPF/csv/pcap/ring5/astar/link_down_before_traffic/h2.pcap"", ""h3"": ""SPF/csv/pcap/ring5/astar/link_down_before_traffic/h3.pcap"", ""h4"": ""SPF/csv/pcap/ring5/astar/link_down_before_traffic/h4.pcap"", ""h5"": ""SPF/csv/pcap/ring5/astar/link_down_before_traffic/h5.pcap"", ""h6"": ""SPF/csv/pcap/ring5/astar/link_down_before_traffic/h6.pcap"", ""h7"": ""SPF/csv/pcap/ring5/astar/link_down_before_traffic/h7.pcap"", ""h8"": ""SPF/csv/pcap/ring5/astar/link_down_before_traffic/h8.pcap"", ""h9"": ""SPF/csv/pcap/ring5/astar/link_down_before_traffic/h9.pcap""}",{},"[{""event"": ""link_down"", ""timestamp"": ""2026-05-19T17:30:41.589702+00:00""}]",,,1,1,,,
2026-05-19T17:34:13.436548+00:00,live,ring5,,astar,0,h4,h1,s2,s1,success,0.023726,1,1,s2 -> s1,"[""s2"", ""s1""]",100.0,100.0,95.51497652066445,iperf3,tcp,5,1,11431,6653,"{""cpu_utilization_percent"": {""host_system"": 0.312649900978275, ""host_total"": 0.5555566613257964, ""host_user"": 0.24290676034752148, ""remote_system"": 2.1663755278008274, ""remote_total"": 2.5911996962561736, ""remote_user"": 0.4248241684553463}, ""receiver_tcp_congestion"": ""cubic"", ""sender_tcp_congestion"": ""cubic"", ""streams"": [{""receiver"": {""bits_per_second"": 95514976.52066445, ""bytes"": 62388544, ""end"": 5.225446, ""seconds"": 5.000037, ""sender"": true, ""socket"": 5, ""start"": 0}, ""sender"": {""bits_per_second"": 99823696.50464587, ""bytes"": 62390272, ""end"": 5.000037, ""max_rtt"": 314488, ""max_snd_cwnd"": 4064536, ""max_snd_wnd"": 5577472, ""mean_rtt"": 234066, ""min_rtt"": 142822, ""retransmits"": 0, ""seconds"": 5.000037, ""sender"": true, ""socket"": 5, ""start"": 0}}], ""sum_received"": {""bits_per_second"": 95514976.52066445, ""bytes"": 62388544, ""end"": 5.225446, ""seconds"": 5.225446, ""sender"": true, ""start"": 0}, ""sum_sent"": {""bits_per_second"": 99823696.50464587, ""bytes"": 62390272, ""end"": 5.000037, ""retransmits"": 0, ""seconds"": 5.000037, ""sender"": true, ""start"": 0}}",5201,link_down_before_traffic,pre,1,,link_down,s2-s3,,"{""down_at"": 0.0, ""up_at"": null}",0.0,"{""h1"": ""SPF/csv/pcap/ring5/astar/link_down_before_traffic/h1.pcap"", ""h10"": ""SPF/csv/pcap/ring5/astar/link_down_before_traffic/h10.pcap"", ""h2"": ""SPF/csv/pcap/ring5/astar/link_down_before_traffic/h2.pcap"", ""h3"": ""SPF/csv/pcap/ring5/astar/link_down_before_traffic/h3.pcap"", ""h4"": ""SPF/csv/pcap/ring5/astar/link_down_before_traffic/h4.pcap"", ""h5"": ""SPF/csv/pcap/ring5/astar/link_down_before_traffic/h5.pcap"", ""h6"": ""SPF/csv/pcap/ring5/astar/link_down_before_traffic/h6.pcap"", ""h7"": ""SPF/csv/pcap/ring5/astar/link_down_before_traffic/h7.pcap"", ""h8"": ""SPF/csv/pcap/ring5/astar/link_down_before_traffic/h8.pcap"", ""h9"": ""SPF/csv/pcap/ring5/astar/link_down_before_traffic/h9.pcap""}",{},"[{""event"": ""link_down"", ""timestamp"": ""2026-05-19T17:30:41.589702+00:00""}]",,,2,1,,,
2026-05-19T17:34:19.406073+00:00,live,ring5,,astar,0,h4,h10,s2,s5,success,0.02747,2,2,s2 -> s1 -> s5,"[""s2"", ""s1"", ""s5""]",100.0,50.0,95.17349724834476,iperf3,tcp,5,1,11431,6653,"{""cpu_utilization_percent"": {""host_system"": 0.3067001453051209, ""host_total"": 0.502556528929686, ""host_user"": 0.1958563836245652, ""remote_system"": 1.072425683795488, ""remote_total"": 1.2492936838758308, ""remote_user"": 0.17686800008034287}, ""receiver_tcp_congestion"": ""cubic"", ""sender_tcp_congestion"": ""cubic"", ""streams"": [{""receiver"": {""bits_per_second"": 95173497.24834476, ""bytes"": 62783208, ""end"": 5.277369, ""seconds"": 5.000047, ""sender"": true, ""socket"": 5, ""start"": 0}, ""sender"": {""bits_per_second"": 100452636.54521647, ""bytes"": 62783488, ""end"": 5.000047, ""max_rtt"": 261887, ""max_snd_cwnd"": 3595384, ""max_snd_wnd"": 4791296, ""mean_rtt"": 185812, ""min_rtt"": 95504, ""retransmits"": 0, ""seconds"": 5.000047, ""sender"": true, ""socket"": 5, ""start"": 0}}], ""sum_received"": {""bits_per_second"": 95173497.24834476, ""bytes"": 62783208, ""end"": 5.277369, ""seconds"": 5.277369, ""sender"": true, ""start"": 0}, ""sum_sent"": {""bits_per_second"": 100452636.54521647, ""bytes"": 62783488, ""end"": 5.000047, ""retransmits"": 0, ""seconds"": 5.000047, ""sender"": true, ""start"": 0}}",5201,link_down_before_traffic,pre,1,,link_down,s2-s3,,"{""down_at"": 0.0, ""up_at"": null}",0.0,"{""h1"": ""SPF/csv/pcap/ring5/astar/link_down_before_traffic/h1.pcap"", ""h10"": ""SPF/csv/pcap/ring5/astar/link_down_before_traffic/h10.pcap"", ""h2"": ""SPF/csv/pcap/ring5/astar/link_down_before_traffic/h2.pcap"", ""h3"": ""SPF/csv/pcap/ring5/astar/link_down_before_traffic/h3.pcap"", ""h4"": ""SPF/csv/pcap/ring5/astar/link_down_before_traffic/h4.pcap"", ""h5"": ""SPF/csv/pcap/ring5/astar/link_down_before_traffic/h5.pcap"", ""h6"": ""SPF/csv/pcap/ring5/astar/link_down_before_traffic/h6.pcap"", ""h7"": ""SPF/csv/pcap/ring5/astar/link_down_before_traffic/h7.pcap"", ""h8"": ""SPF/csv/pcap/ring5/astar/link_down_before_traffic/h8.pcap"", ""h9"": ""SPF/csv/pcap/ring5/astar/link_down_before_traffic/h9.pcap""}",{},"[{""event"": ""link_down"", ""timestamp"": ""2026-05-19T17:30:41.589702+00:00""}]",,,2,2,,,
2026-05-19T17:34:28.464351+00:00,live,ring5,,astar,0,h4,h2,s2,s1,success,0.020839,1,1,s2 -> s1,"[""s2"", ""s1""]",100.0,100.0,95.51923244377225,iperf3,tcp,5,1,11431,6653,"{""cpu_utilization_percent"": {""host_system"": 0.12396528653044106, ""host_total"": 0.31502611164609917, ""host_user"": 0.1910807584307458, ""remote_system"": 0.9999389510956173, ""remote_total"": 1.48622505152317, ""remote_user"": 0.48630523801513365}, ""receiver_tcp_congestion"": ""cubic"", ""sender_tcp_congestion"": ""cubic"", ""streams"": [{""receiver"": {""bits_per_second"": 95519232.44377226, ""bytes"": 62389712, ""end"": 5.225311, ""seconds"": 5.000048, ""sender"": true, ""socket"": 5, ""start"": 0}, ""sender"": {""bits_per_second"": 99823476.8946218, ""bytes"": 62390272, ""end"": 5.000048, ""max_rtt"": 297869, ""max_snd_cwnd"": 3759008, ""max_snd_wnd"": 5577472, ""mean_rtt"": 203174, ""min_rtt"": 108008, ""retransmits"": 0, ""seconds"": 5.000048, ""sender"": true, ""socket"": 5, ""start"": 0}}], ""sum_received"": {""bits_per_second"": 95519232.44377226, ""bytes"": 62389712, ""end"": 5.225311, ""seconds"": 5.225311, ""sender"": true, ""start"": 0}, ""sum_sent"": {""bits_per_second"": 99823476.8946218, ""bytes"": 62390272, ""end"": 5.000048, ""retransmits"": 0, ""seconds"": 5.000048, ""sender"": true, ""start"": 0}}",5201,link_down_before_traffic,pre,1,,link_down,s2-s3,,"{""down_at"": 0.0, ""up_at"": null}",0.0,"{""h1"": ""SPF/csv/pcap/ring5/astar/link_down_before_traffic/h1.pcap"", ""h10"": ""SPF/csv/pcap/ring5/astar/link_down_before_traffic/h10.pcap"", ""h2"": ""SPF/csv/pcap/ring5/astar/link_down_before_traffic/h2.pcap"", ""h3"": ""SPF/csv/pcap/ring5/astar/link_down_before_traffic/h3.pcap"", ""h4"": ""SPF/csv/pcap/ring5/astar/link_down_before_traffic/h4.pcap"", ""h5"": ""SPF/csv/pcap/ring5/astar/link_down_before_traffic/h5.pcap"", ""h6"": ""SPF/csv/pcap/ring5/astar/link_down_before_traffic/h6.pcap"", ""h7"": ""SPF/csv/pcap/ring5/astar/link_down_before_traffic/h7.pcap"", ""h8"": ""SPF/csv/pcap/ring5/astar/link_down_before_traffic/h8.pcap"", ""h9"": ""SPF/csv/pcap/ring5/astar/link_down_before_traffic/h9.pcap""}",{},"[{""event"": ""link_down"", ""timestamp"": ""2026-05-19T17:30:41.589702+00:00""}]",,,2,2,,,
2026-05-19T17:34:34.425961+00:00,live,ring5,,astar,0,h4,h5,s2,s3,success,0.023081,1,1,s2 -> s3,"[""s2"", ""s3""]",100.0,100.0,93.18392434339937,iperf3,tcp,5,1,11431,6653,"{""cpu_utilization_percent"": {""host_system"": 0.43249164029157355, ""host_total"": 0.5301803391029816, ""host_user"": 0.0976886988114081, ""remote_system"": 1.0745435808065151, ""remote_total"": 1.1680020230287085, ""remote_user"": 0.09345844222219345}, ""receiver_tcp_congestion"": ""cubic"", ""sender_tcp_congestion"": ""cubic"", ""streams"": [{""receiver"": {""bits_per_second"": 93183924.34339938, ""bytes"": 61169632, ""end"": 5.251518, ""seconds"": 5.000061, ""sender"": true, ""socket"": 5, ""start"": 0}, ""sender"": {""bits_per_second"": 98774654.1492194, ""bytes"": 61734912, ""end"": 5.000061, ""max_rtt"": 236826, ""max_snd_cwnd"": 3001704, ""max_snd_wnd"": 4791296, ""mean_rtt"": 142855, ""min_rtt"": 47907, ""retransmits"": 0, ""seconds"": 5.000061, ""sender"": true, ""socket"": 5, ""start"": 0}}], ""sum_received"": {""bits_per_second"": 93183924.34339938, ""bytes"": 61169632, ""end"": 5.251518, ""seconds"": 5.251518, ""sender"": true, ""start"": 0}, ""sum_sent"": {""bits_per_second"": 98774654.1492194, ""bytes"": 61734912, ""end"": 5.000061, ""retransmits"": 0, ""seconds"": 5.000061, ""sender"": true, ""start"": 0}}",5201,link_down_before_traffic,pre,1,,link_down,s2-s3,,"{""down_at"": 0.0, ""up_at"": null}",0.0,"{""h1"": ""SPF/csv/pcap/ring5/astar/link_down_before_traffic/h1.pcap"", ""h10"": ""SPF/csv/pcap/ring5/astar/link_down_before_traffic/h10.pcap"", ""h2"": ""SPF/csv/pcap/ring5/astar/link_down_before_traffic/h2.pcap"", ""h3"": ""SPF/csv/pcap/ring5/astar/link_down_before_traffic/h3.pcap"", ""h4"": ""SPF/csv/pcap/ring5/astar/link_down_before_traffic/h4.pcap"", ""h5"": ""SPF/csv/pcap/ring5/astar/link_down_before_traffic/h5.pcap"", ""h6"": ""SPF/csv/pcap/ring5/astar/link_down_before_traffic/h6.pcap"", ""h7"": ""SPF/csv/pcap/ring5/astar/link_down_before_traffic/h7.pcap"", ""h8"": ""SPF/csv/pcap/ring5/astar/link_down_before_traffic/h8.pcap"", ""h9"": ""SPF/csv/pcap/ring5/astar/link_down_before_traffic/h9.pcap""}",{},"[{""event"": ""link_down"", ""timestamp"": ""2026-05-19T17:30:41.589702+00:00""}]",,,2,1,,,
2026-05-19T17:34:40.529826+00:00,live,ring5,,astar,0,h4,h6,s2,s3,success,0.018245,1,1,s2 -> s3,"[""s2"", ""s3""]",100.0,100.0,94.38473285885658,iperf3,tcp,5,1,11431,6653,"{""cpu_utilization_percent"": {""host_system"": 0.4633697807724541, ""host_total"": 0.544944657605643, ""host_user"": 0.0815353923816725, ""remote_system"": 1.2119826861800376, ""remote_total"": 1.3971684730084548, ""remote_user"": 0.18516667580810472}, ""receiver_tcp_congestion"": ""cubic"", ""sender_tcp_congestion"": ""cubic"", ""streams"": [{""receiver"": {""bits_per_second"": 94384732.85885657, ""bytes"": 61734352, ""end"": 5.232571, ""seconds"": 5.000034, ""sender"": true, ""socket"": 5, ""start"": 0}, ""sender"": {""bits_per_second"": 98775187.5287248, ""bytes"": 61734912, ""end"": 5.000034, ""max_rtt"": 261311, ""max_snd_cwnd"": 3289856, ""max_snd_wnd"": 4791296, ""mean_rtt"": 166544, ""min_rtt"": 71234, ""retransmits"": 0, ""seconds"": 5.000034, ""sender"": true, ""socket"": 5, ""start"": 0}}], ""sum_received"": {""bits_per_second"": 94384732.85885657, ""bytes"": 61734352, ""end"": 5.232571, ""seconds"": 5.232571, ""sender"": true, ""start"": 0}, ""sum_sent"": {""bits_per_second"": 98775187.5287248, ""bytes"": 61734912, ""end"": 5.000034, ""retransmits"": 0, ""seconds"": 5.000034, ""sender"": true, ""start"": 0}}",5201,link_down_before_traffic,pre,1,,link_down,s2-s3,,"{""down_at"": 0.0, ""up_at"": null}",0.0,"{""h1"": ""SPF/csv/pcap/ring5/astar/link_down_before_traffic/h1.pcap"", ""h10"": ""SPF/csv/pcap/ring5/astar/link_down_before_traffic/h10.pcap"", ""h2"": ""SPF/csv/pcap/ring5/astar/link_down_before_traffic/h2.pcap"", ""h3"": ""SPF/csv/pcap/ring5/astar/link_down_before_traffic/h3.pcap"", ""h4"": ""SPF/csv/pcap/ring5/astar/link_down_before_traffic/h4.pcap"", ""h5"": ""SPF/csv/pcap/ring5/astar/link_down_before_traffic/h5.pcap"", ""h6"": ""SPF/csv/pcap/ring5/astar/link_down_before_traffic/h6.pcap"", ""h7"": ""SPF/csv/pcap/ring5/astar/link_down_before_traffic/h7.pcap"", ""h8"": ""SPF/csv/pcap/ring5/astar/link_down_before_traffic/h8.pcap"", ""h9"": ""SPF/csv/pcap/ring5/astar/link_down_before_traffic/h9.pcap""}",{},"[{""event"": ""link_down"", ""timestamp"": ""2026-05-19T17:30:41.589702+00:00""}]",,,2,2,,,
2026-05-19T17:34:46.583727+00:00,live,ring5,,astar,0,h4,h7,s2,s4,success,0.021705,2,2,s2 -> s3 -> s4,"[""s2"", ""s3"", ""s4""]",100.0,50.0,94.78545766967119,iperf3,tcp,5,1,11431,6653,"{""cpu_utilization_percent"": {""host_system"": 0.39478792007985675, ""host_total"": 0.4522839985422971, ""host_user"": 0.0574762727171898, ""remote_system"": 1.1710727160595629, ""remote_total"": 1.4279080742971988, ""remote_user"": 0.2568163587289633}, ""receiver_tcp_congestion"": ""cubic"", ""sender_tcp_congestion"": ""cubic"", ""streams"": [{""receiver"": {""bits_per_second"": 94785457.6696712, ""bytes"": 62360336, ""end"": 5.263283, ""seconds"": 5.000073, ""sender"": true, ""socket"": 5, ""start"": 0}, ""sender"": {""bits_per_second"": 100032689.92272712, ""bytes"": 62521344, ""end"": 5.000073, ""max_rtt"": 251554, ""max_snd_cwnd"": 3171120, ""max_snd_wnd"": 4791296, ""mean_rtt"": 156731, ""min_rtt"": 61773, ""retransmits"": 0, ""seconds"": 5.000073, ""sender"": true, ""socket"": 5, ""start"": 0}}], ""sum_received"": {""bits_per_second"": 94785457.6696712, ""bytes"": 62360336, ""end"": 5.263283, ""seconds"": 5.263283, ""sender"": true, ""start"": 0}, ""sum_sent"": {""bits_per_second"": 100032689.92272712, ""bytes"": 62521344, ""end"": 5.000073, ""retransmits"": 0, ""seconds"": 5.000073, ""sender"": true, ""start"": 0}}",5201,link_down_before_traffic,pre,1,,link_down,s2-s3,,"{""down_at"": 0.0, ""up_at"": null}",0.0,"{""h1"": ""SPF/csv/pcap/ring5/astar/link_down_before_traffic/h1.pcap"", ""h10"": ""SPF/csv/pcap/ring5/astar/link_down_before_traffic/h10.pcap"", ""h2"": ""SPF/csv/pcap/ring5/astar/link_down_before_traffic/h2.pcap"", ""h3"": ""SPF/csv/pcap/ring5/astar/link_down_before_traffic/h3.pcap"", ""h4"": ""SPF/csv/pcap/ring5/astar/link_down_before_traffic/h4.pcap"", ""h5"": ""SPF/csv/pcap/ring5/astar/link_down_before_traffic/h5.pcap"", ""h6"": ""SPF/csv/pcap/ring5/astar/link_down_before_traffic/h6.pcap"", ""h7"": ""SPF/csv/pcap/ring5/astar/link_down_before_traffic/h7.pcap"", ""h8"": ""SPF/csv/pcap/ring5/astar/link_down_before_traffic/h8.pcap"", ""h9"": ""SPF/csv/pcap/ring5/astar/link_down_before_traffic/h9.pcap""}",{},"[{""event"": ""link_down"", ""timestamp"": ""2026-05-19T17:30:41.589702+00:00""}]",,,2,1,,,
2026-05-19T17:34:52.641881+00:00,live,ring5,,astar,0,h4,h8,s2,s4,success,0.017713,2,2,s2 -> s3 -> s4,"[""s2"", ""s3"", ""s4""]",100.0,50.0,94.82342811587722,iperf3,tcp,5,1,11431,6653,"{""cpu_utilization_percent"": {""host_system"": 0.4498539138280716, ""host_total"": 0.4498539138280716, ""host_user"": 0, ""remote_system"": 1.1688625948450722, ""remote_total"": 1.168881754014277, ""remote_user"": 0}, ""receiver_tcp_congestion"": ""cubic"", ""sender_tcp_congestion"": ""cubic"", ""streams"": [{""receiver"": {""bits_per_second"": 94823428.11587723, ""bytes"": 61865424, ""end"": 5.219421, ""seconds"": 5.000142, ""sender"": true, ""socket"": 5, ""start"": 0}, ""sender"": {""bits_per_second"": 98982763.28952257, ""bytes"": 61865984, ""end"": 5.000142, ""max_rtt"": 252318, ""max_snd_cwnd"": 3176912, ""max_snd_wnd"": 4791296, ""mean_rtt"": 157188, ""min_rtt"": 61927, ""retransmits"": 0, ""seconds"": 5.000142, ""sender"": true, ""socket"": 5, ""start"": 0}}], ""sum_received"": {""bits_per_second"": 94823428.11587723, ""bytes"": 61865424, ""end"": 5.219421, ""seconds"": 5.219421, ""sender"": true, ""start"": 0}, ""sum_sent"": {""bits_per_second"": 98982763.28952257, ""bytes"": 61865984, ""end"": 5.000142, ""retransmits"": 0, ""seconds"": 5.000142, ""sender"": true, ""start"": 0}}",5201,link_down_before_traffic,pre,1,,link_down,s2-s3,,"{""down_at"": 0.0, ""up_at"": null}",0.0,"{""h1"": ""SPF/csv/pcap/ring5/astar/link_down_before_traffic/h1.pcap"", ""h10"": ""SPF/csv/pcap/ring5/astar/link_down_before_traffic/h10.pcap"", ""h2"": ""SPF/csv/pcap/ring5/astar/link_down_before_traffic/h2.pcap"", ""h3"": ""SPF/csv/pcap/ring5/astar/link_down_before_traffic/h3.pcap"", ""h4"": ""SPF/csv/pcap/ring5/astar/link_down_before_traffic/h4.pcap"", ""h5"": ""SPF/csv/pcap/ring5/astar/link_down_before_traffic/h5.pcap"", ""h6"": ""SPF/csv/pcap/ring5/astar/link_down_before_traffic/h6.pcap"", ""h7"": ""SPF/csv/pcap/ring5/astar/link_down_before_traffic/h7.pcap"", ""h8"": ""SPF/csv/pcap/ring5/astar/link_down_before_traffic/h8.pcap"", ""h9"": ""SPF/csv/pcap/ring5/astar/link_down_before_traffic/h9.pcap""}",{},"[{""event"": ""link_down"", ""timestamp"": ""2026-05-19T17:30:41.589702+00:00""}]",,,2,2,,,
2026-05-19T17:35:01.651714+00:00,live,ring5,,astar,0,h4,h9,s2,s5,success,0.054515,2,2,s2 -> s1 -> s5,"[""s2"", ""s1"", ""s5""]",100.0,50.0,95.1236027506551,iperf3,tcp,5,1,11431,6653,"{""cpu_utilization_percent"": {""host_system"": 0.37408381352908315, ""host_total"": 0.4090107530470675, ""host_user"": 0.0349070720893621, ""remote_system"": 1.2186569891813372, ""remote_total"": 1.3088470168594373, ""remote_user"": 0.0901900276780999}, ""receiver_tcp_congestion"": ""cubic"", ""sender_tcp_congestion"": ""cubic"", ""streams"": [{""receiver"": {""bits_per_second"": 95123602.7506551, ""bytes"": 63176424, ""end"": 5.313207, ""seconds"": 5.000067, ""sender"": true, ""socket"": 5, ""start"": 0}, ""sender"": {""bits_per_second"": 101081371.90961643, ""bytes"": 63176704, ""end"": 5.000067, ""max_rtt"": 241126, ""max_snd_cwnd"": 3750320, ""max_snd_wnd"": 4791296, ""mean_rtt"": 188547, ""min_rtt"": 107560, ""retransmits"": 0, ""seconds"": 5.000067, ""sender"": true, ""socket"": 5, ""start"": 0}}], ""sum_received"": {""bits_per_second"": 95123602.7506551, ""bytes"": 63176424, ""end"": 5.313207, ""seconds"": 5.313207, ""sender"": true, ""start"": 0}, ""sum_sent"": {""bits_per_second"": 101081371.90961643, ""bytes"": 63176704, ""end"": 5.000067, ""retransmits"": 0, ""seconds"": 5.000067, ""sender"": true, ""start"": 0}}",5201,link_down_before_traffic,pre,1,,link_down,s2-s3,,"{""down_at"": 0.0, ""up_at"": null}",0.0,"{""h1"": ""SPF/csv/pcap/ring5/astar/link_down_before_traffic/h1.pcap"", ""h10"": ""SPF/csv/pcap/ring5/astar/link_down_before_traffic/h10.pcap"", ""h2"": ""SPF/csv/pcap/ring5/astar/link_down_before_traffic/h2.pcap"", ""h3"": ""SPF/csv/pcap/ring5/astar/link_down_before_traffic/h3.pcap"", ""h4"": ""SPF/csv/pcap/ring5/astar/link_down_before_traffic/h4.pcap"", ""h5"": ""SPF/csv/pcap/ring5/astar/link_down_before_traffic/h5.pcap"", ""h6"": ""SPF/csv/pcap/ring5/astar/link_down_before_traffic/h6.pcap"", ""h7"": ""SPF/csv/pcap/ring5/astar/link_down_before_traffic/h7.pcap"", ""h8"": ""SPF/csv/pcap/ring5/astar/link_down_before_traffic/h8.pcap"", ""h9"": ""SPF/csv/pcap/ring5/astar/link_down_before_traffic/h9.pcap""}",{},"[{""event"": ""link_down"", ""timestamp"": ""2026-05-19T17:30:41.589702+00:00""}]",,,2,1,,,
2026-05-19T17:35:07.731745+00:00,live,ring5,,astar,0,h5,h1,s3,s1,success,0.02523,2,2,s3 -> s2 -> s1,"[""s3"", ""s2"", ""s1""]",100.0,50.0,94.77584875518454,iperf3,tcp,5,1,11431,6653,"{""cpu_utilization_percent"": {""host_system"": 0.417520905752211, ""host_total"": 0.5072952281967027, ""host_user"": 0.08973471321332264, ""remote_system"": 1.7036253992349517, ""remote_total"": 1.8039859097817867, ""remote_user"": 0.1003222925306327}, ""receiver_tcp_congestion"": ""cubic"", ""sender_tcp_congestion"": ""cubic"", ""streams"": [{""receiver"": {""bits_per_second"": 94775848.75518455, ""bytes"": 61996496, ""end"": 5.233105, ""seconds"": 5.000065, ""sender"": true, ""socket"": 5, ""start"": 0}, ""sender"": {""bits_per_second"": 99194000.077999, ""bytes"": 61997056, ""end"": 5.000065, ""max_rtt"": 252560, ""max_snd_cwnd"": 3178360, ""max_snd_wnd"": 4791296, ""mean_rtt"": 157240, ""min_rtt"": 61978, ""retransmits"": 0, ""seconds"": 5.000065, ""sender"": true, ""socket"": 5, ""start"": 0}}], ""sum_received"": {""bits_per_second"": 94775848.75518455, ""bytes"": 61996496, ""end"": 5.233105, ""seconds"": 5.233105, ""sender"": true, ""start"": 0}, ""sum_sent"": {""bits_per_second"": 99194000.077999, ""bytes"": 61997056, ""end"": 5.000065, ""retransmits"": 0, ""seconds"": 5.000065, ""sender"": true, ""start"": 0}}",5201,link_down_before_traffic,pre,1,,link_down,s2-s3,,"{""down_at"": 0.0, ""up_at"": null}",0.0,"{""h1"": ""SPF/csv/pcap/ring5/astar/link_down_before_traffic/h1.pcap"", ""h10"": ""SPF/csv/pcap/ring5/astar/link_down_before_traffic/h10.pcap"", ""h2"": ""SPF/csv/pcap/ring5/astar/link_down_before_traffic/h2.pcap"", ""h3"": ""SPF/csv/pcap/ring5/astar/link_down_before_traffic/h3.pcap"", ""h4"": ""SPF/csv/pcap/ring5/astar/link_down_before_traffic/h4.pcap"", ""h5"": ""SPF/csv/pcap/ring5/astar/link_down_before_traffic/h5.pcap"", ""h6"": ""SPF/csv/pcap/ring5/astar/link_down_before_traffic/h6.pcap"", ""h7"": ""SPF/csv/pcap/ring5/astar/link_down_before_traffic/h7.pcap"", ""h8"": ""SPF/csv/pcap/ring5/astar/link_down_before_traffic/h8.pcap"", ""h9"": ""SPF/csv/pcap/ring5/astar/link_down_before_traffic/h9.pcap""}",{},"[{""event"": ""link_down"", ""timestamp"": ""2026-05-19T17:30:41.589702+00:00""}]",,,1,1,,,
2026-05-19T17:35:13.758844+00:00,live,ring5,,astar,0,h5,h10,s3,s5,success,0.022487,2,2,s3 -> s4 -> s5,"[""s3"", ""s4"", ""s5""]",100.0,50.0,95.12982559180085,iperf3,tcp,5,1,11431,6653,"{""cpu_utilization_percent"": {""host_system"": 0.301029848355817, ""host_total"": 0.49925546316184943, ""host_user"": 0.19820576842889928, ""remote_system"": 1.227620111629839, ""remote_total"": 1.227620111629839, ""remote_user"": 0}, ""receiver_tcp_congestion"": ""cubic"", ""sender_tcp_congestion"": ""cubic"", ""streams"": [{""receiver"": {""bits_per_second"": 95129825.59180085, ""bytes"": 62520784, ""end"": 5.257723, ""seconds"": 5.00005, ""sender"": true, ""socket"": 5, ""start"": 0}, ""sender"": {""bits_per_second"": 100033150.06849931, ""bytes"": 62521344, ""end"": 5.00005, ""max_rtt"": 281108, ""max_snd_cwnd"": 3676472, ""max_snd_wnd"": 4791296, ""mean_rtt"": 194864, ""min_rtt"": 102035, ""retransmits"": 0, ""seconds"": 5.00005, ""sender"": true, ""socket"": 5, ""start"": 0}}], ""sum_received"": {""bits_per_second"": 95129825.59180085, ""bytes"": 62520784, ""end"": 5.257723, ""seconds"": 5.257723, ""sender"": true, ""start"": 0}, ""sum_sent"": {""bits_per_second"": 100033150.06849931, ""bytes"": 62521344, ""end"": 5.00005, ""retransmits"": 0, ""seconds"": 5.00005, ""sender"": true, ""start"": 0}}",5201,link_down_before_traffic,pre,1,,link_down,s2-s3,,"{""down_at"": 0.0, ""up_at"": null}",0.0,"{""h1"": ""SPF/csv/pcap/ring5/astar/link_down_before_traffic/h1.pcap"", ""h10"": ""SPF/csv/pcap/ring5/astar/link_down_before_traffic/h10.pcap"", ""h2"": ""SPF/csv/pcap/ring5/astar/link_down_before_traffic/h2.pcap"", ""h3"": ""SPF/csv/pcap/ring5/astar/link_down_before_traffic/h3.pcap"", ""h4"": ""SPF/csv/pcap/ring5/astar/link_down_before_traffic/h4.pcap"", ""h5"": ""SPF/csv/pcap/ring5/astar/link_down_before_traffic/h5.pcap"", ""h6"": ""SPF/csv/pcap/ring5/astar/link_down_before_traffic/h6.pcap"", ""h7"": ""SPF/csv/pcap/ring5/astar/link_down_before_traffic/h7.pcap"", ""h8"": ""SPF/csv/pcap/ring5/astar/link_down_before_traffic/h8.pcap"", ""h9"": ""SPF/csv/pcap/ring5/astar/link_down_before_traffic/h9.pcap""}",{},"[{""event"": ""link_down"", ""timestamp"": ""2026-05-19T17:30:41.589702+00:00""}]",,,1,2,,,
2026-05-19T17:35:19.786018+00:00,live,ring5,,astar,0,h5,h2,s3,s1,success,0.027403,2,2,s3 -> s2 -> s1,"[""s3"", ""s2"", ""s1""]",100.0,50.0,94.80660848164437,iperf3,tcp,5,1,11431,6653,"{""cpu_utilization_percent"": {""host_system"": 0.35722921785654943, ""host_total"": 0.4608649034671118, ""host_user"": 0.10361588135189416, ""remote_system"": 1.120685366088021, ""remote_total"": 1.2831244514310174, ""remote_user"": 0.1624200955036998}, ""receiver_tcp_congestion"": ""cubic"", ""sender_tcp_congestion"": ""cubic"", ""streams"": [{""receiver"": {""bits_per_second"": 94806608.48164438, ""bytes"": 62405976, ""end"": 5.26596, ""seconds"": 5.000086, ""sender"": true, ""socket"": 5, ""start"": 0}, ""sender"": {""bits_per_second"": 100242141.43516733, ""bytes"": 62652416, ""end"": 5.000086, ""max_rtt"": 249941, ""max_snd_cwnd"": 3176912, ""max_snd_wnd"": 4791296, ""mean_rtt"": 156631, ""min_rtt"": 61863, ""retransmits"": 0, ""seconds"": 5.000086, ""sender"": true, ""socket"": 5, ""start"": 0}}], ""sum_received"": {""bits_per_second"": 94806608.48164438, ""bytes"": 62405976, ""end"": 5.26596, ""seconds"": 5.26596, ""sender"": true, ""start"": 0}, ""sum_sent"": {""bits_per_second"": 100242141.43516733, ""bytes"": 62652416, ""end"": 5.000086, ""retransmits"": 0, ""seconds"": 5.000086, ""sender"": true, ""start"": 0}}",5201,link_down_before_traffic,pre,1,,link_down,s2-s3,,"{""down_at"": 0.0, ""up_at"": null}",0.0,"{""h1"": ""SPF/csv/pcap/ring5/astar/link_down_before_traffic/h1.pcap"", ""h10"": ""SPF/csv/pcap/ring5/astar/link_down_before_traffic/h10.pcap"", ""h2"": ""SPF/csv/pcap/ring5/astar/link_down_before_traffic/h2.pcap"", ""h3"": ""SPF/csv/pcap/ring5/astar/link_down_before_traffic/h3.pcap"", ""h4"": ""SPF/csv/pcap/ring5/astar/link_down_before_traffic/h4.pcap"", ""h5"": ""SPF/csv/pcap/ring5/astar/link_down_before_traffic/h5.pcap"", ""h6"": ""SPF/csv/pcap/ring5/astar/link_down_before_traffic/h6.pcap"", ""h7"": ""SPF/csv/pcap/ring5/astar/link_down_before_traffic/h7.pcap"", ""h8"": ""SPF/csv/pcap/ring5/astar/link_down_before_traffic/h8.pcap"", ""h9"": ""SPF/csv/pcap/ring5/astar/link_down_before_traffic/h9.pcap""}",{},"[{""event"": ""link_down"", ""timestamp"": ""2026-05-19T17:30:41.589702+00:00""}]",,,1,2,,,
2026-05-19T17:35:25.853888+00:00,live,ring5,,astar,0,h5,h3,s3,s2,success,0.017857,1,1,s3 -> s2,"[""s3"", ""s2""]",100.0,100.0,94.37908732545952,iperf3,tcp,5,1,11431,6653,"{""cpu_utilization_percent"": {""host_system"": 0.5425641292914744, ""host_total"": 0.5425641292914744, ""host_user"": 0, ""remote_system"": 1.382904052646897, ""remote_total"": 1.4504574040288551, ""remote_user"": 0.0675533513819581}, ""receiver_tcp_congestion"": ""cubic"", ""sender_tcp_congestion"": ""cubic"", ""streams"": [{""receiver"": {""bits_per_second"": 94379087.32545952, ""bytes"": 61734352, ""end"": 5.232884, ""seconds"": 5.000089, ""sender"": true, ""socket"": 5, ""start"": 0}, ""sender"": {""bits_per_second"": 98774101.02100183, ""bytes"": 61734912, ""end"": 5.000089, ""max_rtt"": 261728, ""max_snd_cwnd"": 3297096, ""max_snd_wnd"": 4791296, ""mean_rtt"": 166808, ""min_rtt"": 71821, ""retransmits"": 0, ""seconds"": 5.000089, ""sender"": true, ""socket"": 5, ""start"": 0}}], ""sum_received"": {""bits_per_second"": 94379087.32545952, ""bytes"": 61734352, ""end"": 5.232884, ""seconds"": 5.232884, ""sender"": true, ""start"": 0}, ""sum_sent"": {""bits_per_second"": 98774101.02100183, ""bytes"": 61734912, ""end"": 5.000089, ""retransmits"": 0, ""seconds"": 5.000089, ""sender"": true, ""start"": 0}}",5201,link_down_before_traffic,pre,1,,link_down,s2-s3,,"{""down_at"": 0.0, ""up_at"": null}",0.0,"{""h1"": ""SPF/csv/pcap/ring5/astar/link_down_before_traffic/h1.pcap"", ""h10"": ""SPF/csv/pcap/ring5/astar/link_down_before_traffic/h10.pcap"", ""h2"": ""SPF/csv/pcap/ring5/astar/link_down_before_traffic/h2.pcap"", ""h3"": ""SPF/csv/pcap/ring5/astar/link_down_before_traffic/h3.pcap"", ""h4"": ""SPF/csv/pcap/ring5/astar/link_down_before_traffic/h4.pcap"", ""h5"": ""SPF/csv/pcap/ring5/astar/link_down_before_traffic/h5.pcap"", ""h6"": ""SPF/csv/pcap/ring5/astar/link_down_before_traffic/h6.pcap"", ""h7"": ""SPF/csv/pcap/ring5/astar/link_down_before_traffic/h7.pcap"", ""h8"": ""SPF/csv/pcap/ring5/astar/link_down_before_traffic/h8.pcap"", ""h9"": ""SPF/csv/pcap/ring5/astar/link_down_before_traffic/h9.pcap""}",{},"[{""event"": ""link_down"", ""timestamp"": ""2026-05-19T17:30:41.589702+00:00""}]",,,1,1,,,
2026-05-19T17:35:34.965999+00:00,live,ring5,,astar,0,h5,h4,s3,s2,success,0.021954,1,1,s3 -> s2,"[""s3"", ""s2""]",100.0,100.0,94.39118768878096,iperf3,tcp,5,1,11431,6653,"{""cpu_utilization_percent"": {""host_system"": 0.5400426771013895, ""host_total"": 0.622126165537205, ""host_user"": 0.0820834884358154, ""remote_system"": 0.959704538356343, ""remote_total"": 1.1941536861447772, ""remote_user"": 0.23444914778843443}, ""receiver_tcp_congestion"": ""cubic"", ""sender_tcp_congestion"": ""cubic"", ""streams"": [{""receiver"": {""bits_per_second"": 94391187.68878096, ""bytes"": 62258280, ""end"": 5.276618, ""seconds"": 5.000071, ""sender"": true, ""socket"": 5, ""start"": 0}, ""sender"": {""bits_per_second"": 100242442.15732136, ""bytes"": 62652416, ""end"": 5.000071, ""max_rtt"": 234916, ""max_snd_cwnd"": 3292752, ""max_snd_wnd"": 4791552, ""mean_rtt"": 161153, ""min_rtt"": 71459, ""retransmits"": 0, ""seconds"": 5.000071, ""sender"": true, ""socket"": 5, ""start"": 0}}], ""sum_received"": {""bits_per_second"": 94391187.68878096, ""bytes"": 62258280, ""end"": 5.276618, ""seconds"": 5.276618, ""sender"": true, ""start"": 0}, ""sum_sent"": {""bits_per_second"": 100242442.15732136, ""bytes"": 62652416, ""end"": 5.000071, ""retransmits"": 0, ""seconds"": 5.000071, ""sender"": true, ""start"": 0}}",5201,link_down_before_traffic,pre,1,,link_down,s2-s3,,"{""down_at"": 0.0, ""up_at"": null}",0.0,"{""h1"": ""SPF/csv/pcap/ring5/astar/link_down_before_traffic/h1.pcap"", ""h10"": ""SPF/csv/pcap/ring5/astar/link_down_before_traffic/h10.pcap"", ""h2"": ""SPF/csv/pcap/ring5/astar/link_down_before_traffic/h2.pcap"", ""h3"": ""SPF/csv/pcap/ring5/astar/link_down_before_traffic/h3.pcap"", ""h4"": ""SPF/csv/pcap/ring5/astar/link_down_before_traffic/h4.pcap"", ""h5"": ""SPF/csv/pcap/ring5/astar/link_down_before_traffic/h5.pcap"", ""h6"": ""SPF/csv/pcap/ring5/astar/link_down_before_traffic/h6.pcap"", ""h7"": ""SPF/csv/pcap/ring5/astar/link_down_before_traffic/h7.pcap"", ""h8"": ""SPF/csv/pcap/ring5/astar/link_down_before_traffic/h8.pcap"", ""h9"": ""SPF/csv/pcap/ring5/astar/link_down_before_traffic/h9.pcap""}",{},"[{""event"": ""link_down"", ""timestamp"": ""2026-05-19T17:30:41.589702+00:00""}]",,,1,2,,,
2026-05-19T17:35:41.086260+00:00,live,ring5,,astar,0,h5,h7,s3,s4,success,0.016879,1,1,s3 -> s4,"[""s3"", ""s4""]",100.0,100.0,95.51842812593593,iperf3,tcp,5,1,11431,6653,"{""cpu_utilization_percent"": {""host_system"": 0.14004008263680368, ""host_total"": 0.3163757802012503, ""host_user"": 0.17633569756444664, ""remote_system"": 1.3334928115207043, ""remote_total"": 1.4376001722364422, ""remote_user"": 0.10404994856828458}, ""receiver_tcp_congestion"": ""cubic"", ""sender_tcp_congestion"": ""cubic"", ""streams"": [{""receiver"": {""bits_per_second"": 95518428.12593593, ""bytes"": 62389712, ""end"": 5.225355, ""seconds"": 5.000081, ""sender"": true, ""socket"": 5, ""start"": 0}, ""sender"": {""bits_per_second"": 99822818.07034726, ""bytes"": 62390272, ""end"": 5.000081, ""max_rtt"": 297929, ""max_snd_cwnd"": 3759008, ""max_snd_wnd"": 5577472, ""mean_rtt"": 203198, ""min_rtt"": 107993, ""retransmits"": 0, ""seconds"": 5.000081, ""sender"": true, ""socket"": 5, ""start"": 0}}], ""sum_received"": {""bits_per_second"": 95518428.12593593, ""bytes"": 62389712, ""end"": 5.225355, ""seconds"": 5.225355, ""sender"": true, ""start"": 0}, ""sum_sent"": {""bits_per_second"": 99822818.07034726, ""bytes"": 62390272, ""end"": 5.000081, ""retransmits"": 0, ""seconds"": 5.000081, ""sender"": true, ""start"": 0}}",5201,link_down_before_traffic,pre,1,,link_down,s2-s3,,"{""down_at"": 0.0, ""up_at"": null}",0.0,"{""h1"": ""SPF/csv/pcap/ring5/astar/link_down_before_traffic/h1.pcap"", ""h10"": ""SPF/csv/pcap/ring5/astar/link_down_before_traffic/h10.pcap"", ""h2"": ""SPF/csv/pcap/ring5/astar/link_down_before_traffic/h2.pcap"", ""h3"": ""SPF/csv/pcap/ring5/astar/link_down_before_traffic/h3.pcap"", ""h4"": ""SPF/csv/pcap/ring5/astar/link_down_before_traffic/h4.pcap"", ""h5"": ""SPF/csv/pcap/ring5/astar/link_down_before_traffic/h5.pcap"", ""h6"": ""SPF/csv/pcap/ring5/astar/link_down_before_traffic/h6.pcap"", ""h7"": ""SPF/csv/pcap/ring5/astar/link_down_before_traffic/h7.pcap"", ""h8"": ""SPF/csv/pcap/ring5/astar/link_down_before_traffic/h8.pcap"", ""h9"": ""SPF/csv/pcap/ring5/astar/link_down_before_traffic/h9.pcap""}",{},"[{""event"": ""link_down"", ""timestamp"": ""2026-05-19T17:30:41.589702+00:00""}]",,,1,1,,,
2026-05-19T17:35:47.048187+00:00,live,ring5,,astar,0,h5,h8,s3,s4,success,0.016333,1,1,s3 -> s4,"[""s3"", ""s4""]",100.0,100.0,95.5222913320291,iperf3,tcp,5,1,11431,6653,"{""cpu_utilization_percent"": {""host_system"": 0.3910628658806365, ""host_total"": 0.3910628658806365, ""host_user"": 0, ""remote_system"": 1.4276185051912544, ""remote_total"": 1.51081108245589, ""remote_user"": 0.0831925772646356}, ""receiver_tcp_congestion"": ""cubic"", ""sender_tcp_congestion"": ""cubic"", ""streams"": [{""receiver"": {""bits_per_second"": 95522291.3320291, ""bytes"": 63438288, ""end"": 5.312962, ""seconds"": 5.000014, ""sender"": true, ""socket"": 5, ""start"": 0}, ""sender"": {""bits_per_second"": 101501872.59475674, ""bytes"": 63438848, ""end"": 5.000014, ""max_rtt"": 268680, ""max_snd_cwnd"": 4068880, ""max_snd_wnd"": 5430144, ""mean_rtt"": 221267, ""min_rtt"": 149361, ""retransmits"": 0, ""seconds"": 5.000014, ""sender"": true, ""socket"": 5, ""start"": 0}}], ""sum_received"": {""bits_per_second"": 95522291.3320291, ""bytes"": 63438288, ""end"": 5.312962, ""seconds"": 5.312962, ""sender"": true, ""start"": 0}, ""sum_sent"": {""bits_per_second"": 101501872.59475674, ""bytes"": 63438848, ""end"": 5.000014, ""retransmits"": 0, ""seconds"": 5.000014, ""sender"": true, ""start"": 0}}",5201,link_down_before_traffic,pre,1,,link_down,s2-s3,,"{""down_at"": 0.0, ""up_at"": null}",0.0,"{""h1"": ""SPF/csv/pcap/ring5/astar/link_down_before_traffic/h1.pcap"", ""h10"": ""SPF/csv/pcap/ring5/astar/link_down_before_traffic/h10.pcap"", ""h2"": ""SPF/csv/pcap/ring5/astar/link_down_before_traffic/h2.pcap"", ""h3"": ""SPF/csv/pcap/ring5/astar/link_down_before_traffic/h3.pcap"", ""h4"": ""SPF/csv/pcap/ring5/astar/link_down_before_traffic/h4.pcap"", ""h5"": ""SPF/csv/pcap/ring5/astar/link_down_before_traffic/h5.pcap"", ""h6"": ""SPF/csv/pcap/ring5/astar/link_down_before_traffic/h6.pcap"", ""h7"": ""SPF/csv/pcap/ring5/astar/link_down_before_traffic/h7.pcap"", ""h8"": ""SPF/csv/pcap/ring5/astar/link_down_before_traffic/h8.pcap"", ""h9"": ""SPF/csv/pcap/ring5/astar/link_down_before_traffic/h9.pcap""}",{},"[{""event"": ""link_down"", ""timestamp"": ""2026-05-19T17:30:41.589702+00:00""}]",,,1,2,,,
2026-05-19T17:35:53.099750+00:00,live,ring5,,astar,0,h5,h9,s3,s5,success,0.025897,2,2,s3 -> s4 -> s5,"[""s3"", ""s4"", ""s5""]",100.0,50.0,95.22490898861966,iperf3,tcp,5,1,11431,6653,"{""cpu_utilization_percent"": {""host_system"": 0.24712128826447, ""host_total"": 0.4145702441417695, ""host_user"": 0.16746881933588512, ""remote_system"": 1.1877707207979518, ""remote_total"": 1.3290024285975368, ""remote_user"": 0.141212866856709}, ""receiver_tcp_congestion"": ""cubic"", ""sender_tcp_congestion"": ""cubic"", ""streams"": [{""receiver"": {""bits_per_second"": 95224908.98861966, ""bytes"": 63176704, ""end"": 5.307578, ""seconds"": 5.000045, ""sender"": true, ""socket"": 5, ""start"": 0}, ""sender"": {""bits_per_second"": 101081816.66365, ""bytes"": 63176704, ""end"": 5.000045, ""max_rtt"": 238040, ""max_snd_cwnd"": 3690952, ""max_snd_wnd"": 4791296, ""mean_rtt"": 184384, ""min_rtt"": 102952, ""retransmits"": 0, ""seconds"": 5.000045, ""sender"": true, ""socket"": 5, ""start"": 0}}], ""sum_received"": {""bits_per_second"": 95224908.98861966, ""bytes"": 63176704, ""end"": 5.307578, ""seconds"": 5.307578, ""sender"": true, ""start"": 0}, ""sum_sent"": {""bits_per_second"": 101081816.66365, ""bytes"": 63176704, ""end"": 5.000045, ""retransmits"": 0, ""seconds"": 5.000045, ""sender"": true, ""start"": 0}}",5201,link_down_before_traffic,pre,1,,link_down,s2-s3,,"{""down_at"": 0.0, ""up_at"": null}",0.0,"{""h1"": ""SPF/csv/pcap/ring5/astar/link_down_before_traffic/h1.pcap"", ""h10"": ""SPF/csv/pcap/ring5/astar/link_down_before_traffic/h10.pcap"", ""h2"": ""SPF/csv/pcap/ring5/astar/link_down_before_traffic/h2.pcap"", ""h3"": ""SPF/csv/pcap/ring5/astar/link_down_before_traffic/h3.pcap"", ""h4"": ""SPF/csv/pcap/ring5/astar/link_down_before_traffic/h4.pcap"", ""h5"": ""SPF/csv/pcap/ring5/astar/link_down_before_traffic/h5.pcap"", ""h6"": ""SPF/csv/pcap/ring5/astar/link_down_before_traffic/h6.pcap"", ""h7"": ""SPF/csv/pcap/ring5/astar/link_down_before_traffic/h7.pcap"", ""h8"": ""SPF/csv/pcap/ring5/astar/link_down_before_traffic/h8.pcap"", ""h9"": ""SPF/csv/pcap/ring5/astar/link_down_before_traffic/h9.pcap""}",{},"[{""event"": ""link_down"", ""timestamp"": ""2026-05-19T17:30:41.589702+00:00""}]",,,1,1,,,
2026-05-19T17:35:59.173019+00:00,live,ring5,,astar,0,h6,h1,s3,s1,success,0.019373,2,2,s3 -> s2 -> s1,"[""s3"", ""s2"", ""s1""]",100.0,50.0,94.81147295042057,iperf3,tcp,5,1,11431,6653,"{""cpu_utilization_percent"": {""host_system"": 0.4673916078639663, ""host_total"": 0.4673916078639663, ""host_user"": 0, ""remote_system"": 1.1724263136385664, ""remote_total"": 1.2302329432461954, ""remote_user"": 0.05776864890486441}, ""receiver_tcp_congestion"": ""cubic"", ""sender_tcp_congestion"": ""cubic"", ""streams"": [{""receiver"": {""bits_per_second"": 94811472.95042056, ""bytes"": 62407424, ""end"": 5.265812, ""seconds"": 5.000064, ""sender"": true, ""socket"": 5, ""start"": 0}, ""sender"": {""bits_per_second"": 100242582.49494407, ""bytes"": 62652416, ""end"": 5.000064, ""max_rtt"": 249985, ""max_snd_cwnd"": 3178360, ""max_snd_wnd"": 4791296, ""mean_rtt"": 156848, ""min_rtt"": 62060, ""retransmits"": 0, ""seconds"": 5.000064, ""sender"": true, ""socket"": 5, ""start"": 0}}], ""sum_received"": {""bits_per_second"": 94811472.95042056, ""bytes"": 62407424, ""end"": 5.265812, ""seconds"": 5.265812, ""sender"": true, ""start"": 0}, ""sum_sent"": {""bits_per_second"": 100242582.49494407, ""bytes"": 62652416, ""end"": 5.000064, ""retransmits"": 0, ""seconds"": 5.000064, ""sender"": true, ""start"": 0}}",5201,link_down_before_traffic,pre,1,,link_down,s2-s3,,"{""down_at"": 0.0, ""up_at"": null}",0.0,"{""h1"": ""SPF/csv/pcap/ring5/astar/link_down_before_traffic/h1.pcap"", ""h10"": ""SPF/csv/pcap/ring5/astar/link_down_before_traffic/h10.pcap"", ""h2"": ""SPF/csv/pcap/ring5/astar/link_down_before_traffic/h2.pcap"", ""h3"": ""SPF/csv/pcap/ring5/astar/link_down_before_traffic/h3.pcap"", ""h4"": ""SPF/csv/pcap/ring5/astar/link_down_before_traffic/h4.pcap"", ""h5"": ""SPF/csv/pcap/ring5/astar/link_down_before_traffic/h5.pcap"", ""h6"": ""SPF/csv/pcap/ring5/astar/link_down_before_traffic/h6.pcap"", ""h7"": ""SPF/csv/pcap/ring5/astar/link_down_before_traffic/h7.pcap"", ""h8"": ""SPF/csv/pcap/ring5/astar/link_down_before_traffic/h8.pcap"", ""h9"": ""SPF/csv/pcap/ring5/astar/link_down_before_traffic/h9.pcap""}",{},"[{""event"": ""link_down"", ""timestamp"": ""2026-05-19T17:30:41.589702+00:00""}]",,,2,1,,,
2026-05-19T17:36:08.209336+00:00,live,ring5,,astar,0,h6,h10,s3,s5,success,0.020512,2,2,s3 -> s4 -> s5,"[""s3"", ""s4"", ""s5""]",100.0,50.0,95.17691189776791,iperf3,tcp,5,1,11431,6653,"{""cpu_utilization_percent"": {""host_system"": 0.40187891855291, ""host_total"": 0.40187891855291, ""host_user"": 0, ""remote_system"": 1.1047112914553963, ""remote_total"": 1.4582949968838, ""remote_user"": 0.3535837054284036}, ""receiver_tcp_congestion"": ""cubic"", ""sender_tcp_congestion"": ""cubic"", ""streams"": [{""receiver"": {""bits_per_second"": 95176911.8977679, ""bytes"": 63165728, ""end"": 5.309332, ""seconds"": 5.000071, ""sender"": true, ""socket"": 5, ""start"": 0}, ""sender"": {""bits_per_second"": 101081291.04566714, ""bytes"": 63176704, ""end"": 5.000071, ""max_rtt"": 237627, ""max_snd_cwnd"": 3689504, ""max_snd_wnd"": 4791296, ""mean_rtt"": 184539, ""min_rtt"": 102830, ""retransmits"": 0, ""seconds"": 5.000071, ""sender"": true, ""socket"": 5, ""start"": 0}}], ""sum_received"": {""bits_per_second"": 95176911.8977679, ""bytes"": 63165728, ""end"": 5.309332, ""seconds"": 5.309332, ""sender"": true, ""start"": 0}, ""sum_sent"": {""bits_per_second"": 101081291.04566714, ""bytes"": 63176704, ""end"": 5.000071, ""retransmits"": 0, ""seconds"": 5.000071, ""sender"": true, ""start"": 0}}",5201,link_down_before_traffic,pre,1,,link_down,s2-s3,,"{""down_at"": 0.0, ""up_at"": null}",0.0,"{""h1"": ""SPF/csv/pcap/ring5/astar/link_down_before_traffic/h1.pcap"", ""h10"": ""SPF/csv/pcap/ring5/astar/link_down_before_traffic/h10.pcap"", ""h2"": ""SPF/csv/pcap/ring5/astar/link_down_before_traffic/h2.pcap"", ""h3"": ""SPF/csv/pcap/ring5/astar/link_down_before_traffic/h3.pcap"", ""h4"": ""SPF/csv/pcap/ring5/astar/link_down_before_traffic/h4.pcap"", ""h5"": ""SPF/csv/pcap/ring5/astar/link_down_before_traffic/h5.pcap"", ""h6"": ""SPF/csv/pcap/ring5/astar/link_down_before_traffic/h6.pcap"", ""h7"": ""SPF/csv/pcap/ring5/astar/link_down_before_traffic/h7.pcap"", ""h8"": ""SPF/csv/pcap/ring5/astar/link_down_before_traffic/h8.pcap"", ""h9"": ""SPF/csv/pcap/ring5/astar/link_down_before_traffic/h9.pcap""}",{},"[{""event"": ""link_down"", ""timestamp"": ""2026-05-19T17:30:41.589702+00:00""}]",,,2,2,,,
2026-05-19T17:36:14.285596+00:00,live,ring5,,astar,0,h6,h2,s3,s1,success,0.034966,2,2,s3 -> s2 -> s1,"[""s3"", ""s2"", ""s1""]",100.0,50.0,94.83426050892919,iperf3,tcp,5,1,11431,6653,"{""cpu_utilization_percent"": {""host_system"": 0.26872963363061264, ""host_total"": 0.4880106382873387, ""host_user"": 0.219261201441278, ""remote_system"": 1.373852566731135, ""remote_total"": 1.486328614290156, ""remote_user"": 0.11247604755902096}, ""receiver_tcp_congestion"": ""cubic"", ""sender_tcp_congestion"": ""cubic"", ""streams"": [{""receiver"": {""bits_per_second"": 94834260.5089292, ""bytes"": 62413912, ""end"": 5.265094, ""seconds"": 5.000054, ""sender"": true, ""socket"": 5, ""start"": 0}, ""sender"": {""bits_per_second"": 100033070.04284354, ""bytes"": 62521344, ""end"": 5.000054, ""max_rtt"": 251659, ""max_snd_cwnd"": 3176912, ""max_snd_wnd"": 4791296, ""mean_rtt"": 157042, ""min_rtt"": 61969, ""retransmits"": 0, ""seconds"": 5.000054, ""sender"": true, ""socket"": 5, ""start"": 0}}], ""sum_received"": {""bits_per_second"": 94834260.5089292, ""bytes"": 62413912, ""end"": 5.265094, ""seconds"": 5.265094, ""sender"": true, ""start"": 0}, ""sum_sent"": {""bits_per_second"": 100033070.04284354, ""bytes"": 62521344, ""end"": 5.000054, ""retransmits"": 0, ""seconds"": 5.000054, ""sender"": true, ""start"": 0}}",5201,link_down_before_traffic,pre,1,,link_down,s2-s3,,"{""down_at"": 0.0, ""up_at"": null}",0.0,"{""h1"": ""SPF/csv/pcap/ring5/astar/link_down_before_traffic/h1.pcap"", ""h10"": ""SPF/csv/pcap/ring5/astar/link_down_before_traffic/h10.pcap"", ""h2"": ""SPF/csv/pcap/ring5/astar/link_down_before_traffic/h2.pcap"", ""h3"": ""SPF/csv/pcap/ring5/astar/link_down_before_traffic/h3.pcap"", ""h4"": ""SPF/csv/pcap/ring5/astar/link_down_before_traffic/h4.pcap"", ""h5"": ""SPF/csv/pcap/ring5/astar/link_down_before_traffic/h5.pcap"", ""h6"": ""SPF/csv/pcap/ring5/astar/link_down_before_traffic/h6.pcap"", ""h7"": ""SPF/csv/pcap/ring5/astar/link_down_before_traffic/h7.pcap"", ""h8"": ""SPF/csv/pcap/ring5/astar/link_down_before_traffic/h8.pcap"", ""h9"": ""SPF/csv/pcap/ring5/astar/link_down_before_traffic/h9.pcap""}",{},"[{""event"": ""link_down"", ""timestamp"": ""2026-05-19T17:30:41.589702+00:00""}]",,,2,2,,,
2026-05-19T17:36:20.345946+00:00,live,ring5,,astar,0,h6,h3,s3,s2,success,0.018063,1,1,s3 -> s2,"[""s3"", ""s2""]",100.0,100.0,94.24307748439253,iperf3,tcp,5,1,11431,6653,"{""cpu_utilization_percent"": {""host_system"": 0.550353660675549, ""host_total"": 0.550353660675549, ""host_user"": 0, ""remote_system"": 1.1369632117541029, ""remote_total"": 1.2613036549716807, ""remote_user"": 0.124302278563429}, ""receiver_tcp_congestion"": ""cubic"", ""sender_tcp_congestion"": ""cubic"", ""streams"": [{""receiver"": {""bits_per_second"": 94243077.48439252, ""bytes"": 61734352, ""end"": 5.240436, ""seconds"": 5.000043, ""sender"": true, ""socket"": 5, ""start"": 0}, ""sender"": {""bits_per_second"": 98775009.7349163, ""bytes"": 61734912, ""end"": 5.000043, ""max_rtt"": 263970, ""max_snd_cwnd"": 3295648, ""max_snd_wnd"": 4791296, ""mean_rtt"": 167145, ""min_rtt"": 71695, ""retransmits"": 0, ""seconds"": 5.000043, ""sender"": true, ""socket"": 5, ""start"": 0}}], ""sum_received"": {""bits_per_second"": 94243077.48439252, ""bytes"": 61734352, ""end"": 5.240436, ""seconds"": 5.240436, ""sender"": true, ""start"": 0}, ""sum_sent"": {""bits_per_second"": 98775009.7349163, ""bytes"": 61734912, ""end"": 5.000043, ""retransmits"": 0, ""seconds"": 5.000043, ""sender"": true, ""start"": 0}}",5201,link_down_before_traffic,pre,1,,link_down,s2-s3,,"{""down_at"": 0.0, ""up_at"": null}",0.0,"{""h1"": ""SPF/csv/pcap/ring5/astar/link_down_before_traffic/h1.pcap"", ""h10"": ""SPF/csv/pcap/ring5/astar/link_down_before_traffic/h10.pcap"", ""h2"": ""SPF/csv/pcap/ring5/astar/link_down_before_traffic/h2.pcap"", ""h3"": ""SPF/csv/pcap/ring5/astar/link_down_before_traffic/h3.pcap"", ""h4"": ""SPF/csv/pcap/ring5/astar/link_down_before_traffic/h4.pcap"", ""h5"": ""SPF/csv/pcap/ring5/astar/link_down_before_traffic/h5.pcap"", ""h6"": ""SPF/csv/pcap/ring5/astar/link_down_before_traffic/h6.pcap"", ""h7"": ""SPF/csv/pcap/ring5/astar/link_down_before_traffic/h7.pcap"", ""h8"": ""SPF/csv/pcap/ring5/astar/link_down_before_traffic/h8.pcap"", ""h9"": ""SPF/csv/pcap/ring5/astar/link_down_before_traffic/h9.pcap""}",{},"[{""event"": ""link_down"", ""timestamp"": ""2026-05-19T17:30:41.589702+00:00""}]",,,2,1,,,
2026-05-19T17:36:26.411538+00:00,live,ring5,,astar,0,h6,h4,s3,s2,success,0.034986,1,1,s3 -> s2,"[""s3"", ""s2""]",100.0,100.0,94.4058161604256,iperf3,tcp,5,1,11431,6653,"{""cpu_utilization_percent"": {""host_system"": 0.607679435493014, ""host_total"": 0.6922458566101307, ""host_user"": 0.0845664211171167, ""remote_system"": 0.6924848299315605, ""remote_total"": 1.2570053587774228, ""remote_user"": 0.5645205288458623}, ""receiver_tcp_congestion"": ""cubic"", ""sender_tcp_congestion"": ""cubic"", ""streams"": [{""receiver"": {""bits_per_second"": 94405816.1604256, ""bytes"": 62293784, ""end"": 5.278809, ""seconds"": 5.000089, ""sender"": true, ""socket"": 5, ""start"": 0}, ""sender"": {""bits_per_second"": 100451792.7580889, ""bytes"": 62783488, ""end"": 5.000089, ""max_rtt"": 234215, ""max_snd_cwnd"": 3275376, ""max_snd_wnd"": 4791296, ""mean_rtt"": 159763, ""min_rtt"": 69691, ""retransmits"": 0, ""seconds"": 5.000089, ""sender"": true, ""socket"": 5, ""start"": 0}}], ""sum_received"": {""bits_per_second"": 94405816.1604256, ""bytes"": 62293784, ""end"": 5.278809, ""seconds"": 5.278809, ""sender"": true, ""start"": 0}, ""sum_sent"": {""bits_per_second"": 100451792.7580889, ""bytes"": 62783488, ""end"": 5.000089, ""retransmits"": 0, ""seconds"": 5.000089, ""sender"": true, ""start"": 0}}",5201,link_down_before_traffic,pre,1,,link_down,s2-s3,,"{""down_at"": 0.0, ""up_at"": null}",0.0,"{""h1"": ""SPF/csv/pcap/ring5/astar/link_down_before_traffic/h1.pcap"", ""h10"": ""SPF/csv/pcap/ring5/astar/link_down_before_traffic/h10.pcap"", ""h2"": ""SPF/csv/pcap/ring5/astar/link_down_before_traffic/h2.pcap"", ""h3"": ""SPF/csv/pcap/ring5/astar/link_down_before_traffic/h3.pcap"", ""h4"": ""SPF/csv/pcap/ring5/astar/link_down_before_traffic/h4.pcap"", ""h5"": ""SPF/csv/pcap/ring5/astar/link_down_before_traffic/h5.pcap"", ""h6"": ""SPF/csv/pcap/ring5/astar/link_down_before_traffic/h6.pcap"", ""h7"": ""SPF/csv/pcap/ring5/astar/link_down_before_traffic/h7.pcap"", ""h8"": ""SPF/csv/pcap/ring5/astar/link_down_before_traffic/h8.pcap"", ""h9"": ""SPF/csv/pcap/ring5/astar/link_down_before_traffic/h9.pcap""}",{},"[{""event"": ""link_down"", ""timestamp"": ""2026-05-19T17:30:41.589702+00:00""}]",,,2,2,,,
2026-05-19T17:36:32.541262+00:00,live,ring5,,astar,0,h6,h7,s3,s4,success,0.017457,1,1,s3 -> s4,"[""s3"", ""s4""]",100.0,100.0,95.51990117495765,iperf3,tcp,5,1,11431,6653,"{""cpu_utilization_percent"": {""host_system"": 0.3143842348624848, ""host_total"": 0.31440416792328, ""host_user"": 0, ""remote_system"": 1.1637118870206762, ""remote_total"": 1.494341524082755, ""remote_user"": 0.3306296370620787}, ""receiver_tcp_congestion"": ""cubic"", ""sender_tcp_congestion"": ""cubic"", ""streams"": [{""receiver"": {""bits_per_second"": 95519901.17495765, ""bytes"": 62652136, ""end"": 5.247253, ""seconds"": 5.000098, ""sender"": true, ""socket"": 5, ""start"": 0}, ""sender"": {""bits_per_second"": 100241900.85874316, ""bytes"": 62652416, ""end"": 5.000098, ""max_rtt"": 292649, ""max_snd_cwnd"": 4123904, ""max_snd_wnd"": 5577472, ""mean_rtt"": 230669, ""min_rtt"": 146297, ""retransmits"": 0, ""seconds"": 5.000098, ""sender"": true, ""socket"": 5, ""start"": 0}}], ""sum_received"": {""bits_per_second"": 95519901.17495765, ""bytes"": 62652136, ""end"": 5.247253, ""seconds"": 5.247253, ""sender"": true, ""start"": 0}, ""sum_sent"": {""bits_per_second"": 100241900.85874316, ""bytes"": 62652416, ""end"": 5.000098, ""retransmits"": 0, ""seconds"": 5.000098, ""sender"": true, ""start"": 0}}",5201,link_down_before_traffic,pre,1,,link_down,s2-s3,,"{""down_at"": 0.0, ""up_at"": null}",0.0,"{""h1"": ""SPF/csv/pcap/ring5/astar/link_down_before_traffic/h1.pcap"", ""h10"": ""SPF/csv/pcap/ring5/astar/link_down_before_traffic/h10.pcap"", ""h2"": ""SPF/csv/pcap/ring5/astar/link_down_before_traffic/h2.pcap"", ""h3"": ""SPF/csv/pcap/ring5/astar/link_down_before_traffic/h3.pcap"", ""h4"": ""SPF/csv/pcap/ring5/astar/link_down_before_traffic/h4.pcap"", ""h5"": ""SPF/csv/pcap/ring5/astar/link_down_before_traffic/h5.pcap"", ""h6"": ""SPF/csv/pcap/ring5/astar/link_down_before_traffic/h6.pcap"", ""h7"": ""SPF/csv/pcap/ring5/astar/link_down_before_traffic/h7.pcap"", ""h8"": ""SPF/csv/pcap/ring5/astar/link_down_before_traffic/h8.pcap"", ""h9"": ""SPF/csv/pcap/ring5/astar/link_down_before_traffic/h9.pcap""}",{},"[{""event"": ""link_down"", ""timestamp"": ""2026-05-19T17:30:41.589702+00:00""}]",,,2,1,,,
2026-05-19T17:36:41.554791+00:00,live,ring5,,astar,0,h6,h8,s3,s4,success,0.019507,1,1,s3 -> s4,"[""s3"", ""s4""]",100.0,100.0,95.5187261510163,iperf3,tcp,5,1,11431,6653,"{""cpu_utilization_percent"": {""host_system"": 0.3130111621977079, ""host_total"": 0.3130111621977079, ""host_user"": 0, ""remote_system"": 1.243217531432997, ""remote_total"": 1.4002491161256192, ""remote_user"": 0.1570125274614701}, ""receiver_tcp_congestion"": ""cubic"", ""sender_tcp_congestion"": ""cubic"", ""streams"": [{""receiver"": {""bits_per_second"": 95518726.1510163, ""bytes"": 62652416, ""end"": 5.247341, ""seconds"": 5.000098, ""sender"": true, ""socket"": 5, ""start"": 0}, ""sender"": {""bits_per_second"": 100241900.85874316, ""bytes"": 62652416, ""end"": 5.000098, ""max_rtt"": 292540, ""max_snd_cwnd"": 4123904, ""max_snd_wnd"": 5577472, ""mean_rtt"": 230990, ""min_rtt"": 146236, ""retransmits"": 0, ""seconds"": 5.000098, ""sender"": true, ""socket"": 5, ""start"": 0}}], ""sum_received"": {""bits_per_second"": 95518726.1510163, ""bytes"": 62652416, ""end"": 5.247341, ""seconds"": 5.247341, ""sender"": true, ""start"": 0}, ""sum_sent"": {""bits_per_second"": 100241900.85874316, ""bytes"": 62652416, ""end"": 5.000098, ""retransmits"": 0, ""seconds"": 5.000098, ""sender"": true, ""start"": 0}}",5201,link_down_before_traffic,pre,1,,link_down,s2-s3,,"{""down_at"": 0.0, ""up_at"": null}",0.0,"{""h1"": ""SPF/csv/pcap/ring5/astar/link_down_before_traffic/h1.pcap"", ""h10"": ""SPF/csv/pcap/ring5/astar/link_down_before_traffic/h10.pcap"", ""h2"": ""SPF/csv/pcap/ring5/astar/link_down_before_traffic/h2.pcap"", ""h3"": ""SPF/csv/pcap/ring5/astar/link_down_before_traffic/h3.pcap"", ""h4"": ""SPF/csv/pcap/ring5/astar/link_down_before_traffic/h4.pcap"", ""h5"": ""SPF/csv/pcap/ring5/astar/link_down_before_traffic/h5.pcap"", ""h6"": ""SPF/csv/pcap/ring5/astar/link_down_before_traffic/h6.pcap"", ""h7"": ""SPF/csv/pcap/ring5/astar/link_down_before_traffic/h7.pcap"", ""h8"": ""SPF/csv/pcap/ring5/astar/link_down_before_traffic/h8.pcap"", ""h9"": ""SPF/csv/pcap/ring5/astar/link_down_before_traffic/h9.pcap""}",{},"[{""event"": ""link_down"", ""timestamp"": ""2026-05-19T17:30:41.589702+00:00""}]",,,2,2,,,
2026-05-19T17:36:47.538826+00:00,live,ring5,,astar,0,h6,h9,s3,s5,success,0.017467,2,2,s3 -> s4 -> s5,"[""s3"", ""s4"", ""s5""]",100.0,50.0,95.1776570920978,iperf3,tcp,5,1,11431,6653,"{""cpu_utilization_percent"": {""host_system"": 0.3534450076190253, ""host_total"": 0.4342477420168862, ""host_user"": 0.0807828957692339, ""remote_system"": 1.205956887309629, ""remote_total"": 1.2924315984469956, ""remote_user"": 0.08647471113736656}, ""receiver_tcp_congestion"": ""cubic"", ""sender_tcp_congestion"": ""cubic"", ""streams"": [{""receiver"": {""bits_per_second"": 95177657.0920978, ""bytes"": 63176704, ""end"": 5.310213, ""seconds"": 5.000064, ""sender"": true, ""socket"": 5, ""start"": 0}, ""sender"": {""bits_per_second"": 101081432.55766326, ""bytes"": 63176704, ""end"": 5.000064, ""max_rtt"": 237756, ""max_snd_cwnd"": 3690952, ""max_snd_wnd"": 4791296, ""mean_rtt"": 184390, ""min_rtt"": 102928, ""retransmits"": 0, ""seconds"": 5.000064, ""sender"": true, ""socket"": 5, ""start"": 0}}], ""sum_received"": {""bits_per_second"": 95177657.0920978, ""bytes"": 63176704, ""end"": 5.310213, ""seconds"": 5.310213, ""sender"": true, ""start"": 0}, ""sum_sent"": {""bits_per_second"": 101081432.55766326, ""bytes"": 63176704, ""end"": 5.000064, ""retransmits"": 0, ""seconds"": 5.000064, ""sender"": true, ""start"": 0}}",5201,link_down_before_traffic,pre,1,,link_down,s2-s3,,"{""down_at"": 0.0, ""up_at"": null}",0.0,"{""h1"": ""SPF/csv/pcap/ring5/astar/link_down_before_traffic/h1.pcap"", ""h10"": ""SPF/csv/pcap/ring5/astar/link_down_before_traffic/h10.pcap"", ""h2"": ""SPF/csv/pcap/ring5/astar/link_down_before_traffic/h2.pcap"", ""h3"": ""SPF/csv/pcap/ring5/astar/link_down_before_traffic/h3.pcap"", ""h4"": ""SPF/csv/pcap/ring5/astar/link_down_before_traffic/h4.pcap"", ""h5"": ""SPF/csv/pcap/ring5/astar/link_down_before_traffic/h5.pcap"", ""h6"": ""SPF/csv/pcap/ring5/astar/link_down_before_traffic/h6.pcap"", ""h7"": ""SPF/csv/pcap/ring5/astar/link_down_before_traffic/h7.pcap"", ""h8"": ""SPF/csv/pcap/ring5/astar/link_down_before_traffic/h8.pcap"", ""h9"": ""SPF/csv/pcap/ring5/astar/link_down_before_traffic/h9.pcap""}",{},"[{""event"": ""link_down"", ""timestamp"": ""2026-05-19T17:30:41.589702+00:00""}]",,,2,1,,,
2026-05-19T17:36:53.628932+00:00,live,ring5,,astar,0,h7,h1,s4,s1,success,0.033318,2,2,s4 -> s5 -> s1,"[""s4"", ""s5"", ""s1""]",100.0,50.0,95.13873754355555,iperf3,tcp,5,1,11431,6653,"{""cpu_utilization_percent"": {""host_system"": 0.41303140500595487, ""host_total"": 0.41303140500595487, ""host_user"": 0, ""remote_system"": 1.1492938838422724, ""remote_total"": 1.2277742537678864, ""remote_user"": 0.0784615361435345}, ""receiver_tcp_congestion"": ""cubic"", ""sender_tcp_congestion"": ""cubic"", ""streams"": [{""receiver"": {""bits_per_second"": 95138737.54355554, ""bytes"": 63143592, ""end"": 5.309601, ""seconds"": 5.000016, ""sender"": true, ""socket"": 5, ""start"": 0}, ""sender"": {""bits_per_second"": 101292117.46522412, ""bytes"": 63307776, ""end"": 5.000016, ""max_rtt"": 242187, ""max_snd_cwnd"": 3630136, ""max_snd_wnd"": 4791296, ""mean_rtt"": 184026, ""min_rtt"": 98151, ""retransmits"": 0, ""seconds"": 5.000016, ""sender"": true, ""socket"": 5, ""start"": 0}}], ""sum_received"": {""bits_per_second"": 95138737.54355554, ""bytes"": 63143592, ""end"": 5.309601, ""seconds"": 5.309601, ""sender"": true, ""start"": 0}, ""sum_sent"": {""bits_per_second"": 101292117.46522412, ""bytes"": 63307776, ""end"": 5.000016, ""retransmits"": 0, ""seconds"": 5.000016, ""sender"": true, ""start"": 0}}",5201,link_down_before_traffic,pre,1,,link_down,s2-s3,,"{""down_at"": 0.0, ""up_at"": null}",0.0,"{""h1"": ""SPF/csv/pcap/ring5/astar/link_down_before_traffic/h1.pcap"", ""h10"": ""SPF/csv/pcap/ring5/astar/link_down_before_traffic/h10.pcap"", ""h2"": ""SPF/csv/pcap/ring5/astar/link_down_before_traffic/h2.pcap"", ""h3"": ""SPF/csv/pcap/ring5/astar/link_down_before_traffic/h3.pcap"", ""h4"": ""SPF/csv/pcap/ring5/astar/link_down_before_traffic/h4.pcap"", ""h5"": ""SPF/csv/pcap/ring5/astar/link_down_before_traffic/h5.pcap"", ""h6"": ""SPF/csv/pcap/ring5/astar/link_down_before_traffic/h6.pcap"", ""h7"": ""SPF/csv/pcap/ring5/astar/link_down_before_traffic/h7.pcap"", ""h8"": ""SPF/csv/pcap/ring5/astar/link_down_before_traffic/h8.pcap"", ""h9"": ""SPF/csv/pcap/ring5/astar/link_down_before_traffic/h9.pcap""}",{},"[{""event"": ""link_down"", ""timestamp"": ""2026-05-19T17:30:41.589702+00:00""}]",,,1,1,,,
2026-05-19T17:36:59.709530+00:00,live,ring5,,astar,0,h7,h10,s4,s5,success,0.024144,1,1,s4 -> s5,"[""s4"", ""s5""]",100.0,100.0,95.51885357402443,iperf3,tcp,5,1,11431,6653,"{""cpu_utilization_percent"": {""host_system"": 0.34095855876542147, ""host_total"": 0.34095855876542147, ""host_user"": 0, ""remote_system"": 1.280777869548828, ""remote_total"": 1.4531884426410395, ""remote_user"": 0.17239151588285}, ""receiver_tcp_congestion"": ""cubic"", ""sender_tcp_congestion"": ""cubic"", ""streams"": [{""receiver"": {""bits_per_second"": 95518853.57402444, ""bytes"": 62652416, ""end"": 5.247334, ""seconds"": 5.00002, ""sender"": true, ""socket"": 5, ""start"": 0}, ""sender"": {""bits_per_second"": 100243464.62614149, ""bytes"": 62652416, ""end"": 5.00002, ""max_rtt"": 292519, ""max_snd_cwnd"": 4123904, ""max_snd_wnd"": 5577472, ""mean_rtt"": 230644, ""min_rtt"": 146309, ""retransmits"": 0, ""seconds"": 5.00002, ""sender"": true, ""socket"": 5, ""start"": 0}}], ""sum_received"": {""bits_per_second"": 95518853.57402444, ""bytes"": 62652416, ""end"": 5.247334, ""seconds"": 5.247334, ""sender"": true, ""start"": 0}, ""sum_sent"": {""bits_per_second"": 100243464.62614149, ""bytes"": 62652416, ""end"": 5.00002, ""retransmits"": 0, ""seconds"": 5.00002, ""sender"": true, ""start"": 0}}",5201,link_down_before_traffic,pre,1,,link_down,s2-s3,,"{""down_at"": 0.0, ""up_at"": null}",0.0,"{""h1"": ""SPF/csv/pcap/ring5/astar/link_down_before_traffic/h1.pcap"", ""h10"": ""SPF/csv/pcap/ring5/astar/link_down_before_traffic/h10.pcap"", ""h2"": ""SPF/csv/pcap/ring5/astar/link_down_before_traffic/h2.pcap"", ""h3"": ""SPF/csv/pcap/ring5/astar/link_down_before_traffic/h3.pcap"", ""h4"": ""SPF/csv/pcap/ring5/astar/link_down_before_traffic/h4.pcap"", ""h5"": ""SPF/csv/pcap/ring5/astar/link_down_before_traffic/h5.pcap"", ""h6"": ""SPF/csv/pcap/ring5/astar/link_down_before_traffic/h6.pcap"", ""h7"": ""SPF/csv/pcap/ring5/astar/link_down_before_traffic/h7.pcap"", ""h8"": ""SPF/csv/pcap/ring5/astar/link_down_before_traffic/h8.pcap"", ""h9"": ""SPF/csv/pcap/ring5/astar/link_down_before_traffic/h9.pcap""}",{},"[{""event"": ""link_down"", ""timestamp"": ""2026-05-19T17:30:41.589702+00:00""}]",,,1,2,,,
2026-05-19T17:37:05.693998+00:00,live,ring5,,astar,0,h7,h2,s4,s1,success,0.054814,2,2,s4 -> s5 -> s1,"[""s4"", ""s5"", ""s1""]",100.0,50.0,95.17614107121835,iperf3,tcp,5,1,11431,6653,"{""cpu_utilization_percent"": {""host_system"": 0.49207489463265186, ""host_total"": 0.49207489463265186, ""host_user"": 0, ""remote_system"": 1.277154049726682, ""remote_total"": 1.4342156141306814, ""remote_user"": 0.1570615644039995}, ""receiver_tcp_congestion"": ""cubic"", ""sender_tcp_congestion"": ""cubic"", ""streams"": [{""receiver"": {""bits_per_second"": 95176141.07121836, ""bytes"": 63165728, ""end"": 5.309375, ""seconds"": 5.00005, ""sender"": true, ""socket"": 5, ""start"": 0}, ""sender"": {""bits_per_second"": 101081715.58284417, ""bytes"": 63176704, ""end"": 5.00005, ""max_rtt"": 238656, ""max_snd_cwnd"": 3689504, ""max_snd_wnd"": 4791296, ""mean_rtt"": 184658, ""min_rtt"": 102383, ""retransmits"": 0, ""seconds"": 5.00005, ""sender"": true, ""socket"": 5, ""start"": 0}}], ""sum_received"": {""bits_per_second"": 95176141.07121836, ""bytes"": 63165728, ""end"": 5.309375, ""seconds"": 5.309375, ""sender"": true, ""start"": 0}, ""sum_sent"": {""bits_per_second"": 101081715.58284417, ""bytes"": 63176704, ""end"": 5.00005, ""retransmits"": 0, ""seconds"": 5.00005, ""sender"": true, ""start"": 0}}",5201,link_down_before_traffic,pre,1,,link_down,s2-s3,,"{""down_at"": 0.0, ""up_at"": null}",0.0,"{""h1"": ""SPF/csv/pcap/ring5/astar/link_down_before_traffic/h1.pcap"", ""h10"": ""SPF/csv/pcap/ring5/astar/link_down_before_traffic/h10.pcap"", ""h2"": ""SPF/csv/pcap/ring5/astar/link_down_before_traffic/h2.pcap"", ""h3"": ""SPF/csv/pcap/ring5/astar/link_down_before_traffic/h3.pcap"", ""h4"": ""SPF/csv/pcap/ring5/astar/link_down_before_traffic/h4.pcap"", ""h5"": ""SPF/csv/pcap/ring5/astar/link_down_before_traffic/h5.pcap"", ""h6"": ""SPF/csv/pcap/ring5/astar/link_down_before_traffic/h6.pcap"", ""h7"": ""SPF/csv/pcap/ring5/astar/link_down_before_traffic/h7.pcap"", ""h8"": ""SPF/csv/pcap/ring5/astar/link_down_before_traffic/h8.pcap"", ""h9"": ""SPF/csv/pcap/ring5/astar/link_down_before_traffic/h9.pcap""}",{},"[{""event"": ""link_down"", ""timestamp"": ""2026-05-19T17:30:41.589702+00:00""}]",,,1,2,,,
2026-05-19T17:37:14.885969+00:00,live,ring5,,astar,0,h7,h3,s4,s2,success,0.036049,2,2,s4 -> s3 -> s2,"[""s4"", ""s3"", ""s2""]",100.0,50.0,94.84847444052494,iperf3,tcp,5,1,11431,6653,"{""cpu_utilization_percent"": {""host_system"": 0.49286596030335633, ""host_total"": 0.49286596030335633, ""host_user"": 0, ""remote_system"": 1.62685428304243, ""remote_total"": 1.8092945070958537, ""remote_user"": 0.182440224053424}, ""receiver_tcp_congestion"": ""cubic"", ""sender_tcp_congestion"": ""cubic"", ""streams"": [{""receiver"": {""bits_per_second"": 94848474.44052494, ""bytes"": 61996496, ""end"": 5.229098, ""seconds"": 5.00014, ""sender"": true, ""socket"": 5, ""start"": 0}, ""sender"": {""bits_per_second"": 99192512.20965813, ""bytes"": 61997056, ""end"": 5.00014, ""max_rtt"": 252521, ""max_snd_cwnd"": 3178360, ""max_snd_wnd"": 4791296, ""mean_rtt"": 157160, ""min_rtt"": 61913, ""retransmits"": 0, ""seconds"": 5.00014, ""sender"": true, ""socket"": 5, ""start"": 0}}], ""sum_received"": {""bits_per_second"": 94848474.44052494, ""bytes"": 61996496, ""end"": 5.229098, ""seconds"": 5.229098, ""sender"": true, ""start"": 0}, ""sum_sent"": {""bits_per_second"": 99192512.20965813, ""bytes"": 61997056, ""end"": 5.00014, ""retransmits"": 0, ""seconds"": 5.00014, ""sender"": true, ""start"": 0}}",5201,link_down_before_traffic,pre,1,,link_down,s2-s3,,"{""down_at"": 0.0, ""up_at"": null}",0.0,"{""h1"": ""SPF/csv/pcap/ring5/astar/link_down_before_traffic/h1.pcap"", ""h10"": ""SPF/csv/pcap/ring5/astar/link_down_before_traffic/h10.pcap"", ""h2"": ""SPF/csv/pcap/ring5/astar/link_down_before_traffic/h2.pcap"", ""h3"": ""SPF/csv/pcap/ring5/astar/link_down_before_traffic/h3.pcap"", ""h4"": ""SPF/csv/pcap/ring5/astar/link_down_before_traffic/h4.pcap"", ""h5"": ""SPF/csv/pcap/ring5/astar/link_down_before_traffic/h5.pcap"", ""h6"": ""SPF/csv/pcap/ring5/astar/link_down_before_traffic/h6.pcap"", ""h7"": ""SPF/csv/pcap/ring5/astar/link_down_before_traffic/h7.pcap"", ""h8"": ""SPF/csv/pcap/ring5/astar/link_down_before_traffic/h8.pcap"", ""h9"": ""SPF/csv/pcap/ring5/astar/link_down_before_traffic/h9.pcap""}",{},"[{""event"": ""link_down"", ""timestamp"": ""2026-05-19T17:30:41.589702+00:00""}]",,,1,1,,,
2026-05-19T17:37:20.910600+00:00,live,ring5,,astar,0,h7,h4,s4,s2,success,0.032862,2,2,s4 -> s3 -> s2,"[""s4"", ""s3"", ""s2""]",100.0,50.0,94.85300930530013,iperf3,tcp,5,1,11431,6653,"{""cpu_utilization_percent"": {""host_system"": 0.447586308761295, ""host_total"": 0.4943922025024126, ""host_user"": 0.0468256931885545, ""remote_system"": 1.1855739109480843, ""remote_total"": 1.3590342828073425, ""remote_user"": 0.1734221226041623}, ""receiver_tcp_congestion"": ""cubic"", ""sender_tcp_congestion"": ""cubic"", ""streams"": [{""receiver"": {""bits_per_second"": 94853009.30530013, ""bytes"": 61996496, ""end"": 5.228848, ""seconds"": 5.000099, ""sender"": true, ""socket"": 5, ""start"": 0}, ""sender"": {""bits_per_second"": 99193325.57215367, ""bytes"": 61997056, ""end"": 5.000099, ""max_rtt"": 252040, ""max_snd_cwnd"": 3178360, ""max_snd_wnd"": 4791552, ""mean_rtt"": 157079, ""min_rtt"": 62016, ""retransmits"": 0, ""seconds"": 5.000099, ""sender"": true, ""socket"": 5, ""start"": 0}}], ""sum_received"": {""bits_per_second"": 94853009.30530013, ""bytes"": 61996496, ""end"": 5.228848, ""seconds"": 5.228848, ""sender"": true, ""start"": 0}, ""sum_sent"": {""bits_per_second"": 99193325.57215367, ""bytes"": 61997056, ""end"": 5.000099, ""retransmits"": 0, ""seconds"": 5.000099, ""sender"": true, ""start"": 0}}",5201,link_down_before_traffic,pre,1,,link_down,s2-s3,,"{""down_at"": 0.0, ""up_at"": null}",0.0,"{""h1"": ""SPF/csv/pcap/ring5/astar/link_down_before_traffic/h1.pcap"", ""h10"": ""SPF/csv/pcap/ring5/astar/link_down_before_traffic/h10.pcap"", ""h2"": ""SPF/csv/pcap/ring5/astar/link_down_before_traffic/h2.pcap"", ""h3"": ""SPF/csv/pcap/ring5/astar/link_down_before_traffic/h3.pcap"", ""h4"": ""SPF/csv/pcap/ring5/astar/link_down_before_traffic/h4.pcap"", ""h5"": ""SPF/csv/pcap/ring5/astar/link_down_before_traffic/h5.pcap"", ""h6"": ""SPF/csv/pcap/ring5/astar/link_down_before_traffic/h6.pcap"", ""h7"": ""SPF/csv/pcap/ring5/astar/link_down_before_traffic/h7.pcap"", ""h8"": ""SPF/csv/pcap/ring5/astar/link_down_before_traffic/h8.pcap"", ""h9"": ""SPF/csv/pcap/ring5/astar/link_down_before_traffic/h9.pcap""}",{},"[{""event"": ""link_down"", ""timestamp"": ""2026-05-19T17:30:41.589702+00:00""}]",,,1,2,,,
2026-05-19T17:37:26.934679+00:00,live,ring5,,astar,0,h7,h5,s4,s3,success,0.018256,1,1,s4 -> s3,"[""s4"", ""s3""]",100.0,100.0,95.51607853166378,iperf3,tcp,5,1,11431,6653,"{""cpu_utilization_percent"": {""host_system"": 0.425977773236989, ""host_total"": 0.425977773236989, ""host_user"": 0, ""remote_system"": 1.3624856788073791, ""remote_total"": 1.435778169585789, ""remote_user"": 0.0732734339685349}, ""receiver_tcp_congestion"": ""cubic"", ""sender_tcp_congestion"": ""cubic"", ""streams"": [{""receiver"": {""bits_per_second"": 95516078.53166378, ""bytes"": 62652136, ""end"": 5.247463, ""seconds"": 5.000035, ""sender"": true, ""socket"": 5, ""start"": 0}, ""sender"": {""bits_per_second"": 100243163.89785272, ""bytes"": 62652416, ""end"": 5.000035, ""max_rtt"": 292824, ""max_snd_cwnd"": 4121008, ""max_snd_wnd"": 5577472, ""mean_rtt"": 230716, ""min_rtt"": 146023, ""retransmits"": 0, ""seconds"": 5.000035, ""sender"": true, ""socket"": 5, ""start"": 0}}], ""sum_received"": {""bits_per_second"": 95516078.53166378, ""bytes"": 62652136, ""end"": 5.247463, ""seconds"": 5.247463, ""sender"": true, ""start"": 0}, ""sum_sent"": {""bits_per_second"": 100243163.89785272, ""bytes"": 62652416, ""end"": 5.000035, ""retransmits"": 0, ""seconds"": 5.000035, ""sender"": true, ""start"": 0}}",5201,link_down_before_traffic,pre,1,,link_down,s2-s3,,"{""down_at"": 0.0, ""up_at"": null}",0.0,"{""h1"": ""SPF/csv/pcap/ring5/astar/link_down_before_traffic/h1.pcap"", ""h10"": ""SPF/csv/pcap/ring5/astar/link_down_before_traffic/h10.pcap"", ""h2"": ""SPF/csv/pcap/ring5/astar/link_down_before_traffic/h2.pcap"", ""h3"": ""SPF/csv/pcap/ring5/astar/link_down_before_traffic/h3.pcap"", ""h4"": ""SPF/csv/pcap/ring5/astar/link_down_before_traffic/h4.pcap"", ""h5"": ""SPF/csv/pcap/ring5/astar/link_down_before_traffic/h5.pcap"", ""h6"": ""SPF/csv/pcap/ring5/astar/link_down_before_traffic/h6.pcap"", ""h7"": ""SPF/csv/pcap/ring5/astar/link_down_before_traffic/h7.pcap"", ""h8"": ""SPF/csv/pcap/ring5/astar/link_down_before_traffic/h8.pcap"", ""h9"": ""SPF/csv/pcap/ring5/astar/link_down_before_traffic/h9.pcap""}",{},"[{""event"": ""link_down"", ""timestamp"": ""2026-05-19T17:30:41.589702+00:00""}]",,,1,1,,,
2026-05-19T17:37:32.922905+00:00,live,ring5,,astar,0,h7,h6,s4,s3,success,0.041944,1,1,s4 -> s3,"[""s4"", ""s3""]",100.0,100.0,95.52004680551413,iperf3,tcp,5,1,11431,6653,"{""cpu_utilization_percent"": {""host_system"": 0.3265804688773836, ""host_total"": 0.3265804688773836, ""host_user"": 0, ""remote_system"": 1.3292085123315835, ""remote_total"": 1.3763188316640804, ""remote_user"": 0.0471293769050426}, ""receiver_tcp_congestion"": ""cubic"", ""sender_tcp_congestion"": ""cubic"", ""streams"": [{""receiver"": {""bits_per_second"": 95520046.80551413, ""bytes"": 62652136, ""end"": 5.247245, ""seconds"": 5.000048, ""sender"": true, ""socket"": 5, ""start"": 0}, ""sender"": {""bits_per_second"": 100242903.26812863, ""bytes"": 62652416, ""end"": 5.000048, ""max_rtt"": 292632, ""max_snd_cwnd"": 4123904, ""max_snd_wnd"": 5577472, ""mean_rtt"": 230523, ""min_rtt"": 146289, ""retransmits"": 0, ""seconds"": 5.000048, ""sender"": true, ""socket"": 5, ""start"": 0}}], ""sum_received"": {""bits_per_second"": 95520046.80551413, ""bytes"": 62652136, ""end"": 5.247245, ""seconds"": 5.247245, ""sender"": true, ""start"": 0}, ""sum_sent"": {""bits_per_second"": 100242903.26812863, ""bytes"": 62652416, ""end"": 5.000048, ""retransmits"": 0, ""seconds"": 5.000048, ""sender"": true, ""start"": 0}}",5201,link_down_before_traffic,pre,1,,link_down,s2-s3,,"{""down_at"": 0.0, ""up_at"": null}",0.0,"{""h1"": ""SPF/csv/pcap/ring5/astar/link_down_before_traffic/h1.pcap"", ""h10"": ""SPF/csv/pcap/ring5/astar/link_down_before_traffic/h10.pcap"", ""h2"": ""SPF/csv/pcap/ring5/astar/link_down_before_traffic/h2.pcap"", ""h3"": ""SPF/csv/pcap/ring5/astar/link_down_before_traffic/h3.pcap"", ""h4"": ""SPF/csv/pcap/ring5/astar/link_down_before_traffic/h4.pcap"", ""h5"": ""SPF/csv/pcap/ring5/astar/link_down_before_traffic/h5.pcap"", ""h6"": ""SPF/csv/pcap/ring5/astar/link_down_before_traffic/h6.pcap"", ""h7"": ""SPF/csv/pcap/ring5/astar/link_down_before_traffic/h7.pcap"", ""h8"": ""SPF/csv/pcap/ring5/astar/link_down_before_traffic/h8.pcap"", ""h9"": ""SPF/csv/pcap/ring5/astar/link_down_before_traffic/h9.pcap""}",{},"[{""event"": ""link_down"", ""timestamp"": ""2026-05-19T17:30:41.589702+00:00""}]",,,1,2,,,
2026-05-19T17:37:38.906726+00:00,live,ring5,,astar,0,h7,h9,s4,s5,success,0.018449,1,1,s4 -> s5,"[""s4"", ""s5""]",100.0,100.0,95.5068035899794,iperf3,tcp,5,1,11431,6653,"{""cpu_utilization_percent"": {""host_system"": 0.40018743787834343, ""host_total"": 0.40018743787834343, ""host_user"": 0, ""remote_system"": 1.2599218631451183, ""remote_total"": 1.5280449004670722, ""remote_user"": 0.2681421725658391}, ""receiver_tcp_congestion"": ""cubic"", ""sender_tcp_congestion"": ""cubic"", ""streams"": [{""receiver"": {""bits_per_second"": 95506803.5899794, ""bytes"": 62389712, ""end"": 5.225991, ""seconds"": 5.000096, ""sender"": true, ""socket"": 5, ""start"": 0}, ""sender"": {""bits_per_second"": 99822518.60764273, ""bytes"": 62390272, ""end"": 5.000096, ""max_rtt"": 297620, ""max_snd_cwnd"": 3757560, ""max_snd_wnd"": 5577472, ""mean_rtt"": 203094, ""min_rtt"": 107862, ""retransmits"": 0, ""seconds"": 5.000096, ""sender"": true, ""socket"": 5, ""start"": 0}}], ""sum_received"": {""bits_per_second"": 95506803.5899794, ""bytes"": 62389712, ""end"": 5.225991, ""seconds"": 5.225991, ""sender"": true, ""start"": 0}, ""sum_sent"": {""bits_per_second"": 99822518.60764273, ""bytes"": 62390272, ""end"": 5.000096, ""retransmits"": 0, ""seconds"": 5.000096, ""sender"": true, ""start"": 0}}",5201,link_down_before_traffic,pre,1,,link_down,s2-s3,,"{""down_at"": 0.0, ""up_at"": null}",0.0,"{""h1"": ""SPF/csv/pcap/ring5/astar/link_down_before_traffic/h1.pcap"", ""h10"": ""SPF/csv/pcap/ring5/astar/link_down_before_traffic/h10.pcap"", ""h2"": ""SPF/csv/pcap/ring5/astar/link_down_before_traffic/h2.pcap"", ""h3"": ""SPF/csv/pcap/ring5/astar/link_down_before_traffic/h3.pcap"", ""h4"": ""SPF/csv/pcap/ring5/astar/link_down_before_traffic/h4.pcap"", ""h5"": ""SPF/csv/pcap/ring5/astar/link_down_before_traffic/h5.pcap"", ""h6"": ""SPF/csv/pcap/ring5/astar/link_down_before_traffic/h6.pcap"", ""h7"": ""SPF/csv/pcap/ring5/astar/link_down_before_traffic/h7.pcap"", ""h8"": ""SPF/csv/pcap/ring5/astar/link_down_before_traffic/h8.pcap"", ""h9"": ""SPF/csv/pcap/ring5/astar/link_down_before_traffic/h9.pcap""}",{},"[{""event"": ""link_down"", ""timestamp"": ""2026-05-19T17:30:41.589702+00:00""}]",,,1,1,,,
2026-05-19T17:37:47.941242+00:00,live,ring5,,astar,0,h8,h1,s4,s1,success,0.022884,2,2,s4 -> s5 -> s1,"[""s4"", ""s5"", ""s1""]",100.0,50.0,95.1250685105643,iperf3,tcp,5,1,11431,6653,"{""cpu_utilization_percent"": {""host_system"": 0.32189902155563876, ""host_total"": 0.4220506786446248, ""host_user"": 0.10013180148686691, ""remote_system"": 1.2527453667074366, ""remote_total"": 1.5509471220446935, ""remote_user"": 0.2981640345409332}, ""receiver_tcp_congestion"": ""cubic"", ""sender_tcp_congestion"": ""cubic"", ""streams"": [{""receiver"": {""bits_per_second"": 95125068.5105643, ""bytes"": 63045352, ""end"": 5.302102, ""seconds"": 5.000052, ""sender"": true, ""socket"": 5, ""start"": 0}, ""sender"": {""bits_per_second"": 100871962.13159382, ""bytes"": 63045632, ""end"": 5.000052, ""max_rtt"": 244961, ""max_snd_cwnd"": 3745976, ""max_snd_wnd"": 4791296, ""mean_rtt"": 188288, ""min_rtt"": 107446, ""retransmits"": 0, ""seconds"": 5.000052, ""sender"": true, ""socket"": 5, ""start"": 0}}], ""sum_received"": {""bits_per_second"": 95125068.5105643, ""bytes"": 63045352, ""end"": 5.302102, ""seconds"": 5.302102, ""sender"": true, ""start"": 0}, ""sum_sent"": {""bits_per_second"": 100871962.13159382, ""bytes"": 63045632, ""end"": 5.000052, ""retransmits"": 0, ""seconds"": 5.000052, ""sender"": true, ""start"": 0}}",5201,link_down_before_traffic,pre,1,,link_down,s2-s3,,"{""down_at"": 0.0, ""up_at"": null}",0.0,"{""h1"": ""SPF/csv/pcap/ring5/astar/link_down_before_traffic/h1.pcap"", ""h10"": ""SPF/csv/pcap/ring5/astar/link_down_before_traffic/h10.pcap"", ""h2"": ""SPF/csv/pcap/ring5/astar/link_down_before_traffic/h2.pcap"", ""h3"": ""SPF/csv/pcap/ring5/astar/link_down_before_traffic/h3.pcap"", ""h4"": ""SPF/csv/pcap/ring5/astar/link_down_before_traffic/h4.pcap"", ""h5"": ""SPF/csv/pcap/ring5/astar/link_down_before_traffic/h5.pcap"", ""h6"": ""SPF/csv/pcap/ring5/astar/link_down_before_traffic/h6.pcap"", ""h7"": ""SPF/csv/pcap/ring5/astar/link_down_before_traffic/h7.pcap"", ""h8"": ""SPF/csv/pcap/ring5/astar/link_down_before_traffic/h8.pcap"", ""h9"": ""SPF/csv/pcap/ring5/astar/link_down_before_traffic/h9.pcap""}",{},"[{""event"": ""link_down"", ""timestamp"": ""2026-05-19T17:30:41.589702+00:00""}]",,,2,1,,,
2026-05-19T17:37:54.011444+00:00,live,ring5,,astar,0,h8,h10,s4,s5,success,0.016818,1,1,s4 -> s5,"[""s4"", ""s5""]",100.0,100.0,95.5130624348409,iperf3,tcp,5,1,11431,6653,"{""cpu_utilization_percent"": {""host_system"": 0.5563837325093204, ""host_total"": 0.5563837325093204, ""host_user"": 0, ""remote_system"": 1.2700555353880463, ""remote_total"": 1.4374979548104485, ""remote_user"": 0.1675381008049292}, ""receiver_tcp_congestion"": ""cubic"", ""sender_tcp_congestion"": ""cubic"", ""streams"": [{""receiver"": {""bits_per_second"": 95513062.4348409, ""bytes"": 62389992, ""end"": 5.225672, ""seconds"": 5.000072, ""sender"": true, ""socket"": 5, ""start"": 0}, ""sender"": {""bits_per_second"": 99822997.7488324, ""bytes"": 62390272, ""end"": 5.000072, ""max_rtt"": 313436, ""max_snd_cwnd"": 4068880, ""max_snd_wnd"": 5577472, ""mean_rtt"": 234207, ""min_rtt"": 143229, ""retransmits"": 0, ""seconds"": 5.000072, ""sender"": true, ""socket"": 5, ""start"": 0}}], ""sum_received"": {""bits_per_second"": 95513062.4348409, ""bytes"": 62389992, ""end"": 5.225672, ""seconds"": 5.225672, ""sender"": true, ""start"": 0}, ""sum_sent"": {""bits_per_second"": 99822997.7488324, ""bytes"": 62390272, ""end"": 5.000072, ""retransmits"": 0, ""seconds"": 5.000072, ""sender"": true, ""start"": 0}}",5201,link_down_before_traffic,pre,1,,link_down,s2-s3,,"{""down_at"": 0.0, ""up_at"": null}",0.0,"{""h1"": ""SPF/csv/pcap/ring5/astar/link_down_before_traffic/h1.pcap"", ""h10"": ""SPF/csv/pcap/ring5/astar/link_down_before_traffic/h10.pcap"", ""h2"": ""SPF/csv/pcap/ring5/astar/link_down_before_traffic/h2.pcap"", ""h3"": ""SPF/csv/pcap/ring5/astar/link_down_before_traffic/h3.pcap"", ""h4"": ""SPF/csv/pcap/ring5/astar/link_down_before_traffic/h4.pcap"", ""h5"": ""SPF/csv/pcap/ring5/astar/link_down_before_traffic/h5.pcap"", ""h6"": ""SPF/csv/pcap/ring5/astar/link_down_before_traffic/h6.pcap"", ""h7"": ""SPF/csv/pcap/ring5/astar/link_down_before_traffic/h7.pcap"", ""h8"": ""SPF/csv/pcap/ring5/astar/link_down_before_traffic/h8.pcap"", ""h9"": ""SPF/csv/pcap/ring5/astar/link_down_before_traffic/h9.pcap""}",{},"[{""event"": ""link_down"", ""timestamp"": ""2026-05-19T17:30:41.589702+00:00""}]",,,2,2,,,
2026-05-19T17:37:59.983027+00:00,live,ring5,,astar,0,h8,h2,s4,s1,success,0.01784,2,2,s4 -> s5 -> s1,"[""s4"", ""s5"", ""s1""]",100.0,50.0,95.17412845197974,iperf3,tcp,5,1,11431,6653,"{""cpu_utilization_percent"": {""host_system"": 0.541658565232746, ""host_total"": 0.5416784054790824, ""host_user"": 0, ""remote_system"": 1.2349997508209172, ""remote_total"": 1.3252347920700036, ""remote_user"": 0.09025399022876913}, ""receiver_tcp_congestion"": ""cubic"", ""sender_tcp_congestion"": ""cubic"", ""streams"": [{""receiver"": {""bits_per_second"": 95174128.45197974, ""bytes"": 62783208, ""end"": 5.277334, ""seconds"": 5.000075, ""sender"": true, ""socket"": 5, ""start"": 0}, ""sender"": {""bits_per_second"": 100452074.01888973, ""bytes"": 62783488, ""end"": 5.000075, ""max_rtt"": 261888, ""max_snd_cwnd"": 3599728, ""max_snd_wnd"": 4791296, ""mean_rtt"": 185851, ""min_rtt"": 95507, ""retransmits"": 0, ""seconds"": 5.000075, ""sender"": true, ""socket"": 5, ""start"": 0}}], ""sum_received"": {""bits_per_second"": 95174128.45197974, ""bytes"": 62783208, ""end"": 5.277334, ""seconds"": 5.277334, ""sender"": true, ""start"": 0}, ""sum_sent"": {""bits_per_second"": 100452074.01888973, ""bytes"": 62783488, ""end"": 5.000075, ""retransmits"": 0, ""seconds"": 5.000075, ""sender"": true, ""start"": 0}}",5201,link_down_before_traffic,pre,1,,link_down,s2-s3,,"{""down_at"": 0.0, ""up_at"": null}",0.0,"{""h1"": ""SPF/csv/pcap/ring5/astar/link_down_before_traffic/h1.pcap"", ""h10"": ""SPF/csv/pcap/ring5/astar/link_down_before_traffic/h10.pcap"", ""h2"": ""SPF/csv/pcap/ring5/astar/link_down_before_traffic/h2.pcap"", ""h3"": ""SPF/csv/pcap/ring5/astar/link_down_before_traffic/h3.pcap"", ""h4"": ""SPF/csv/pcap/ring5/astar/link_down_before_traffic/h4.pcap"", ""h5"": ""SPF/csv/pcap/ring5/astar/link_down_before_traffic/h5.pcap"", ""h6"": ""SPF/csv/pcap/ring5/astar/link_down_before_traffic/h6.pcap"", ""h7"": ""SPF/csv/pcap/ring5/astar/link_down_before_traffic/h7.pcap"", ""h8"": ""SPF/csv/pcap/ring5/astar/link_down_before_traffic/h8.pcap"", ""h9"": ""SPF/csv/pcap/ring5/astar/link_down_before_traffic/h9.pcap""}",{},"[{""event"": ""link_down"", ""timestamp"": ""2026-05-19T17:30:41.589702+00:00""}]",,,2,2,,,
2026-05-19T17:38:06.047637+00:00,live,ring5,,astar,0,h8,h3,s4,s2,success,0.025158,2,2,s4 -> s3 -> s2,"[""s4"", ""s3"", ""s2""]",100.0,50.0,94.74938113349806,iperf3,tcp,5,1,11431,6653,"{""cpu_utilization_percent"": {""host_system"": 0.4768948800535622, ""host_total"": 0.5491271131091913, ""host_user"": 0.07221245965484738, ""remote_system"": 1.0840699985383753, ""remote_total"": 1.3198091915316879, ""remote_user"": 0.2357202108536078}, ""receiver_tcp_congestion"": ""cubic"", ""sender_tcp_congestion"": ""cubic"", ""streams"": [{""receiver"": {""bits_per_second"": 94749381.13349806, ""bytes"": 62393640, ""end"": 5.268099, ""seconds"": 5.000064, ""sender"": true, ""socket"": 5, ""start"": 0}, ""sender"": {""bits_per_second"": 100032869.97926426, ""bytes"": 62521344, ""end"": 5.000064, ""max_rtt"": 251459, ""max_snd_cwnd"": 3176912, ""max_snd_wnd"": 4791296, ""mean_rtt"": 156896, ""min_rtt"": 61936, ""retransmits"": 0, ""seconds"": 5.000064, ""sender"": true, ""socket"": 5, ""start"": 0}}], ""sum_received"": {""bits_per_second"": 94749381.13349806, ""bytes"": 62393640, ""end"": 5.268099, ""seconds"": 5.268099, ""sender"": true, ""start"": 0}, ""sum_sent"": {""bits_per_second"": 100032869.97926426, ""bytes"": 62521344, ""end"": 5.000064, ""retransmits"": 0, ""seconds"": 5.000064, ""sender"": true, ""start"": 0}}",5201,link_down_before_traffic,pre,1,,link_down,s2-s3,,"{""down_at"": 0.0, ""up_at"": null}",0.0,"{""h1"": ""SPF/csv/pcap/ring5/astar/link_down_before_traffic/h1.pcap"", ""h10"": ""SPF/csv/pcap/ring5/astar/link_down_before_traffic/h10.pcap"", ""h2"": ""SPF/csv/pcap/ring5/astar/link_down_before_traffic/h2.pcap"", ""h3"": ""SPF/csv/pcap/ring5/astar/link_down_before_traffic/h3.pcap"", ""h4"": ""SPF/csv/pcap/ring5/astar/link_down_before_traffic/h4.pcap"", ""h5"": ""SPF/csv/pcap/ring5/astar/link_down_before_traffic/h5.pcap"", ""h6"": ""SPF/csv/pcap/ring5/astar/link_down_before_traffic/h6.pcap"", ""h7"": ""SPF/csv/pcap/ring5/astar/link_down_before_traffic/h7.pcap"", ""h8"": ""SPF/csv/pcap/ring5/astar/link_down_before_traffic/h8.pcap"", ""h9"": ""SPF/csv/pcap/ring5/astar/link_down_before_traffic/h9.pcap""}",{},"[{""event"": ""link_down"", ""timestamp"": ""2026-05-19T17:30:41.589702+00:00""}]",,,2,1,,,
2026-05-19T17:38:12.116387+00:00,live,ring5,,astar,0,h8,h4,s4,s2,success,0.020827,2,2,s4 -> s3 -> s2,"[""s4"", ""s3"", ""s2""]",100.0,50.0,94.77242857943719,iperf3,tcp,5,1,11431,6653,"{""cpu_utilization_percent"": {""host_system"": 0.44842969392460064, ""host_total"": 0.44839008174369654, ""host_user"": 0, ""remote_system"": 1.1019249602621326, ""remote_total"": 1.3080889823139794, ""remote_user"": 0.20616402205184686}, ""receiver_tcp_congestion"": ""cubic"", ""sender_tcp_congestion"": ""cubic"", ""streams"": [{""receiver"": {""bits_per_second"": 94772428.5794372, ""bytes"": 62127568, ""end"": 5.244358, ""seconds"": 5.000141, ""sender"": true, ""socket"": 5, ""start"": 0}, ""sender"": {""bits_per_second"": 99402201.65791324, ""bytes"": 62128128, ""end"": 5.000141, ""max_rtt"": 252420, ""max_snd_cwnd"": 3175464, ""max_snd_wnd"": 4791296, ""mean_rtt"": 157242, ""min_rtt"": 62014, ""retransmits"": 0, ""seconds"": 5.000141, ""sender"": true, ""socket"": 5, ""start"": 0}}], ""sum_received"": {""bits_per_second"": 94772428.5794372, ""bytes"": 62127568, ""end"": 5.244358, ""seconds"": 5.244358, ""sender"": true, ""start"": 0}, ""sum_sent"": {""bits_per_second"": 99402201.65791324, ""bytes"": 62128128, ""end"": 5.000141, ""retransmits"": 0, ""seconds"": 5.000141, ""sender"": true, ""start"": 0}}",5201,link_down_before_traffic,pre,1,,link_down,s2-s3,,"{""down_at"": 0.0, ""up_at"": null}",0.0,"{""h1"": ""SPF/csv/pcap/ring5/astar/link_down_before_traffic/h1.pcap"", ""h10"": ""SPF/csv/pcap/ring5/astar/link_down_before_traffic/h10.pcap"", ""h2"": ""SPF/csv/pcap/ring5/astar/link_down_before_traffic/h2.pcap"", ""h3"": ""SPF/csv/pcap/ring5/astar/link_down_before_traffic/h3.pcap"", ""h4"": ""SPF/csv/pcap/ring5/astar/link_down_before_traffic/h4.pcap"", ""h5"": ""SPF/csv/pcap/ring5/astar/link_down_before_traffic/h5.pcap"", ""h6"": ""SPF/csv/pcap/ring5/astar/link_down_before_traffic/h6.pcap"", ""h7"": ""SPF/csv/pcap/ring5/astar/link_down_before_traffic/h7.pcap"", ""h8"": ""SPF/csv/pcap/ring5/astar/link_down_before_traffic/h8.pcap"", ""h9"": ""SPF/csv/pcap/ring5/astar/link_down_before_traffic/h9.pcap""}",{},"[{""event"": ""link_down"", ""timestamp"": ""2026-05-19T17:30:41.589702+00:00""}]",,,2,2,,,
2026-05-19T17:38:21.113760+00:00,live,ring5,,astar,0,h8,h5,s4,s3,success,0.037094,1,1,s4 -> s3,"[""s4"", ""s3""]",100.0,100.0,95.5142095461787,iperf3,tcp,5,1,11431,6653,"{""cpu_utilization_percent"": {""host_system"": 0.4386846752886521, ""host_total"": 0.548520238776776, ""host_user"": 0.10983556348812404, ""remote_system"": 4.305221551684226, ""remote_total"": 4.938535550537708, ""remote_user"": 0.633295178788733}, ""receiver_tcp_congestion"": ""cubic"", ""sender_tcp_congestion"": ""cubic"", ""streams"": [{""receiver"": {""bits_per_second"": 95514209.5461787, ""bytes"": 63438568, ""end"": 5.313435, ""seconds"": 5.000039, ""sender"": true, ""socket"": 5, ""start"": 0}, ""sender"": {""bits_per_second"": 101501365.0893523, ""bytes"": 63438848, ""end"": 5.000039, ""max_rtt"": 245049, ""max_snd_cwnd"": 3780728, ""max_snd_wnd"": 5430144, ""mean_rtt"": 191994, ""min_rtt"": 109958, ""retransmits"": 0, ""seconds"": 5.000039, ""sender"": true, ""socket"": 5, ""start"": 0}}], ""sum_received"": {""bits_per_second"": 95514209.5461787, ""bytes"": 63438568, ""end"": 5.313435, ""seconds"": 5.313435, ""sender"": true, ""start"": 0}, ""sum_sent"": {""bits_per_second"": 101501365.0893523, ""bytes"": 63438848, ""end"": 5.000039, ""retransmits"": 0, ""seconds"": 5.000039, ""sender"": true, ""start"": 0}}",5201,link_down_before_traffic,pre,1,,link_down,s2-s3,,"{""down_at"": 0.0, ""up_at"": null}",0.0,"{""h1"": ""SPF/csv/pcap/ring5/astar/link_down_before_traffic/h1.pcap"", ""h10"": ""SPF/csv/pcap/ring5/astar/link_down_before_traffic/h10.pcap"", ""h2"": ""SPF/csv/pcap/ring5/astar/link_down_before_traffic/h2.pcap"", ""h3"": ""SPF/csv/pcap/ring5/astar/link_down_before_traffic/h3.pcap"", ""h4"": ""SPF/csv/pcap/ring5/astar/link_down_before_traffic/h4.pcap"", ""h5"": ""SPF/csv/pcap/ring5/astar/link_down_before_traffic/h5.pcap"", ""h6"": ""SPF/csv/pcap/ring5/astar/link_down_before_traffic/h6.pcap"", ""h7"": ""SPF/csv/pcap/ring5/astar/link_down_before_traffic/h7.pcap"", ""h8"": ""SPF/csv/pcap/ring5/astar/link_down_before_traffic/h8.pcap"", ""h9"": ""SPF/csv/pcap/ring5/astar/link_down_before_traffic/h9.pcap""}",{},"[{""event"": ""link_down"", ""timestamp"": ""2026-05-19T17:30:41.589702+00:00""}]",,,2,1,,,
2026-05-19T17:38:27.168805+00:00,live,ring5,,astar,0,h8,h6,s4,s3,success,0.035129,1,1,s4 -> s3,"[""s4"", ""s3""]",100.0,100.0,95.51553246474077,iperf3,tcp,5,1,11431,6653,"{""cpu_utilization_percent"": {""host_system"": 0.5391071400456898, ""host_total"": 0.5391071400456898, ""host_user"": 0, ""remote_system"": 3.8345124606362044, ""remote_total"": 4.329488663703365, ""remote_user"": 0.4949380898614108}, ""receiver_tcp_congestion"": ""cubic"", ""sender_tcp_congestion"": ""cubic"", ""streams"": [{""receiver"": {""bits_per_second"": 95515532.46474077, ""bytes"": 62652136, ""end"": 5.247493, ""seconds"": 5.000234, ""sender"": true, ""socket"": 5, ""start"": 0}, ""sender"": {""bits_per_second"": 100239174.40663777, ""bytes"": 62652416, ""end"": 5.000234, ""max_rtt"": 291230, ""max_snd_cwnd"": 4058744, ""max_snd_wnd"": 5577472, ""mean_rtt"": 230125, ""min_rtt"": 146272, ""retransmits"": 0, ""seconds"": 5.000234, ""sender"": true, ""socket"": 5, ""start"": 0}}], ""sum_received"": {""bits_per_second"": 95515532.46474077, ""bytes"": 62652136, ""end"": 5.247493, ""seconds"": 5.247493, ""sender"": true, ""start"": 0}, ""sum_sent"": {""bits_per_second"": 100239174.40663777, ""bytes"": 62652416, ""end"": 5.000234, ""retransmits"": 0, ""seconds"": 5.000234, ""sender"": true, ""start"": 0}}",5201,link_down_before_traffic,pre,1,,link_down,s2-s3,,"{""down_at"": 0.0, ""up_at"": null}",0.0,"{""h1"": ""SPF/csv/pcap/ring5/astar/link_down_before_traffic/h1.pcap"", ""h10"": ""SPF/csv/pcap/ring5/astar/link_down_before_traffic/h10.pcap"", ""h2"": ""SPF/csv/pcap/ring5/astar/link_down_before_traffic/h2.pcap"", ""h3"": ""SPF/csv/pcap/ring5/astar/link_down_before_traffic/h3.pcap"", ""h4"": ""SPF/csv/pcap/ring5/astar/link_down_before_traffic/h4.pcap"", ""h5"": ""SPF/csv/pcap/ring5/astar/link_down_before_traffic/h5.pcap"", ""h6"": ""SPF/csv/pcap/ring5/astar/link_down_before_traffic/h6.pcap"", ""h7"": ""SPF/csv/pcap/ring5/astar/link_down_before_traffic/h7.pcap"", ""h8"": ""SPF/csv/pcap/ring5/astar/link_down_before_traffic/h8.pcap"", ""h9"": ""SPF/csv/pcap/ring5/astar/link_down_before_traffic/h9.pcap""}",{},"[{""event"": ""link_down"", ""timestamp"": ""2026-05-19T17:30:41.589702+00:00""}]",,,2,2,,,
2026-05-19T17:38:33.158587+00:00,live,ring5,,astar,0,h8,h9,s4,s5,success,0.034843,1,1,s4 -> s5,"[""s4"", ""s5""]",100.0,100.0,95.51484254168284,iperf3,tcp,5,1,11431,6653,"{""cpu_utilization_percent"": {""host_system"": 0.5225656520560613, ""host_total"": 0.522585582856323, ""host_user"": 0, ""remote_system"": 3.06478925417141, ""remote_total"": 3.899261858871624, ""remote_user"": 0.834472604700214}, ""receiver_tcp_congestion"": ""cubic"", ""sender_tcp_congestion"": ""cubic"", ""streams"": [{""receiver"": {""bits_per_second"": 95514842.54168284, ""bytes"": 62651576, ""end"": 5.247484, ""seconds"": 5.000077, ""sender"": true, ""socket"": 5, ""start"": 0}, ""sender"": {""bits_per_second"": 100242321.86824323, ""bytes"": 62652416, ""end"": 5.000077, ""max_rtt"": 292449, ""max_snd_cwnd"": 4123904, ""max_snd_wnd"": 5577472, ""mean_rtt"": 230605, ""min_rtt"": 146337, ""retransmits"": 0, ""seconds"": 5.000077, ""sender"": true, ""socket"": 5, ""start"": 0}}], ""sum_received"": {""bits_per_second"": 95514842.54168284, ""bytes"": 62651576, ""end"": 5.247484, ""seconds"": 5.247484, ""sender"": true, ""start"": 0}, ""sum_sent"": {""bits_per_second"": 100242321.86824323, ""bytes"": 62652416, ""end"": 5.000077, ""retransmits"": 0, ""seconds"": 5.000077, ""sender"": true, ""start"": 0}}",5201,link_down_before_traffic,pre,1,,link_down,s2-s3,,"{""down_at"": 0.0, ""up_at"": null}",0.0,"{""h1"": ""SPF/csv/pcap/ring5/astar/link_down_before_traffic/h1.pcap"", ""h10"": ""SPF/csv/pcap/ring5/astar/link_down_before_traffic/h10.pcap"", ""h2"": ""SPF/csv/pcap/ring5/astar/link_down_before_traffic/h2.pcap"", ""h3"": ""SPF/csv/pcap/ring5/astar/link_down_before_traffic/h3.pcap"", ""h4"": ""SPF/csv/pcap/ring5/astar/link_down_before_traffic/h4.pcap"", ""h5"": ""SPF/csv/pcap/ring5/astar/link_down_before_traffic/h5.pcap"", ""h6"": ""SPF/csv/pcap/ring5/astar/link_down_before_traffic/h6.pcap"", ""h7"": ""SPF/csv/pcap/ring5/astar/link_down_before_traffic/h7.pcap"", ""h8"": ""SPF/csv/pcap/ring5/astar/link_down_before_traffic/h8.pcap"", ""h9"": ""SPF/csv/pcap/ring5/astar/link_down_before_traffic/h9.pcap""}",{},"[{""event"": ""link_down"", ""timestamp"": ""2026-05-19T17:30:41.589702+00:00""}]",,,2,1,,,
2026-05-19T17:38:39.148856+00:00,live,ring5,,astar,0,h9,h1,s5,s1,success,0.039995,1,1,s5 -> s1,"[""s5"", ""s1""]",100.0,100.0,95.51462607952483,iperf3,tcp,5,1,11431,6653,"{""cpu_utilization_percent"": {""host_system"": 0.47577537455378, ""host_total"": 0.4757953039876406, ""host_user"": 0, ""remote_system"": 2.9082271874041377, ""remote_total"": 3.58583501304829, ""remote_user"": 0.6775695524466236}, ""receiver_tcp_congestion"": ""cubic"", ""sender_tcp_congestion"": ""cubic"", ""streams"": [{""receiver"": {""bits_per_second"": 95514626.07952483, ""bytes"": 62389712, ""end"": 5.225563, ""seconds"": 5.000159, ""sender"": true, ""socket"": 5, ""start"": 0}, ""sender"": {""bits_per_second"": 99821260.8839039, ""bytes"": 62390272, ""end"": 5.000159, ""max_rtt"": 298181, ""max_snd_cwnd"": 3759008, ""max_snd_wnd"": 5577472, ""mean_rtt"": 203212, ""min_rtt"": 107899, ""retransmits"": 0, ""seconds"": 5.000159, ""sender"": true, ""socket"": 5, ""start"": 0}}], ""sum_received"": {""bits_per_second"": 95514626.07952483, ""bytes"": 62389712, ""end"": 5.225563, ""seconds"": 5.225563, ""sender"": true, ""start"": 0}, ""sum_sent"": {""bits_per_second"": 99821260.8839039, ""bytes"": 62390272, ""end"": 5.000159, ""retransmits"": 0, ""seconds"": 5.000159, ""sender"": true, ""start"": 0}}",5201,link_down_before_traffic,pre,1,,link_down,s2-s3,,"{""down_at"": 0.0, ""up_at"": null}",0.0,"{""h1"": ""SPF/csv/pcap/ring5/astar/link_down_before_traffic/h1.pcap"", ""h10"": ""SPF/csv/pcap/ring5/astar/link_down_before_traffic/h10.pcap"", ""h2"": ""SPF/csv/pcap/ring5/astar/link_down_before_traffic/h2.pcap"", ""h3"": ""SPF/csv/pcap/ring5/astar/link_down_before_traffic/h3.pcap"", ""h4"": ""SPF/csv/pcap/ring5/astar/link_down_before_traffic/h4.pcap"", ""h5"": ""SPF/csv/pcap/ring5/astar/link_down_before_traffic/h5.pcap"", ""h6"": ""SPF/csv/pcap/ring5/astar/link_down_before_traffic/h6.pcap"", ""h7"": ""SPF/csv/pcap/ring5/astar/link_down_before_traffic/h7.pcap"", ""h8"": ""SPF/csv/pcap/ring5/astar/link_down_before_traffic/h8.pcap"", ""h9"": ""SPF/csv/pcap/ring5/astar/link_down_before_traffic/h9.pcap""}",{},"[{""event"": ""link_down"", ""timestamp"": ""2026-05-19T17:30:41.589702+00:00""}]",,,1,1,,,
2026-05-19T17:38:45.117087+00:00,live,ring5,,astar,0,h9,h2,s5,s1,success,0.036067,1,1,s5 -> s1,"[""s5"", ""s1""]",100.0,100.0,95.51623671571326,iperf3,tcp,5,1,11431,6653,"{""cpu_utilization_percent"": {""host_system"": 0.5552570445497116, ""host_total"": 0.5552570445497116, ""host_user"": 0, ""remote_system"": 3.1517396054451243, ""remote_total"": 3.7580874487825877, ""remote_user"": 0.6063287865820624}, ""receiver_tcp_congestion"": ""cubic"", ""sender_tcp_congestion"": ""cubic"", ""streams"": [{""receiver"": {""bits_per_second"": 95516236.71571326, ""bytes"": 62652192, ""end"": 5.247459, ""seconds"": 5.000158, ""sender"": true, ""socket"": 5, ""start"": 0}, ""sender"": {""bits_per_second"": 100240697.9939434, ""bytes"": 62652416, ""end"": 5.000158, ""max_rtt"": 291158, ""max_snd_cwnd"": 4058744, ""max_snd_wnd"": 5577472, ""mean_rtt"": 230271, ""min_rtt"": 146335, ""retransmits"": 0, ""seconds"": 5.000158, ""sender"": true, ""socket"": 5, ""start"": 0}}], ""sum_received"": {""bits_per_second"": 95516236.71571326, ""bytes"": 62652192, ""end"": 5.247459, ""seconds"": 5.247459, ""sender"": true, ""start"": 0}, ""sum_sent"": {""bits_per_second"": 100240697.9939434, ""bytes"": 62652416, ""end"": 5.000158, ""retransmits"": 0, ""seconds"": 5.000158, ""sender"": true, ""start"": 0}}",5201,link_down_before_traffic,pre,1,,link_down,s2-s3,,"{""down_at"": 0.0, ""up_at"": null}",0.0,"{""h1"": ""SPF/csv/pcap/ring5/astar/link_down_before_traffic/h1.pcap"", ""h10"": ""SPF/csv/pcap/ring5/astar/link_down_before_traffic/h10.pcap"", ""h2"": ""SPF/csv/pcap/ring5/astar/link_down_before_traffic/h2.pcap"", ""h3"": ""SPF/csv/pcap/ring5/astar/link_down_before_traffic/h3.pcap"", ""h4"": ""SPF/csv/pcap/ring5/astar/link_down_before_traffic/h4.pcap"", ""h5"": ""SPF/csv/pcap/ring5/astar/link_down_before_traffic/h5.pcap"", ""h6"": ""SPF/csv/pcap/ring5/astar/link_down_before_traffic/h6.pcap"", ""h7"": ""SPF/csv/pcap/ring5/astar/link_down_before_traffic/h7.pcap"", ""h8"": ""SPF/csv/pcap/ring5/astar/link_down_before_traffic/h8.pcap"", ""h9"": ""SPF/csv/pcap/ring5/astar/link_down_before_traffic/h9.pcap""}",{},"[{""event"": ""link_down"", ""timestamp"": ""2026-05-19T17:30:41.589702+00:00""}]",,,1,2,,,
2026-05-19T17:38:54.120610+00:00,live,ring5,,astar,0,h9,h3,s5,s2,success,0.057373,2,2,s5 -> s1 -> s2,"[""s5"", ""s1"", ""s2""]",100.0,50.0,95.23220562990869,iperf3,tcp,5,1,11431,6653,"{""cpu_utilization_percent"": {""host_system"": 0.3770260607023677, ""host_total"": 0.555239949149849, ""host_user"": 0.17821388844748132, ""remote_system"": 3.067792564539458, ""remote_total"": 3.4997171583212707, ""remote_user"": 0.4319245937818125}, ""receiver_tcp_congestion"": ""cubic"", ""sender_tcp_congestion"": ""cubic"", ""streams"": [{""receiver"": {""bits_per_second"": 95232205.6299087, ""bytes"": 62688504, ""end"": 5.26616, ""seconds"": 5.000447, ""sender"": true, ""socket"": 5, ""start"": 0}, ""sender"": {""bits_per_second"": 101493083.31835133, ""bytes"": 63438848, ""end"": 5.000447, ""max_rtt"": 247495, ""max_snd_cwnd"": 3168224, ""max_snd_wnd"": 4791296, ""mean_rtt"": 155608, ""min_rtt"": 61269, ""retransmits"": 0, ""seconds"": 5.000447, ""sender"": true, ""socket"": 5, ""start"": 0}}], ""sum_received"": {""bits_per_second"": 95232205.6299087, ""bytes"": 62688504, ""end"": 5.26616, ""seconds"": 5.26616, ""sender"": true, ""start"": 0}, ""sum_sent"": {""bits_per_second"": 101493083.31835133, ""bytes"": 63438848, ""end"": 5.000447, ""retransmits"": 0, ""seconds"": 5.000447, ""sender"": true, ""start"": 0}}",5201,link_down_before_traffic,pre,1,,link_down,s2-s3,,"{""down_at"": 0.0, ""up_at"": null}",0.0,"{""h1"": ""SPF/csv/pcap/ring5/astar/link_down_before_traffic/h1.pcap"", ""h10"": ""SPF/csv/pcap/ring5/astar/link_down_before_traffic/h10.pcap"", ""h2"": ""SPF/csv/pcap/ring5/astar/link_down_before_traffic/h2.pcap"", ""h3"": ""SPF/csv/pcap/ring5/astar/link_down_before_traffic/h3.pcap"", ""h4"": ""SPF/csv/pcap/ring5/astar/link_down_before_traffic/h4.pcap"", ""h5"": ""SPF/csv/pcap/ring5/astar/link_down_before_traffic/h5.pcap"", ""h6"": ""SPF/csv/pcap/ring5/astar/link_down_before_traffic/h6.pcap"", ""h7"": ""SPF/csv/pcap/ring5/astar/link_down_before_traffic/h7.pcap"", ""h8"": ""SPF/csv/pcap/ring5/astar/link_down_before_traffic/h8.pcap"", ""h9"": ""SPF/csv/pcap/ring5/astar/link_down_before_traffic/h9.pcap""}",{},"[{""event"": ""link_down"", ""timestamp"": ""2026-05-19T17:30:41.589702+00:00""}]",,,1,1,,,
2026-05-19T17:39:00.214439+00:00,live,ring5,,astar,0,h9,h4,s5,s2,success,0.033496,2,2,s5 -> s1 -> s2,"[""s5"", ""s1"", ""s2""]",100.0,50.0,95.23760379750914,iperf3,tcp,5,1,11431,6653,"{""cpu_utilization_percent"": {""host_system"": 0.5538856522717714, ""host_total"": 0.6063103074738806, ""host_user"": 0.052424655202109066, ""remote_system"": 2.85942184075493, ""remote_total"": 3.50435858980715, ""remote_user"": 0.6449367490522204}, ""receiver_tcp_congestion"": ""cubic"", ""sender_tcp_congestion"": ""cubic"", ""streams"": [{""receiver"": {""bits_per_second"": 95237603.79750913, ""bytes"": 63176424, ""end"": 5.306847, ""seconds"": 5.000076, ""sender"": true, ""socket"": 5, ""start"": 0}, ""sender"": {""bits_per_second"": 101081189.96591252, ""bytes"": 63176704, ""end"": 5.000076, ""max_rtt"": 240417, ""max_snd_cwnd"": 3753216, ""max_snd_wnd"": 4791296, ""mean_rtt"": 187982, ""min_rtt"": 107686, ""retransmits"": 0, ""seconds"": 5.000076, ""sender"": true, ""socket"": 5, ""start"": 0}}], ""sum_received"": {""bits_per_second"": 95237603.79750913, ""bytes"": 63176424, ""end"": 5.306847, ""seconds"": 5.306847, ""sender"": true, ""start"": 0}, ""sum_sent"": {""bits_per_second"": 101081189.96591252, ""bytes"": 63176704, ""end"": 5.000076, ""retransmits"": 0, ""seconds"": 5.000076, ""sender"": true, ""start"": 0}}",5201,link_down_before_traffic,pre,1,,link_down,s2-s3,,"{""down_at"": 0.0, ""up_at"": null}",0.0,"{""h1"": ""SPF/csv/pcap/ring5/astar/link_down_before_traffic/h1.pcap"", ""h10"": ""SPF/csv/pcap/ring5/astar/link_down_before_traffic/h10.pcap"", ""h2"": ""SPF/csv/pcap/ring5/astar/link_down_before_traffic/h2.pcap"", ""h3"": ""SPF/csv/pcap/ring5/astar/link_down_before_traffic/h3.pcap"", ""h4"": ""SPF/csv/pcap/ring5/astar/link_down_before_traffic/h4.pcap"", ""h5"": ""SPF/csv/pcap/ring5/astar/link_down_before_traffic/h5.pcap"", ""h6"": ""SPF/csv/pcap/ring5/astar/link_down_before_traffic/h6.pcap"", ""h7"": ""SPF/csv/pcap/ring5/astar/link_down_before_traffic/h7.pcap"", ""h8"": ""SPF/csv/pcap/ring5/astar/link_down_before_traffic/h8.pcap"", ""h9"": ""SPF/csv/pcap/ring5/astar/link_down_before_traffic/h9.pcap""}",{},"[{""event"": ""link_down"", ""timestamp"": ""2026-05-19T17:30:41.589702+00:00""}]",,,1,2,,,
2026-05-19T17:39:06.294696+00:00,live,ring5,,astar,0,h9,h5,s5,s3,success,0.035717,2,2,s5 -> s4 -> s3,"[""s5"", ""s4"", ""s3""]",100.0,50.0,95.22358061914586,iperf3,tcp,5,1,11431,6653,"{""cpu_utilization_percent"": {""host_system"": 0.48958482714074436, ""host_total"": 0.5710200898806954, ""host_user"": 0.08141540048074612, ""remote_system"": 2.992078813751836, ""remote_total"": 3.561019953396742, ""remote_user"": 0.5689411396449066}, ""receiver_tcp_congestion"": ""cubic"", ""sender_tcp_congestion"": ""cubic"", ""streams"": [{""receiver"": {""bits_per_second"": 95223580.61914587, ""bytes"": 62667424, ""end"": 5.264866, ""seconds"": 5.000081, ""sender"": true, ""socket"": 5, ""start"": 0}, ""sender"": {""bits_per_second"": 100871377.08369125, ""bytes"": 63045632, ""end"": 5.000081, ""max_rtt"": 243055, ""max_snd_cwnd"": 3168224, ""max_snd_wnd"": 4791296, ""mean_rtt"": 154717, ""min_rtt"": 61252, ""retransmits"": 0, ""seconds"": 5.000081, ""sender"": true, ""socket"": 5, ""start"": 0}}], ""sum_received"": {""bits_per_second"": 95223580.61914587, ""bytes"": 62667424, ""end"": 5.264866, ""seconds"": 5.264866, ""sender"": true, ""start"": 0}, ""sum_sent"": {""bits_per_second"": 100871377.08369125, ""bytes"": 63045632, ""end"": 5.000081, ""retransmits"": 0, ""seconds"": 5.000081, ""sender"": true, ""start"": 0}}",5201,link_down_before_traffic,pre,1,,link_down,s2-s3,,"{""down_at"": 0.0, ""up_at"": null}",0.0,"{""h1"": ""SPF/csv/pcap/ring5/astar/link_down_before_traffic/h1.pcap"", ""h10"": ""SPF/csv/pcap/ring5/astar/link_down_before_traffic/h10.pcap"", ""h2"": ""SPF/csv/pcap/ring5/astar/link_down_before_traffic/h2.pcap"", ""h3"": ""SPF/csv/pcap/ring5/astar/link_down_before_traffic/h3.pcap"", ""h4"": ""SPF/csv/pcap/ring5/astar/link_down_before_traffic/h4.pcap"", ""h5"": ""SPF/csv/pcap/ring5/astar/link_down_before_traffic/h5.pcap"", ""h6"": ""SPF/csv/pcap/ring5/astar/link_down_before_traffic/h6.pcap"", ""h7"": ""SPF/csv/pcap/ring5/astar/link_down_before_traffic/h7.pcap"", ""h8"": ""SPF/csv/pcap/ring5/astar/link_down_before_traffic/h8.pcap"", ""h9"": ""SPF/csv/pcap/ring5/astar/link_down_before_traffic/h9.pcap""}",{},"[{""event"": ""link_down"", ""timestamp"": ""2026-05-19T17:30:41.589702+00:00""}]",,,1,1,,,
2026-05-19T17:39:12.356396+00:00,live,ring5,,astar,0,h9,h6,s5,s3,success,0.030753,2,2,s5 -> s4 -> s3,"[""s5"", ""s4"", ""s3""]",100.0,50.0,95.2270017121274,iperf3,tcp,5,1,11431,6653,"{""cpu_utilization_percent"": {""host_system"": 0.31909312716230587, ""host_total"": 0.522022371876581, ""host_user"": 0.2029093808492875, ""remote_system"": 2.847180160172286, ""remote_total"": 3.3276434851238, ""remote_user"": 0.480463324951514}, ""receiver_tcp_congestion"": ""cubic"", ""sender_tcp_congestion"": ""cubic"", ""streams"": [{""receiver"": {""bits_per_second"": 95227001.7121274, ""bytes"": 62258640, ""end"": 5.230335, ""seconds"": 5.000138, ""sender"": true, ""socket"": 5, ""start"": 0}, ""sender"": {""bits_per_second"": 99611970.7096084, ""bytes"": 62259200, ""end"": 5.000138, ""max_rtt"": 251510, ""max_snd_cwnd"": 3168224, ""max_snd_wnd"": 4791296, ""mean_rtt"": 156423, ""min_rtt"": 61177, ""retransmits"": 0, ""seconds"": 5.000138, ""sender"": true, ""socket"": 5, ""start"": 0}}], ""sum_received"": {""bits_per_second"": 95227001.7121274, ""bytes"": 62258640, ""end"": 5.230335, ""seconds"": 5.230335, ""sender"": true, ""start"": 0}, ""sum_sent"": {""bits_per_second"": 99611970.7096084, ""bytes"": 62259200, ""end"": 5.000138, ""retransmits"": 0, ""seconds"": 5.000138, ""sender"": true, ""start"": 0}}",5201,link_down_before_traffic,pre,1,,link_down,s2-s3,,"{""down_at"": 0.0, ""up_at"": null}",0.0,"{""h1"": ""SPF/csv/pcap/ring5/astar/link_down_before_traffic/h1.pcap"", ""h10"": ""SPF/csv/pcap/ring5/astar/link_down_before_traffic/h10.pcap"", ""h2"": ""SPF/csv/pcap/ring5/astar/link_down_before_traffic/h2.pcap"", ""h3"": ""SPF/csv/pcap/ring5/astar/link_down_before_traffic/h3.pcap"", ""h4"": ""SPF/csv/pcap/ring5/astar/link_down_before_traffic/h4.pcap"", ""h5"": ""SPF/csv/pcap/ring5/astar/link_down_before_traffic/h5.pcap"", ""h6"": ""SPF/csv/pcap/ring5/astar/link_down_before_traffic/h6.pcap"", ""h7"": ""SPF/csv/pcap/ring5/astar/link_down_before_traffic/h7.pcap"", ""h8"": ""SPF/csv/pcap/ring5/astar/link_down_before_traffic/h8.pcap"", ""h9"": ""SPF/csv/pcap/ring5/astar/link_down_before_traffic/h9.pcap""}",{},"[{""event"": ""link_down"", ""timestamp"": ""2026-05-19T17:30:41.589702+00:00""}]",,,1,2,,,
2026-05-19T17:39:18.360647+00:00,live,ring5,,astar,0,h9,h7,s5,s4,success,0.041888,1,1,s5 -> s4,"[""s5"", ""s4""]",100.0,100.0,95.51437018342664,iperf3,tcp,5,1,11431,6653,"{""cpu_utilization_percent"": {""host_system"": 0.5034257904827196, ""host_total"": 0.5034058615095798, ""host_user"": 0, ""remote_system"": 3.22050809820262, ""remote_total"": 3.7032465529343592, ""remote_user"": 0.482719318187907}, ""receiver_tcp_congestion"": ""cubic"", ""sender_tcp_congestion"": ""cubic"", ""streams"": [{""receiver"": {""bits_per_second"": 95514370.18342663, ""bytes"": 62389712, ""end"": 5.225577, ""seconds"": 5.000094, ""sender"": true, ""socket"": 5, ""start"": 0}, ""sender"": {""bits_per_second"": 99822558.53589953, ""bytes"": 62390272, ""end"": 5.000094, ""max_rtt"": 298001, ""max_snd_cwnd"": 3757560, ""max_snd_wnd"": 5577472, ""mean_rtt"": 203179, ""min_rtt"": 107856, ""retransmits"": 0, ""seconds"": 5.000094, ""sender"": true, ""socket"": 5, ""start"": 0}}], ""sum_received"": {""bits_per_second"": 95514370.18342663, ""bytes"": 62389712, ""end"": 5.225577, ""seconds"": 5.225577, ""sender"": true, ""start"": 0}, ""sum_sent"": {""bits_per_second"": 99822558.53589953, ""bytes"": 62390272, ""end"": 5.000094, ""retransmits"": 0, ""seconds"": 5.000094, ""sender"": true, ""start"": 0}}",5201,link_down_before_traffic,pre,1,,link_down,s2-s3,,"{""down_at"": 0.0, ""up_at"": null}",0.0,"{""h1"": ""SPF/csv/pcap/ring5/astar/link_down_before_traffic/h1.pcap"", ""h10"": ""SPF/csv/pcap/ring5/astar/link_down_before_traffic/h10.pcap"", ""h2"": ""SPF/csv/pcap/ring5/astar/link_down_before_traffic/h2.pcap"", ""h3"": ""SPF/csv/pcap/ring5/astar/link_down_before_traffic/h3.pcap"", ""h4"": ""SPF/csv/pcap/ring5/astar/link_down_before_traffic/h4.pcap"", ""h5"": ""SPF/csv/pcap/ring5/astar/link_down_before_traffic/h5.pcap"", ""h6"": ""SPF/csv/pcap/ring5/astar/link_down_before_traffic/h6.pcap"", ""h7"": ""SPF/csv/pcap/ring5/astar/link_down_before_traffic/h7.pcap"", ""h8"": ""SPF/csv/pcap/ring5/astar/link_down_before_traffic/h8.pcap"", ""h9"": ""SPF/csv/pcap/ring5/astar/link_down_before_traffic/h9.pcap""}",{},"[{""event"": ""link_down"", ""timestamp"": ""2026-05-19T17:30:41.589702+00:00""}]",,,1,1,,,
2026-05-19T17:39:27.285133+00:00,live,ring5,,astar,0,h9,h8,s5,s4,success,0.036057,1,1,s5 -> s4,"[""s5"", ""s4""]",100.0,100.0,95.51144575396735,iperf3,tcp,5,1,11431,6653,"{""cpu_utilization_percent"": {""host_system"": 0.495566347163078, ""host_total"": 0.495566347163078, ""host_user"": 0, ""remote_system"": 2.930521180130713, ""remote_total"": 3.7416323720376274, ""remote_user"": 0.8108624258820765}, ""receiver_tcp_congestion"": ""cubic"", ""sender_tcp_congestion"": ""cubic"", ""streams"": [{""receiver"": {""bits_per_second"": 95511445.75396734, ""bytes"": 62389712, ""end"": 5.225737, ""seconds"": 5.000079, ""sender"": true, ""socket"": 5, ""start"": 0}, ""sender"": {""bits_per_second"": 99822857.9988436, ""bytes"": 62390272, ""end"": 5.000079, ""max_rtt"": 298104, ""max_snd_cwnd"": 3759008, ""max_snd_wnd"": 5577472, ""mean_rtt"": 203226, ""min_rtt"": 107933, ""retransmits"": 0, ""seconds"": 5.000079, ""sender"": true, ""socket"": 5, ""start"": 0}}], ""sum_received"": {""bits_per_second"": 95511445.75396734, ""bytes"": 62389712, ""end"": 5.225737, ""seconds"": 5.225737, ""sender"": true, ""start"": 0}, ""sum_sent"": {""bits_per_second"": 99822857.9988436, ""bytes"": 62390272, ""end"": 5.000079, ""retransmits"": 0, ""seconds"": 5.000079, ""sender"": true, ""start"": 0}}",5201,link_down_before_traffic,pre,1,,link_down,s2-s3,,"{""down_at"": 0.0, ""up_at"": null}",0.0,"{""h1"": ""SPF/csv/pcap/ring5/astar/link_down_before_traffic/h1.pcap"", ""h10"": ""SPF/csv/pcap/ring5/astar/link_down_before_traffic/h10.pcap"", ""h2"": ""SPF/csv/pcap/ring5/astar/link_down_before_traffic/h2.pcap"", ""h3"": ""SPF/csv/pcap/ring5/astar/link_down_before_traffic/h3.pcap"", ""h4"": ""SPF/csv/pcap/ring5/astar/link_down_before_traffic/h4.pcap"", ""h5"": ""SPF/csv/pcap/ring5/astar/link_down_before_traffic/h5.pcap"", ""h6"": ""SPF/csv/pcap/ring5/astar/link_down_before_traffic/h6.pcap"", ""h7"": ""SPF/csv/pcap/ring5/astar/link_down_before_traffic/h7.pcap"", ""h8"": ""SPF/csv/pcap/ring5/astar/link_down_before_traffic/h8.pcap"", ""h9"": ""SPF/csv/pcap/ring5/astar/link_down_before_traffic/h9.pcap""}",{},"[{""event"": ""link_down"", ""timestamp"": ""2026-05-19T17:30:41.589702+00:00""}]",,,1,2,,,
