timestamp,benchmark_mode,topology,topology_seed,algorithm,repeat_index,source_host,destination_host,source_switch,destination_switch,status,runtime_ms,hop_count,path_cost,path_string,path_switches,bottleneck_mbps,throughput_estimate_mbps,throughput_mbps,traffic_tool,traffic_protocol,iperf_duration_s,iperf_parallel,controller_pid,controller_port,iperf_summary,iperf_port,scenario_name,scenario_phase,scenario_index,scenario_seed,link_action,link_target,switch_target,link_timing_s,pingall_loss_pct,tcpdump_pcap_paths,tcpdump_csv_paths,event_timestamps,throttle_bw_mbps,throttle_delay_ms,first_port,final_port,negative_cycle,error,note
2026-05-19T17:21:42.526246+00:00,live,ring5,,astar,0,h1,h10,s1,s5,success,0.044185,1,1,s1 -> s5,"[""s1"", ""s5""]",100.0,100.0,95.51652850409896,iperf3,tcp,5,1,8290,6653,"{""cpu_utilization_percent"": {""host_system"": 1.0294025635333928, ""host_total"": 1.029462341851478, ""host_user"": 0, ""remote_system"": 4.159572878347192, ""remote_total"": 5.231009381303716, ""remote_user"": 1.0714176823817212}, ""receiver_tcp_congestion"": ""cubic"", ""sender_tcp_congestion"": ""cubic"", ""streams"": [{""receiver"": {""bits_per_second"": 95516528.50409895, ""bytes"": 63438568, ""end"": 5.313306, ""seconds"": 5.000027, ""sender"": true, ""socket"": 5, ""start"": 0}, ""sender"": {""bits_per_second"": 101501608.69131306, ""bytes"": 63438848, ""end"": 5.000027, ""max_rtt"": 274972, ""max_snd_cwnd"": 4068880, ""max_snd_wnd"": 5430144, ""mean_rtt"": 222741, ""min_rtt"": 149353, ""retransmits"": 0, ""seconds"": 5.000027, ""sender"": true, ""socket"": 5, ""start"": 0}}], ""sum_received"": {""bits_per_second"": 95516528.50409895, ""bytes"": 63438568, ""end"": 5.313306, ""seconds"": 5.313306, ""sender"": true, ""start"": 0}, ""sum_sent"": {""bits_per_second"": 101501608.69131306, ""bytes"": 63438848, ""end"": 5.000027, ""retransmits"": 0, ""seconds"": 5.000027, ""sender"": true, ""start"": 0}}",5201,baseline_no_failure,baseline,0,,none,,,{},0.0,"{""h1"": ""SPF/csv/pcap/ring5/astar/baseline_no_failure/h1.pcap"", ""h10"": ""SPF/csv/pcap/ring5/astar/baseline_no_failure/h10.pcap"", ""h2"": ""SPF/csv/pcap/ring5/astar/baseline_no_failure/h2.pcap"", ""h3"": ""SPF/csv/pcap/ring5/astar/baseline_no_failure/h3.pcap"", ""h4"": ""SPF/csv/pcap/ring5/astar/baseline_no_failure/h4.pcap"", ""h5"": ""SPF/csv/pcap/ring5/astar/baseline_no_failure/h5.pcap"", ""h6"": ""SPF/csv/pcap/ring5/astar/baseline_no_failure/h6.pcap"", ""h7"": ""SPF/csv/pcap/ring5/astar/baseline_no_failure/h7.pcap"", ""h8"": ""SPF/csv/pcap/ring5/astar/baseline_no_failure/h8.pcap"", ""h9"": ""SPF/csv/pcap/ring5/astar/baseline_no_failure/h9.pcap""}",{},[],,,1,2,,,
2026-05-19T17:21:51.538523+00:00,live,ring5,,astar,0,h1,h3,s1,s2,success,0.056338,1,1,s1 -> s2,"[""s1"", ""s2""]",100.0,100.0,95.51004913201734,iperf3,tcp,5,1,8290,6653,"{""cpu_utilization_percent"": {""host_system"": 0.6515395797594613, ""host_total"": 0.7510286077771574, ""host_user"": 0.09948902801769606, ""remote_system"": 4.348291659891721, ""remote_total"": 4.855904440148627, ""remote_user"": 0.5075563223789995}, ""receiver_tcp_congestion"": ""cubic"", ""sender_tcp_congestion"": ""cubic"", ""streams"": [{""receiver"": {""bits_per_second"": 95510049.13201734, ""bytes"": 63438288, ""end"": 5.313643, ""seconds"": 5.00008, ""sender"": true, ""socket"": 5, ""start"": 0}, ""sender"": {""bits_per_second"": 101500532.79147534, ""bytes"": 63438848, ""end"": 5.00008, ""max_rtt"": 267959, ""max_snd_cwnd"": 4068880, ""max_snd_wnd"": 5430144, ""mean_rtt"": 220715, ""min_rtt"": 149635, ""retransmits"": 0, ""seconds"": 5.00008, ""sender"": true, ""socket"": 5, ""start"": 0}}], ""sum_received"": {""bits_per_second"": 95510049.13201734, ""bytes"": 63438288, ""end"": 5.313643, ""seconds"": 5.313643, ""sender"": true, ""start"": 0}, ""sum_sent"": {""bits_per_second"": 101500532.79147534, ""bytes"": 63438848, ""end"": 5.00008, ""retransmits"": 0, ""seconds"": 5.00008, ""sender"": true, ""start"": 0}}",5201,baseline_no_failure,baseline,0,,none,,,{},0.0,"{""h1"": ""SPF/csv/pcap/ring5/astar/baseline_no_failure/h1.pcap"", ""h10"": ""SPF/csv/pcap/ring5/astar/baseline_no_failure/h10.pcap"", ""h2"": ""SPF/csv/pcap/ring5/astar/baseline_no_failure/h2.pcap"", ""h3"": ""SPF/csv/pcap/ring5/astar/baseline_no_failure/h3.pcap"", ""h4"": ""SPF/csv/pcap/ring5/astar/baseline_no_failure/h4.pcap"", ""h5"": ""SPF/csv/pcap/ring5/astar/baseline_no_failure/h5.pcap"", ""h6"": ""SPF/csv/pcap/ring5/astar/baseline_no_failure/h6.pcap"", ""h7"": ""SPF/csv/pcap/ring5/astar/baseline_no_failure/h7.pcap"", ""h8"": ""SPF/csv/pcap/ring5/astar/baseline_no_failure/h8.pcap"", ""h9"": ""SPF/csv/pcap/ring5/astar/baseline_no_failure/h9.pcap""}",{},[],,,1,1,,,
2026-05-19T17:21:57.598995+00:00,live,ring5,,astar,0,h1,h4,s1,s2,success,0.041494,1,1,s1 -> s2,"[""s1"", ""s2""]",100.0,100.0,95.5156661888225,iperf3,tcp,5,1,8290,6653,"{""cpu_utilization_percent"": {""host_system"": 0.6195162053760495, ""host_total"": 0.6194763458807703, ""host_user"": 0, ""remote_system"": 3.7625524463814988, ""remote_total"": 4.409505174071753, ""remote_user"": 0.6469335910402205}, ""receiver_tcp_congestion"": ""cubic"", ""sender_tcp_congestion"": ""cubic"", ""streams"": [{""receiver"": {""bits_per_second"": 95515666.1888225, ""bytes"": 62390272, ""end"": 5.225553, ""seconds"": 5.000149, ""sender"": true, ""socket"": 5, ""start"": 0}, ""sender"": {""bits_per_second"": 99821460.52047648, ""bytes"": 62390272, ""end"": 5.000149, ""max_rtt"": 297615, ""max_snd_cwnd"": 3757560, ""max_snd_wnd"": 5577472, ""mean_rtt"": 203108, ""min_rtt"": 107995, ""retransmits"": 0, ""seconds"": 5.000149, ""sender"": true, ""socket"": 5, ""start"": 0}}], ""sum_received"": {""bits_per_second"": 95515666.1888225, ""bytes"": 62390272, ""end"": 5.225553, ""seconds"": 5.225553, ""sender"": true, ""start"": 0}, ""sum_sent"": {""bits_per_second"": 99821460.52047648, ""bytes"": 62390272, ""end"": 5.000149, ""retransmits"": 0, ""seconds"": 5.000149, ""sender"": true, ""start"": 0}}",5201,baseline_no_failure,baseline,0,,none,,,{},0.0,"{""h1"": ""SPF/csv/pcap/ring5/astar/baseline_no_failure/h1.pcap"", ""h10"": ""SPF/csv/pcap/ring5/astar/baseline_no_failure/h10.pcap"", ""h2"": ""SPF/csv/pcap/ring5/astar/baseline_no_failure/h2.pcap"", ""h3"": ""SPF/csv/pcap/ring5/astar/baseline_no_failure/h3.pcap"", ""h4"": ""SPF/csv/pcap/ring5/astar/baseline_no_failure/h4.pcap"", ""h5"": ""SPF/csv/pcap/ring5/astar/baseline_no_failure/h5.pcap"", ""h6"": ""SPF/csv/pcap/ring5/astar/baseline_no_failure/h6.pcap"", ""h7"": ""SPF/csv/pcap/ring5/astar/baseline_no_failure/h7.pcap"", ""h8"": ""SPF/csv/pcap/ring5/astar/baseline_no_failure/h8.pcap"", ""h9"": ""SPF/csv/pcap/ring5/astar/baseline_no_failure/h9.pcap""}",{},[],,,1,2,,,
2026-05-19T17:22:03.567590+00:00,live,ring5,,astar,0,h1,h5,s1,s3,success,0.036393,2,2,s1 -> s2 -> s3,"[""s1"", ""s2"", ""s3""]",100.0,50.0,95.2156110829155,iperf3,tcp,5,1,8290,6653,"{""cpu_utilization_percent"": {""host_system"": 0.7341782763726186, ""host_total"": 0.7804654583394504, ""host_user"": 0.04628718196683176, ""remote_system"": 3.9275371919957536, ""remote_total"": 4.535074353532792, ""remote_user"": 0.6075561982344605}, ""receiver_tcp_congestion"": ""cubic"", ""sender_tcp_congestion"": ""cubic"", ""streams"": [{""receiver"": {""bits_per_second"": 95215611.0829155, ""bytes"": 62520784, ""end"": 5.252986, ""seconds"": 5.000161, ""sender"": true, ""socket"": 5, ""start"": 0}, ""sender"": {""bits_per_second"": 100030929.40407318, ""bytes"": 62521344, ""end"": 5.000161, ""max_rtt"": 284819, ""max_snd_cwnd"": 3679368, ""max_snd_wnd"": 4791296, ""mean_rtt"": 195744, ""min_rtt"": 101977, ""retransmits"": 0, ""seconds"": 5.000161, ""sender"": true, ""socket"": 5, ""start"": 0}}], ""sum_received"": {""bits_per_second"": 95215611.0829155, ""bytes"": 62520784, ""end"": 5.252986, ""seconds"": 5.252986, ""sender"": true, ""start"": 0}, ""sum_sent"": {""bits_per_second"": 100030929.40407318, ""bytes"": 62521344, ""end"": 5.000161, ""retransmits"": 0, ""seconds"": 5.000161, ""sender"": true, ""start"": 0}}",5201,baseline_no_failure,baseline,0,,none,,,{},0.0,"{""h1"": ""SPF/csv/pcap/ring5/astar/baseline_no_failure/h1.pcap"", ""h10"": ""SPF/csv/pcap/ring5/astar/baseline_no_failure/h10.pcap"", ""h2"": ""SPF/csv/pcap/ring5/astar/baseline_no_failure/h2.pcap"", ""h3"": ""SPF/csv/pcap/ring5/astar/baseline_no_failure/h3.pcap"", ""h4"": ""SPF/csv/pcap/ring5/astar/baseline_no_failure/h4.pcap"", ""h5"": ""SPF/csv/pcap/ring5/astar/baseline_no_failure/h5.pcap"", ""h6"": ""SPF/csv/pcap/ring5/astar/baseline_no_failure/h6.pcap"", ""h7"": ""SPF/csv/pcap/ring5/astar/baseline_no_failure/h7.pcap"", ""h8"": ""SPF/csv/pcap/ring5/astar/baseline_no_failure/h8.pcap"", ""h9"": ""SPF/csv/pcap/ring5/astar/baseline_no_failure/h9.pcap""}",{},[],,,1,1,,,
2026-05-19T17:22:09.591104+00:00,live,ring5,,astar,0,h1,h6,s1,s3,success,0.033765,2,2,s1 -> s2 -> s3,"[""s1"", ""s2"", ""s3""]",100.0,50.0,95.22186964477896,iperf3,tcp,5,1,8290,6653,"{""cpu_utilization_percent"": {""host_system"": 0.7144415119421883, ""host_total"": 0.7144613768528498, ""host_user"": 0, ""remote_system"": 3.6644834050144426, ""remote_total"": 4.02835612610886, ""remote_user"": 0.36389171533783254}, ""receiver_tcp_congestion"": ""cubic"", ""sender_tcp_congestion"": ""cubic"", ""streams"": [{""receiver"": {""bits_per_second"": 95221869.64477897, ""bytes"": 62664584, ""end"": 5.264722, ""seconds"": 5.000084, ""sender"": true, ""socket"": 5, ""start"": 0}, ""sender"": {""bits_per_second"": 101290739.91556941, ""bytes"": 63307776, ""end"": 5.000084, ""max_rtt"": 231602, ""max_snd_cwnd"": 3168224, ""max_snd_wnd"": 4791296, ""mean_rtt"": 152411, ""min_rtt"": 61467, ""retransmits"": 0, ""seconds"": 5.000084, ""sender"": true, ""socket"": 5, ""start"": 0}}], ""sum_received"": {""bits_per_second"": 95221869.64477897, ""bytes"": 62664584, ""end"": 5.264722, ""seconds"": 5.264722, ""sender"": true, ""start"": 0}, ""sum_sent"": {""bits_per_second"": 101290739.91556941, ""bytes"": 63307776, ""end"": 5.000084, ""retransmits"": 0, ""seconds"": 5.000084, ""sender"": true, ""start"": 0}}",5201,baseline_no_failure,baseline,0,,none,,,{},0.0,"{""h1"": ""SPF/csv/pcap/ring5/astar/baseline_no_failure/h1.pcap"", ""h10"": ""SPF/csv/pcap/ring5/astar/baseline_no_failure/h10.pcap"", ""h2"": ""SPF/csv/pcap/ring5/astar/baseline_no_failure/h2.pcap"", ""h3"": ""SPF/csv/pcap/ring5/astar/baseline_no_failure/h3.pcap"", ""h4"": ""SPF/csv/pcap/ring5/astar/baseline_no_failure/h4.pcap"", ""h5"": ""SPF/csv/pcap/ring5/astar/baseline_no_failure/h5.pcap"", ""h6"": ""SPF/csv/pcap/ring5/astar/baseline_no_failure/h6.pcap"", ""h7"": ""SPF/csv/pcap/ring5/astar/baseline_no_failure/h7.pcap"", ""h8"": ""SPF/csv/pcap/ring5/astar/baseline_no_failure/h8.pcap"", ""h9"": ""SPF/csv/pcap/ring5/astar/baseline_no_failure/h9.pcap""}",{},[],,,1,2,,,
2026-05-19T17:22:15.675179+00:00,live,ring5,,astar,0,h1,h7,s1,s4,success,0.037228,2,2,s1 -> s5 -> s4,"[""s1"", ""s5"", ""s4""]",100.0,50.0,95.22490096001876,iperf3,tcp,5,1,8290,6653,"{""cpu_utilization_percent"": {""host_system"": 0.594069630163605, ""host_total"": 0.594089488750607, ""host_user"": 0, ""remote_system"": 3.9215984209674613, ""remote_total"": 4.069898628602947, ""remote_user"": 0.14748349286495183}, ""receiver_tcp_congestion"": ""cubic"", ""sender_tcp_congestion"": ""cubic"", ""streams"": [{""receiver"": {""bits_per_second"": 95224900.96001875, ""bytes"": 62667424, ""end"": 5.264793, ""seconds"": 5.000091, ""sender"": true, ""socket"": 5, ""start"": 0}, ""sender"": {""bits_per_second"": 100871175.34460872, ""bytes"": 63045632, ""end"": 5.000091, ""max_rtt"": 243312, ""max_snd_cwnd"": 3168224, ""max_snd_wnd"": 4791296, ""mean_rtt"": 154660, ""min_rtt"": 60939, ""retransmits"": 0, ""seconds"": 5.000091, ""sender"": true, ""socket"": 5, ""start"": 0}}], ""sum_received"": {""bits_per_second"": 95224900.96001875, ""bytes"": 62667424, ""end"": 5.264793, ""seconds"": 5.264793, ""sender"": true, ""start"": 0}, ""sum_sent"": {""bits_per_second"": 100871175.34460872, ""bytes"": 63045632, ""end"": 5.000091, ""retransmits"": 0, ""seconds"": 5.000091, ""sender"": true, ""start"": 0}}",5201,baseline_no_failure,baseline,0,,none,,,{},0.0,"{""h1"": ""SPF/csv/pcap/ring5/astar/baseline_no_failure/h1.pcap"", ""h10"": ""SPF/csv/pcap/ring5/astar/baseline_no_failure/h10.pcap"", ""h2"": ""SPF/csv/pcap/ring5/astar/baseline_no_failure/h2.pcap"", ""h3"": ""SPF/csv/pcap/ring5/astar/baseline_no_failure/h3.pcap"", ""h4"": ""SPF/csv/pcap/ring5/astar/baseline_no_failure/h4.pcap"", ""h5"": ""SPF/csv/pcap/ring5/astar/baseline_no_failure/h5.pcap"", ""h6"": ""SPF/csv/pcap/ring5/astar/baseline_no_failure/h6.pcap"", ""h7"": ""SPF/csv/pcap/ring5/astar/baseline_no_failure/h7.pcap"", ""h8"": ""SPF/csv/pcap/ring5/astar/baseline_no_failure/h8.pcap"", ""h9"": ""SPF/csv/pcap/ring5/astar/baseline_no_failure/h9.pcap""}",{},[],,,1,1,,,
2026-05-19T17:22:24.537926+00:00,live,ring5,,astar,0,h1,h8,s1,s4,success,0.040185,2,2,s1 -> s5 -> s4,"[""s1"", ""s5"", ""s4""]",100.0,50.0,95.1391306328537,iperf3,tcp,5,1,8290,6653,"{""cpu_utilization_percent"": {""host_system"": 0.6602960607447772, ""host_total"": 0.6602960607447772, ""host_user"": 0, ""remote_system"": 3.1084811754683543, ""remote_total"": 3.614324502034079, ""remote_user"": 0.5058433265657245}, ""receiver_tcp_congestion"": ""cubic"", ""sender_tcp_congestion"": ""cubic"", ""streams"": [{""receiver"": {""bits_per_second"": 95139130.6328537, ""bytes"": 62651496, ""end"": 5.2682, ""seconds"": 5.0001, ""sender"": true, ""socket"": 5, ""start"": 0}, ""sender"": {""bits_per_second"": 100870993.7801244, ""bytes"": 63045632, ""end"": 5.0001, ""max_rtt"": 241899, ""max_snd_cwnd"": 3172568, ""max_snd_wnd"": 4791296, ""mean_rtt"": 154837, ""min_rtt"": 61647, ""retransmits"": 0, ""seconds"": 5.0001, ""sender"": true, ""socket"": 5, ""start"": 0}}], ""sum_received"": {""bits_per_second"": 95139130.6328537, ""bytes"": 62651496, ""end"": 5.2682, ""seconds"": 5.2682, ""sender"": true, ""start"": 0}, ""sum_sent"": {""bits_per_second"": 100870993.7801244, ""bytes"": 63045632, ""end"": 5.0001, ""retransmits"": 0, ""seconds"": 5.0001, ""sender"": true, ""start"": 0}}",5201,baseline_no_failure,baseline,0,,none,,,{},0.0,"{""h1"": ""SPF/csv/pcap/ring5/astar/baseline_no_failure/h1.pcap"", ""h10"": ""SPF/csv/pcap/ring5/astar/baseline_no_failure/h10.pcap"", ""h2"": ""SPF/csv/pcap/ring5/astar/baseline_no_failure/h2.pcap"", ""h3"": ""SPF/csv/pcap/ring5/astar/baseline_no_failure/h3.pcap"", ""h4"": ""SPF/csv/pcap/ring5/astar/baseline_no_failure/h4.pcap"", ""h5"": ""SPF/csv/pcap/ring5/astar/baseline_no_failure/h5.pcap"", ""h6"": ""SPF/csv/pcap/ring5/astar/baseline_no_failure/h6.pcap"", ""h7"": ""SPF/csv/pcap/ring5/astar/baseline_no_failure/h7.pcap"", ""h8"": ""SPF/csv/pcap/ring5/astar/baseline_no_failure/h8.pcap"", ""h9"": ""SPF/csv/pcap/ring5/astar/baseline_no_failure/h9.pcap""}",{},[],,,1,2,,,
2026-05-19T17:22:30.606822+00:00,live,ring5,,astar,0,h1,h9,s1,s5,success,0.0278,1,1,s1 -> s5,"[""s1"", ""s5""]",100.0,100.0,95.5068113037653,iperf3,tcp,5,1,8290,6653,"{""cpu_utilization_percent"": {""host_system"": 0.733131491766414, ""host_total"": 0.7330916519940105, ""host_user"": 0, ""remote_system"": 4.37575634345873, ""remote_total"": 4.846664000961468, ""remote_user"": 0.4708887607267549}, ""receiver_tcp_congestion"": ""cubic"", ""sender_tcp_congestion"": ""cubic"", ""streams"": [{""receiver"": {""bits_per_second"": 95506811.3037653, ""bytes"": 63176144, ""end"": 5.291865, ""seconds"": 5.000169, ""sender"": true, ""socket"": 5, ""start"": 0}, ""sender"": {""bits_per_second"": 101079309.91932474, ""bytes"": 63176704, ""end"": 5.000169, ""max_rtt"": 249460, ""max_snd_cwnd"": 4106528, ""max_snd_wnd"": 5430144, ""mean_rtt"": 210059, ""min_rtt"": 142660, ""retransmits"": 0, ""seconds"": 5.000169, ""sender"": true, ""socket"": 5, ""start"": 0}}], ""sum_received"": {""bits_per_second"": 95506811.3037653, ""bytes"": 63176144, ""end"": 5.291865, ""seconds"": 5.291865, ""sender"": true, ""start"": 0}, ""sum_sent"": {""bits_per_second"": 101079309.91932474, ""bytes"": 63176704, ""end"": 5.000169, ""retransmits"": 0, ""seconds"": 5.000169, ""sender"": true, ""start"": 0}}",5201,baseline_no_failure,baseline,0,,none,,,{},0.0,"{""h1"": ""SPF/csv/pcap/ring5/astar/baseline_no_failure/h1.pcap"", ""h10"": ""SPF/csv/pcap/ring5/astar/baseline_no_failure/h10.pcap"", ""h2"": ""SPF/csv/pcap/ring5/astar/baseline_no_failure/h2.pcap"", ""h3"": ""SPF/csv/pcap/ring5/astar/baseline_no_failure/h3.pcap"", ""h4"": ""SPF/csv/pcap/ring5/astar/baseline_no_failure/h4.pcap"", ""h5"": ""SPF/csv/pcap/ring5/astar/baseline_no_failure/h5.pcap"", ""h6"": ""SPF/csv/pcap/ring5/astar/baseline_no_failure/h6.pcap"", ""h7"": ""SPF/csv/pcap/ring5/astar/baseline_no_failure/h7.pcap"", ""h8"": ""SPF/csv/pcap/ring5/astar/baseline_no_failure/h8.pcap"", ""h9"": ""SPF/csv/pcap/ring5/astar/baseline_no_failure/h9.pcap""}",{},[],,,1,1,,,
2026-05-19T17:22:36.652057+00:00,live,ring5,,astar,0,h10,h1,s5,s1,success,0.025335,1,1,s5 -> s1,"[""s5"", ""s1""]",100.0,100.0,95.5159037233352,iperf3,tcp,5,1,8290,6653,"{""cpu_utilization_percent"": {""host_system"": 0.67097468005786, ""host_total"": 0.8380457212235428, ""host_user"": 0.16707104116568272, ""remote_system"": 5.01463666371348, ""remote_total"": 5.8611638934726065, ""remote_user"": 0.846508172843934}, ""receiver_tcp_congestion"": ""cubic"", ""sender_tcp_congestion"": ""cubic"", ""streams"": [{""receiver"": {""bits_per_second"": 95515903.7233352, ""bytes"": 62651496, ""end"": 5.247419, ""seconds"": 5.000056, ""sender"": true, ""socket"": 5, ""start"": 0}, ""sender"": {""bits_per_second"": 100242742.88127974, ""bytes"": 62652416, ""end"": 5.000056, ""max_rtt"": 291496, ""max_snd_cwnd"": 4058744, ""max_snd_wnd"": 5577472, ""mean_rtt"": 230241, ""min_rtt"": 145950, ""retransmits"": 0, ""seconds"": 5.000056, ""sender"": true, ""socket"": 5, ""start"": 0}}], ""sum_received"": {""bits_per_second"": 95515903.7233352, ""bytes"": 62651496, ""end"": 5.247419, ""seconds"": 5.247419, ""sender"": true, ""start"": 0}, ""sum_sent"": {""bits_per_second"": 100242742.88127974, ""bytes"": 62652416, ""end"": 5.000056, ""retransmits"": 0, ""seconds"": 5.000056, ""sender"": true, ""start"": 0}}",5201,baseline_no_failure,baseline,0,,none,,,{},0.0,"{""h1"": ""SPF/csv/pcap/ring5/astar/baseline_no_failure/h1.pcap"", ""h10"": ""SPF/csv/pcap/ring5/astar/baseline_no_failure/h10.pcap"", ""h2"": ""SPF/csv/pcap/ring5/astar/baseline_no_failure/h2.pcap"", ""h3"": ""SPF/csv/pcap/ring5/astar/baseline_no_failure/h3.pcap"", ""h4"": ""SPF/csv/pcap/ring5/astar/baseline_no_failure/h4.pcap"", ""h5"": ""SPF/csv/pcap/ring5/astar/baseline_no_failure/h5.pcap"", ""h6"": ""SPF/csv/pcap/ring5/astar/baseline_no_failure/h6.pcap"", ""h7"": ""SPF/csv/pcap/ring5/astar/baseline_no_failure/h7.pcap"", ""h8"": ""SPF/csv/pcap/ring5/astar/baseline_no_failure/h8.pcap"", ""h9"": ""SPF/csv/pcap/ring5/astar/baseline_no_failure/h9.pcap""}",{},[],,,2,1,,,
2026-05-19T17:22:42.643200+00:00,live,ring5,,astar,0,h10,h2,s5,s1,success,0.045469,1,1,s5 -> s1,"[""s5"", ""s1""]",100.0,100.0,95.51167500003764,iperf3,tcp,5,1,8290,6653,"{""cpu_utilization_percent"": {""host_system"": 0.569645168076602, ""host_total"": 0.569685011761856, ""host_user"": 0, ""remote_system"": 4.419160220670072, ""remote_total"": 4.699288660077077, ""remote_user"": 0.280090800382563}, ""receiver_tcp_congestion"": ""cubic"", ""sender_tcp_congestion"": ""cubic"", ""streams"": [{""receiver"": {""bits_per_second"": 95511675.00003764, ""bytes"": 63438568, ""end"": 5.313576, ""seconds"": 5.000054, ""sender"": true, ""socket"": 5, ""start"": 0}, ""sender"": {""bits_per_second"": 101501060.58854564, ""bytes"": 63438848, ""end"": 5.000054, ""max_rtt"": 245034, ""max_snd_cwnd"": 3780728, ""max_snd_wnd"": 5430144, ""mean_rtt"": 192034, ""min_rtt"": 110333, ""retransmits"": 0, ""seconds"": 5.000054, ""sender"": true, ""socket"": 5, ""start"": 0}}], ""sum_received"": {""bits_per_second"": 95511675.00003764, ""bytes"": 63438568, ""end"": 5.313576, ""seconds"": 5.313576, ""sender"": true, ""start"": 0}, ""sum_sent"": {""bits_per_second"": 101501060.58854564, ""bytes"": 63438848, ""end"": 5.000054, ""retransmits"": 0, ""seconds"": 5.000054, ""sender"": true, ""start"": 0}}",5201,baseline_no_failure,baseline,0,,none,,,{},0.0,"{""h1"": ""SPF/csv/pcap/ring5/astar/baseline_no_failure/h1.pcap"", ""h10"": ""SPF/csv/pcap/ring5/astar/baseline_no_failure/h10.pcap"", ""h2"": ""SPF/csv/pcap/ring5/astar/baseline_no_failure/h2.pcap"", ""h3"": ""SPF/csv/pcap/ring5/astar/baseline_no_failure/h3.pcap"", ""h4"": ""SPF/csv/pcap/ring5/astar/baseline_no_failure/h4.pcap"", ""h5"": ""SPF/csv/pcap/ring5/astar/baseline_no_failure/h5.pcap"", ""h6"": ""SPF/csv/pcap/ring5/astar/baseline_no_failure/h6.pcap"", ""h7"": ""SPF/csv/pcap/ring5/astar/baseline_no_failure/h7.pcap"", ""h8"": ""SPF/csv/pcap/ring5/astar/baseline_no_failure/h8.pcap"", ""h9"": ""SPF/csv/pcap/ring5/astar/baseline_no_failure/h9.pcap""}",{},[],,,2,2,,,
2026-05-19T17:22:48.705294+00:00,live,ring5,,astar,0,h10,h3,s5,s2,success,0.040112,2,2,s5 -> s1 -> s2,"[""s5"", ""s1"", ""s2""]",100.0,50.0,95.2372618087264,iperf3,tcp,5,1,8290,6653,"{""cpu_utilization_percent"": {""host_system"": 0.6983756737571467, ""host_total"": 0.7367285383844447, ""host_user"": 0.038372726286866714, ""remote_system"": 3.4409554461788936, ""remote_total"": 3.8619969699482177, ""remote_user"": 0.42104152376932413}, ""receiver_tcp_congestion"": ""cubic"", ""sender_tcp_congestion"": ""cubic"", ""streams"": [{""receiver"": {""bits_per_second"": 95237261.8087264, ""bytes"": 63175840, ""end"": 5.306817, ""seconds"": 5.000144, ""sender"": true, ""socket"": 5, ""start"": 0}, ""sender"": {""bits_per_second"": 101079815.30131933, ""bytes"": 63176704, ""end"": 5.000144, ""max_rtt"": 238930, ""max_snd_cwnd"": 3692400, ""max_snd_wnd"": 4791296, ""mean_rtt"": 184516, ""min_rtt"": 103041, ""retransmits"": 0, ""seconds"": 5.000144, ""sender"": true, ""socket"": 5, ""start"": 0}}], ""sum_received"": {""bits_per_second"": 95237261.8087264, ""bytes"": 63175840, ""end"": 5.306817, ""seconds"": 5.306817, ""sender"": true, ""start"": 0}, ""sum_sent"": {""bits_per_second"": 101079815.30131933, ""bytes"": 63176704, ""end"": 5.000144, ""retransmits"": 0, ""seconds"": 5.000144, ""sender"": true, ""start"": 0}}",5201,baseline_no_failure,baseline,0,,none,,,{},0.0,"{""h1"": ""SPF/csv/pcap/ring5/astar/baseline_no_failure/h1.pcap"", ""h10"": ""SPF/csv/pcap/ring5/astar/baseline_no_failure/h10.pcap"", ""h2"": ""SPF/csv/pcap/ring5/astar/baseline_no_failure/h2.pcap"", ""h3"": ""SPF/csv/pcap/ring5/astar/baseline_no_failure/h3.pcap"", ""h4"": ""SPF/csv/pcap/ring5/astar/baseline_no_failure/h4.pcap"", ""h5"": ""SPF/csv/pcap/ring5/astar/baseline_no_failure/h5.pcap"", ""h6"": ""SPF/csv/pcap/ring5/astar/baseline_no_failure/h6.pcap"", ""h7"": ""SPF/csv/pcap/ring5/astar/baseline_no_failure/h7.pcap"", ""h8"": ""SPF/csv/pcap/ring5/astar/baseline_no_failure/h8.pcap"", ""h9"": ""SPF/csv/pcap/ring5/astar/baseline_no_failure/h9.pcap""}",{},[],,,2,1,,,
2026-05-19T17:22:57.750316+00:00,live,ring5,,astar,0,h10,h4,s5,s2,success,0.037404,2,2,s5 -> s1 -> s2,"[""s5"", ""s1"", ""s2""]",100.0,50.0,95.23524201956316,iperf3,tcp,5,1,8290,6653,"{""cpu_utilization_percent"": {""host_system"": 0.4998576631366197, ""host_total"": 0.6199649452017975, ""host_user"": 0.12008741648759504, ""remote_system"": 3.529944059460186, ""remote_total"": 4.1366691077747, ""remote_user"": 0.6067250483145133}, ""receiver_tcp_congestion"": ""cubic"", ""sender_tcp_congestion"": ""cubic"", ""streams"": [{""receiver"": {""bits_per_second"": 95235242.01956315, ""bytes"": 63119728, ""end"": 5.302216, ""seconds"": 5.00006, ""sender"": true, ""socket"": 5, ""start"": 0}, ""sender"": {""bits_per_second"": 101500938.78873453, ""bytes"": 63438848, ""end"": 5.00006, ""max_rtt"": 277660, ""max_snd_cwnd"": 3601176, ""max_snd_wnd"": 4791296, ""mean_rtt"": 189094, ""min_rtt"": 95726, ""retransmits"": 0, ""seconds"": 5.00006, ""sender"": true, ""socket"": 5, ""start"": 0}}], ""sum_received"": {""bits_per_second"": 95235242.01956315, ""bytes"": 63119728, ""end"": 5.302216, ""seconds"": 5.302216, ""sender"": true, ""start"": 0}, ""sum_sent"": {""bits_per_second"": 101500938.78873453, ""bytes"": 63438848, ""end"": 5.00006, ""retransmits"": 0, ""seconds"": 5.00006, ""sender"": true, ""start"": 0}}",5201,baseline_no_failure,baseline,0,,none,,,{},0.0,"{""h1"": ""SPF/csv/pcap/ring5/astar/baseline_no_failure/h1.pcap"", ""h10"": ""SPF/csv/pcap/ring5/astar/baseline_no_failure/h10.pcap"", ""h2"": ""SPF/csv/pcap/ring5/astar/baseline_no_failure/h2.pcap"", ""h3"": ""SPF/csv/pcap/ring5/astar/baseline_no_failure/h3.pcap"", ""h4"": ""SPF/csv/pcap/ring5/astar/baseline_no_failure/h4.pcap"", ""h5"": ""SPF/csv/pcap/ring5/astar/baseline_no_failure/h5.pcap"", ""h6"": ""SPF/csv/pcap/ring5/astar/baseline_no_failure/h6.pcap"", ""h7"": ""SPF/csv/pcap/ring5/astar/baseline_no_failure/h7.pcap"", ""h8"": ""SPF/csv/pcap/ring5/astar/baseline_no_failure/h8.pcap"", ""h9"": ""SPF/csv/pcap/ring5/astar/baseline_no_failure/h9.pcap""}",{},[],,,2,2,,,
2026-05-19T17:23:03.841675+00:00,live,ring5,,astar,0,h10,h5,s5,s3,success,0.056007,2,2,s5 -> s4 -> s3,"[""s5"", ""s4"", ""s3""]",100.0,50.0,95.22491637425215,iperf3,tcp,5,1,8290,6653,"{""cpu_utilization_percent"": {""host_system"": 0.649623099405446, ""host_total"": 0.739537293531105, ""host_user"": 0.08991419412565896, ""remote_system"": 3.951780175125883, ""remote_total"": 4.810336825335986, ""remote_user"": 0.8585378060967115}, ""receiver_tcp_congestion"": ""cubic"", ""sender_tcp_congestion"": ""cubic"", ""streams"": [{""receiver"": {""bits_per_second"": 95224916.37425214, ""bytes"": 63166008, ""end"": 5.306679, ""seconds"": 5.000107, ""sender"": true, ""socket"": 5, ""start"": 0}, ""sender"": {""bits_per_second"": 101080563.2759459, ""bytes"": 63176704, ""end"": 5.000107, ""max_rtt"": 238685, ""max_snd_cwnd"": 3675024, ""max_snd_wnd"": 4791296, ""mean_rtt"": 183464, ""min_rtt"": 101148, ""retransmits"": 0, ""seconds"": 5.000107, ""sender"": true, ""socket"": 5, ""start"": 0}}], ""sum_received"": {""bits_per_second"": 95224916.37425214, ""bytes"": 63166008, ""end"": 5.306679, ""seconds"": 5.306679, ""sender"": true, ""start"": 0}, ""sum_sent"": {""bits_per_second"": 101080563.2759459, ""bytes"": 63176704, ""end"": 5.000107, ""retransmits"": 0, ""seconds"": 5.000107, ""sender"": true, ""start"": 0}}",5201,baseline_no_failure,baseline,0,,none,,,{},0.0,"{""h1"": ""SPF/csv/pcap/ring5/astar/baseline_no_failure/h1.pcap"", ""h10"": ""SPF/csv/pcap/ring5/astar/baseline_no_failure/h10.pcap"", ""h2"": ""SPF/csv/pcap/ring5/astar/baseline_no_failure/h2.pcap"", ""h3"": ""SPF/csv/pcap/ring5/astar/baseline_no_failure/h3.pcap"", ""h4"": ""SPF/csv/pcap/ring5/astar/baseline_no_failure/h4.pcap"", ""h5"": ""SPF/csv/pcap/ring5/astar/baseline_no_failure/h5.pcap"", ""h6"": ""SPF/csv/pcap/ring5/astar/baseline_no_failure/h6.pcap"", ""h7"": ""SPF/csv/pcap/ring5/astar/baseline_no_failure/h7.pcap"", ""h8"": ""SPF/csv/pcap/ring5/astar/baseline_no_failure/h8.pcap"", ""h9"": ""SPF/csv/pcap/ring5/astar/baseline_no_failure/h9.pcap""}",{},[],,,2,1,,,
2026-05-19T17:23:09.922417+00:00,live,ring5,,astar,0,h10,h6,s5,s3,success,0.033783,2,2,s5 -> s4 -> s3,"[""s5"", ""s4"", ""s3""]",100.0,50.0,95.18438157484297,iperf3,tcp,5,1,8290,6653,"{""cpu_utilization_percent"": {""host_system"": 0.6346035267004727, ""host_total"": 0.6346035267004727, ""host_user"": 0, ""remote_system"": 3.8093240117094513, ""remote_total"": 4.080854114539538, ""remote_user"": 0.2715111518178853}, ""receiver_tcp_congestion"": ""cubic"", ""sender_tcp_congestion"": ""cubic"", ""streams"": [{""receiver"": {""bits_per_second"": 95184381.57484297, ""bytes"": 62782928, ""end"": 5.276742, ""seconds"": 5.000104, ""sender"": true, ""socket"": 5, ""start"": 0}, ""sender"": {""bits_per_second"": 100451491.40897869, ""bytes"": 62783488, ""end"": 5.000104, ""max_rtt"": 262994, ""max_snd_cwnd"": 3635928, ""max_snd_wnd"": 4791296, ""mean_rtt"": 188381, ""min_rtt"": 98624, ""retransmits"": 0, ""seconds"": 5.000104, ""sender"": true, ""socket"": 5, ""start"": 0}}], ""sum_received"": {""bits_per_second"": 95184381.57484297, ""bytes"": 62782928, ""end"": 5.276742, ""seconds"": 5.276742, ""sender"": true, ""start"": 0}, ""sum_sent"": {""bits_per_second"": 100451491.40897869, ""bytes"": 62783488, ""end"": 5.000104, ""retransmits"": 0, ""seconds"": 5.000104, ""sender"": true, ""start"": 0}}",5201,baseline_no_failure,baseline,0,,none,,,{},0.0,"{""h1"": ""SPF/csv/pcap/ring5/astar/baseline_no_failure/h1.pcap"", ""h10"": ""SPF/csv/pcap/ring5/astar/baseline_no_failure/h10.pcap"", ""h2"": ""SPF/csv/pcap/ring5/astar/baseline_no_failure/h2.pcap"", ""h3"": ""SPF/csv/pcap/ring5/astar/baseline_no_failure/h3.pcap"", ""h4"": ""SPF/csv/pcap/ring5/astar/baseline_no_failure/h4.pcap"", ""h5"": ""SPF/csv/pcap/ring5/astar/baseline_no_failure/h5.pcap"", ""h6"": ""SPF/csv/pcap/ring5/astar/baseline_no_failure/h6.pcap"", ""h7"": ""SPF/csv/pcap/ring5/astar/baseline_no_failure/h7.pcap"", ""h8"": ""SPF/csv/pcap/ring5/astar/baseline_no_failure/h8.pcap"", ""h9"": ""SPF/csv/pcap/ring5/astar/baseline_no_failure/h9.pcap""}",{},[],,,2,2,,,
2026-05-19T17:23:15.976843+00:00,live,ring5,,astar,0,h10,h7,s5,s4,success,0.028466,1,1,s5 -> s4,"[""s5"", ""s4""]",100.0,100.0,95.5176773484894,iperf3,tcp,5,1,8290,6653,"{""cpu_utilization_percent"": {""host_system"": 0.4413619921676482, ""host_total"": 0.595557681384712, ""host_user"": 0.15425547816208782, ""remote_system"": 3.3537228392957177, ""remote_total"": 4.160313451328638, ""remote_user"": 0.8065906120329206}, ""receiver_tcp_congestion"": ""cubic"", ""sender_tcp_congestion"": ""cubic"", ""streams"": [{""receiver"": {""bits_per_second"": 95517677.3484894, ""bytes"": 63176144, ""end"": 5.291263, ""seconds"": 5.00014, ""sender"": true, ""socket"": 5, ""start"": 0}, ""sender"": {""bits_per_second"": 101079896.16290744, ""bytes"": 63176704, ""end"": 5.00014, ""max_rtt"": 250133, ""max_snd_cwnd"": 4106528, ""max_snd_wnd"": 5430144, ""mean_rtt"": 210308, ""min_rtt"": 142877, ""retransmits"": 0, ""seconds"": 5.00014, ""sender"": true, ""socket"": 5, ""start"": 0}}], ""sum_received"": {""bits_per_second"": 95517677.3484894, ""bytes"": 63176144, ""end"": 5.291263, ""seconds"": 5.291263, ""sender"": true, ""start"": 0}, ""sum_sent"": {""bits_per_second"": 101079896.16290744, ""bytes"": 63176704, ""end"": 5.00014, ""retransmits"": 0, ""seconds"": 5.00014, ""sender"": true, ""start"": 0}}",5201,baseline_no_failure,baseline,0,,none,,,{},0.0,"{""h1"": ""SPF/csv/pcap/ring5/astar/baseline_no_failure/h1.pcap"", ""h10"": ""SPF/csv/pcap/ring5/astar/baseline_no_failure/h10.pcap"", ""h2"": ""SPF/csv/pcap/ring5/astar/baseline_no_failure/h2.pcap"", ""h3"": ""SPF/csv/pcap/ring5/astar/baseline_no_failure/h3.pcap"", ""h4"": ""SPF/csv/pcap/ring5/astar/baseline_no_failure/h4.pcap"", ""h5"": ""SPF/csv/pcap/ring5/astar/baseline_no_failure/h5.pcap"", ""h6"": ""SPF/csv/pcap/ring5/astar/baseline_no_failure/h6.pcap"", ""h7"": ""SPF/csv/pcap/ring5/astar/baseline_no_failure/h7.pcap"", ""h8"": ""SPF/csv/pcap/ring5/astar/baseline_no_failure/h8.pcap"", ""h9"": ""SPF/csv/pcap/ring5/astar/baseline_no_failure/h9.pcap""}",{},[],,,2,1,,,
2026-05-19T17:23:22.009432+00:00,live,ring5,,astar,0,h10,h8,s5,s4,success,0.035018,1,1,s5 -> s4,"[""s5"", ""s4""]",100.0,100.0,95.49242762501443,iperf3,tcp,5,1,8290,6653,"{""cpu_utilization_percent"": {""host_system"": 0.7982164254990046, ""host_total"": 0.7982164254990046, ""host_user"": 0, ""remote_system"": 3.82164694265234, ""remote_total"": 4.57772370524465, ""remote_user"": 0.7560579467556983}, ""receiver_tcp_congestion"": ""cubic"", ""sender_tcp_congestion"": ""cubic"", ""streams"": [{""receiver"": {""bits_per_second"": 95492427.62501442, ""bytes"": 63438568, ""end"": 5.314647, ""seconds"": 5.000087, ""sender"": true, ""socket"": 5, ""start"": 0}, ""sender"": {""bits_per_second"": 101500390.69320194, ""bytes"": 63438848, ""end"": 5.000087, ""max_rtt"": 276989, ""max_snd_cwnd"": 4116664, ""max_snd_wnd"": 5430144, ""mean_rtt"": 219620, ""min_rtt"": 142703, ""retransmits"": 0, ""seconds"": 5.000087, ""sender"": true, ""socket"": 5, ""start"": 0}}], ""sum_received"": {""bits_per_second"": 95492427.62501442, ""bytes"": 63438568, ""end"": 5.314647, ""seconds"": 5.314647, ""sender"": true, ""start"": 0}, ""sum_sent"": {""bits_per_second"": 101500390.69320194, ""bytes"": 63438848, ""end"": 5.000087, ""retransmits"": 0, ""seconds"": 5.000087, ""sender"": true, ""start"": 0}}",5201,baseline_no_failure,baseline,0,,none,,,{},0.0,"{""h1"": ""SPF/csv/pcap/ring5/astar/baseline_no_failure/h1.pcap"", ""h10"": ""SPF/csv/pcap/ring5/astar/baseline_no_failure/h10.pcap"", ""h2"": ""SPF/csv/pcap/ring5/astar/baseline_no_failure/h2.pcap"", ""h3"": ""SPF/csv/pcap/ring5/astar/baseline_no_failure/h3.pcap"", ""h4"": ""SPF/csv/pcap/ring5/astar/baseline_no_failure/h4.pcap"", ""h5"": ""SPF/csv/pcap/ring5/astar/baseline_no_failure/h5.pcap"", ""h6"": ""SPF/csv/pcap/ring5/astar/baseline_no_failure/h6.pcap"", ""h7"": ""SPF/csv/pcap/ring5/astar/baseline_no_failure/h7.pcap"", ""h8"": ""SPF/csv/pcap/ring5/astar/baseline_no_failure/h8.pcap"", ""h9"": ""SPF/csv/pcap/ring5/astar/baseline_no_failure/h9.pcap""}",{},[],,,2,2,,,
2026-05-19T17:23:30.868205+00:00,live,ring5,,astar,0,h2,h10,s1,s5,success,0.031348,1,1,s1 -> s5,"[""s1"", ""s5""]",100.0,100.0,95.5148974272865,iperf3,tcp,5,1,8290,6653,"{""cpu_utilization_percent"": {""host_system"": 0.9008825895457446, ""host_total"": 0.900802881293888, ""host_user"": 0, ""remote_system"": 5.163025196108743, ""remote_total"": 5.917808571257946, ""remote_user"": 0.754745578340312}, ""receiver_tcp_congestion"": ""cubic"", ""sender_tcp_congestion"": ""cubic"", ""streams"": [{""receiver"": {""bits_per_second"": 95514897.4272865, ""bytes"": 63176144, ""end"": 5.291417, ""seconds"": 5.000248, ""sender"": true, ""socket"": 5, ""start"": 0}, ""sender"": {""bits_per_second"": 101077712.94543791, ""bytes"": 63176704, ""end"": 5.000248, ""max_rtt"": 249508, ""max_snd_cwnd"": 4106528, ""max_snd_wnd"": 5430144, ""mean_rtt"": 210307, ""min_rtt"": 142930, ""retransmits"": 0, ""seconds"": 5.000248, ""sender"": true, ""socket"": 5, ""start"": 0}}], ""sum_received"": {""bits_per_second"": 95514897.4272865, ""bytes"": 63176144, ""end"": 5.291417, ""seconds"": 5.291417, ""sender"": true, ""start"": 0}, ""sum_sent"": {""bits_per_second"": 101077712.94543791, ""bytes"": 63176704, ""end"": 5.000248, ""retransmits"": 0, ""seconds"": 5.000248, ""sender"": true, ""start"": 0}}",5201,baseline_no_failure,baseline,0,,none,,,{},0.0,"{""h1"": ""SPF/csv/pcap/ring5/astar/baseline_no_failure/h1.pcap"", ""h10"": ""SPF/csv/pcap/ring5/astar/baseline_no_failure/h10.pcap"", ""h2"": ""SPF/csv/pcap/ring5/astar/baseline_no_failure/h2.pcap"", ""h3"": ""SPF/csv/pcap/ring5/astar/baseline_no_failure/h3.pcap"", ""h4"": ""SPF/csv/pcap/ring5/astar/baseline_no_failure/h4.pcap"", ""h5"": ""SPF/csv/pcap/ring5/astar/baseline_no_failure/h5.pcap"", ""h6"": ""SPF/csv/pcap/ring5/astar/baseline_no_failure/h6.pcap"", ""h7"": ""SPF/csv/pcap/ring5/astar/baseline_no_failure/h7.pcap"", ""h8"": ""SPF/csv/pcap/ring5/astar/baseline_no_failure/h8.pcap"", ""h9"": ""SPF/csv/pcap/ring5/astar/baseline_no_failure/h9.pcap""}",{},[],,,2,2,,,
2026-05-19T17:23:36.906295+00:00,live,ring5,,astar,0,h2,h3,s1,s2,success,0.028312,1,1,s1 -> s2,"[""s1"", ""s2""]",100.0,100.0,95.50765434982388,iperf3,tcp,5,1,8290,6653,"{""cpu_utilization_percent"": {""host_system"": 0.8474280815716018, ""host_total"": 0.8527074487488, ""host_user"": 0.005299289317489388, ""remote_system"": 4.97694049883356, ""remote_total"": 5.718831878709197, ""remote_user"": 0.7418724825175816}, ""receiver_tcp_congestion"": ""cubic"", ""sender_tcp_congestion"": ""cubic"", ""streams"": [{""receiver"": {""bits_per_second"": 95507654.34982388, ""bytes"": 63174696, ""end"": 5.291697, ""seconds"": 5.000107, ""sender"": true, ""socket"": 5, ""start"": 0}, ""sender"": {""bits_per_second"": 101080563.2759459, ""bytes"": 63176704, ""end"": 5.000107, ""max_rtt"": 249671, ""max_snd_cwnd"": 4041368, ""max_snd_wnd"": 5430144, ""mean_rtt"": 210082, ""min_rtt"": 142842, ""retransmits"": 0, ""seconds"": 5.000107, ""sender"": true, ""socket"": 5, ""start"": 0}}], ""sum_received"": {""bits_per_second"": 95507654.34982388, ""bytes"": 63174696, ""end"": 5.291697, ""seconds"": 5.291697, ""sender"": true, ""start"": 0}, ""sum_sent"": {""bits_per_second"": 101080563.2759459, ""bytes"": 63176704, ""end"": 5.000107, ""retransmits"": 0, ""seconds"": 5.000107, ""sender"": true, ""start"": 0}}",5201,baseline_no_failure,baseline,0,,none,,,{},0.0,"{""h1"": ""SPF/csv/pcap/ring5/astar/baseline_no_failure/h1.pcap"", ""h10"": ""SPF/csv/pcap/ring5/astar/baseline_no_failure/h10.pcap"", ""h2"": ""SPF/csv/pcap/ring5/astar/baseline_no_failure/h2.pcap"", ""h3"": ""SPF/csv/pcap/ring5/astar/baseline_no_failure/h3.pcap"", ""h4"": ""SPF/csv/pcap/ring5/astar/baseline_no_failure/h4.pcap"", ""h5"": ""SPF/csv/pcap/ring5/astar/baseline_no_failure/h5.pcap"", ""h6"": ""SPF/csv/pcap/ring5/astar/baseline_no_failure/h6.pcap"", ""h7"": ""SPF/csv/pcap/ring5/astar/baseline_no_failure/h7.pcap"", ""h8"": ""SPF/csv/pcap/ring5/astar/baseline_no_failure/h8.pcap"", ""h9"": ""SPF/csv/pcap/ring5/astar/baseline_no_failure/h9.pcap""}",{},[],,,2,1,,,
2026-05-19T17:23:42.946177+00:00,live,ring5,,astar,0,h2,h4,s1,s2,success,0.030546,1,1,s1 -> s2,"[""s1"", ""s2""]",100.0,100.0,95.5108841053745,iperf3,tcp,5,1,8290,6653,"{""cpu_utilization_percent"": {""host_system"": 0.7670079775125758, ""host_total"": 0.7670079775125758, ""host_user"": 0, ""remote_system"": 4.4972905711424085, ""remote_total"": 4.97603725939869, ""remote_user"": 0.4787090494585094}, ""receiver_tcp_congestion"": ""cubic"", ""sender_tcp_congestion"": ""cubic"", ""streams"": [{""receiver"": {""bits_per_second"": 95510884.1053745, ""bytes"": 63438568, ""end"": 5.31362, ""seconds"": 5.000065, ""sender"": true, ""socket"": 5, ""start"": 0}, ""sender"": {""bits_per_second"": 101500837.28911524, ""bytes"": 63438848, ""end"": 5.000065, ""max_rtt"": 274613, ""max_snd_cwnd"": 4068880, ""max_snd_wnd"": 5430144, ""mean_rtt"": 222650, ""min_rtt"": 149491, ""retransmits"": 0, ""seconds"": 5.000065, ""sender"": true, ""socket"": 5, ""start"": 0}}], ""sum_received"": {""bits_per_second"": 95510884.1053745, ""bytes"": 63438568, ""end"": 5.31362, ""seconds"": 5.31362, ""sender"": true, ""start"": 0}, ""sum_sent"": {""bits_per_second"": 101500837.28911524, ""bytes"": 63438848, ""end"": 5.000065, ""retransmits"": 0, ""seconds"": 5.000065, ""sender"": true, ""start"": 0}}",5201,baseline_no_failure,baseline,0,,none,,,{},0.0,"{""h1"": ""SPF/csv/pcap/ring5/astar/baseline_no_failure/h1.pcap"", ""h10"": ""SPF/csv/pcap/ring5/astar/baseline_no_failure/h10.pcap"", ""h2"": ""SPF/csv/pcap/ring5/astar/baseline_no_failure/h2.pcap"", ""h3"": ""SPF/csv/pcap/ring5/astar/baseline_no_failure/h3.pcap"", ""h4"": ""SPF/csv/pcap/ring5/astar/baseline_no_failure/h4.pcap"", ""h5"": ""SPF/csv/pcap/ring5/astar/baseline_no_failure/h5.pcap"", ""h6"": ""SPF/csv/pcap/ring5/astar/baseline_no_failure/h6.pcap"", ""h7"": ""SPF/csv/pcap/ring5/astar/baseline_no_failure/h7.pcap"", ""h8"": ""SPF/csv/pcap/ring5/astar/baseline_no_failure/h8.pcap"", ""h9"": ""SPF/csv/pcap/ring5/astar/baseline_no_failure/h9.pcap""}",{},[],,,2,2,,,
2026-05-19T17:23:49.005908+00:00,live,ring5,,astar,0,h2,h5,s1,s3,success,0.027626,2,2,s1 -> s2 -> s3,"[""s1"", ""s2"", ""s3""]",100.0,50.0,95.09350848059697,iperf3,tcp,5,1,8290,6653,"{""cpu_utilization_percent"": {""host_system"": 0.666417684457517, ""host_total"": 0.812016712236232, ""host_user"": 0.14561887226934847, ""remote_system"": 3.308007163716232, ""remote_total"": 3.9561632781418643, ""remote_user"": 0.648156114425632}, ""receiver_tcp_congestion"": ""cubic"", ""sender_tcp_congestion"": ""cubic"", ""streams"": [{""receiver"": {""bits_per_second"": 95093508.48059696, ""bytes"": 60099240, ""end"": 5.056012, ""seconds"": 5.000193, ""sender"": true, ""socket"": 5, ""start"": 0}, ""sender"": {""bits_per_second"": 100659410.54675288, ""bytes"": 62914560, ""end"": 5.000193, ""max_rtt"": 50975, ""max_snd_cwnd"": 621192, ""max_snd_wnd"": 1311744, ""mean_rtt"": 48857, ""min_rtt"": 46174, ""retransmits"": 10, ""seconds"": 5.000193, ""sender"": true, ""socket"": 5, ""start"": 0}}], ""sum_received"": {""bits_per_second"": 95093508.48059696, ""bytes"": 60099240, ""end"": 5.056012, ""seconds"": 5.056012, ""sender"": true, ""start"": 0}, ""sum_sent"": {""bits_per_second"": 100659410.54675288, ""bytes"": 62914560, ""end"": 5.000193, ""retransmits"": 10, ""seconds"": 5.000193, ""sender"": true, ""start"": 0}}",5201,baseline_no_failure,baseline,0,,none,,,{},0.0,"{""h1"": ""SPF/csv/pcap/ring5/astar/baseline_no_failure/h1.pcap"", ""h10"": ""SPF/csv/pcap/ring5/astar/baseline_no_failure/h10.pcap"", ""h2"": ""SPF/csv/pcap/ring5/astar/baseline_no_failure/h2.pcap"", ""h3"": ""SPF/csv/pcap/ring5/astar/baseline_no_failure/h3.pcap"", ""h4"": ""SPF/csv/pcap/ring5/astar/baseline_no_failure/h4.pcap"", ""h5"": ""SPF/csv/pcap/ring5/astar/baseline_no_failure/h5.pcap"", ""h6"": ""SPF/csv/pcap/ring5/astar/baseline_no_failure/h6.pcap"", ""h7"": ""SPF/csv/pcap/ring5/astar/baseline_no_failure/h7.pcap"", ""h8"": ""SPF/csv/pcap/ring5/astar/baseline_no_failure/h8.pcap"", ""h9"": ""SPF/csv/pcap/ring5/astar/baseline_no_failure/h9.pcap""}",{},[],,,2,1,,,
2026-05-19T17:23:54.884257+00:00,live,ring5,,astar,0,h2,h6,s1,s3,success,0.058176,2,2,s1 -> s2 -> s3,"[""s1"", ""s2"", ""s3""]",100.0,50.0,95.204676040014,iperf3,tcp,5,1,8290,6653,"{""cpu_utilization_percent"": {""host_system"": 0.6844444144351144, ""host_total"": 0.6845039917815037, ""host_user"": 0, ""remote_system"": 3.824069437174492, ""remote_total"": 4.213711622122963, ""remote_user"": 0.38960443258097266}, ""receiver_tcp_congestion"": ""cubic"", ""sender_tcp_congestion"": ""cubic"", ""streams"": [{""receiver"": {""bits_per_second"": 95204676.040014, ""bytes"": 63045072, ""end"": 5.297645, ""seconds"": 5.000147, ""sender"": true, ""socket"": 5, ""start"": 0}, ""sender"": {""bits_per_second"": 100870045.62065876, ""bytes"": 63045632, ""end"": 5.000147, ""max_rtt"": 243428, ""max_snd_cwnd"": 3672128, ""max_snd_wnd"": 4791296, ""mean_rtt"": 184578, ""min_rtt"": 101277, ""retransmits"": 0, ""seconds"": 5.000147, ""sender"": true, ""socket"": 5, ""start"": 0}}], ""sum_received"": {""bits_per_second"": 95204676.040014, ""bytes"": 63045072, ""end"": 5.297645, ""seconds"": 5.297645, ""sender"": true, ""start"": 0}, ""sum_sent"": {""bits_per_second"": 100870045.62065876, ""bytes"": 63045632, ""end"": 5.000147, ""retransmits"": 0, ""seconds"": 5.000147, ""sender"": true, ""start"": 0}}",5201,baseline_no_failure,baseline,0,,none,,,{},0.0,"{""h1"": ""SPF/csv/pcap/ring5/astar/baseline_no_failure/h1.pcap"", ""h10"": ""SPF/csv/pcap/ring5/astar/baseline_no_failure/h10.pcap"", ""h2"": ""SPF/csv/pcap/ring5/astar/baseline_no_failure/h2.pcap"", ""h3"": ""SPF/csv/pcap/ring5/astar/baseline_no_failure/h3.pcap"", ""h4"": ""SPF/csv/pcap/ring5/astar/baseline_no_failure/h4.pcap"", ""h5"": ""SPF/csv/pcap/ring5/astar/baseline_no_failure/h5.pcap"", ""h6"": ""SPF/csv/pcap/ring5/astar/baseline_no_failure/h6.pcap"", ""h7"": ""SPF/csv/pcap/ring5/astar/baseline_no_failure/h7.pcap"", ""h8"": ""SPF/csv/pcap/ring5/astar/baseline_no_failure/h8.pcap"", ""h9"": ""SPF/csv/pcap/ring5/astar/baseline_no_failure/h9.pcap""}",{},[],,,2,2,,,
2026-05-19T17:24:03.904975+00:00,live,ring5,,astar,0,h2,h7,s1,s4,success,0.028173,2,2,s1 -> s5 -> s4,"[""s1"", ""s5"", ""s4""]",100.0,50.0,95.13804260620397,iperf3,tcp,5,1,8290,6653,"{""cpu_utilization_percent"": {""host_system"": 0.6337495157781817, ""host_total"": 0.6337495157781817, ""host_user"": 0, ""remote_system"": 4.008765904684285, ""remote_total"": 4.8571070284330435, ""remote_user"": 0.8483019972325815}, ""receiver_tcp_congestion"": ""cubic"", ""sender_tcp_congestion"": ""cubic"", ""streams"": [{""receiver"": {""bits_per_second"": 95138042.60620397, ""bytes"": 60788488, ""end"": 5.111603, ""seconds"": 5.000064, ""sender"": true, ""socket"": 5, ""start"": 0}, ""sender"": {""bits_per_second"": 101081432.55766326, ""bytes"": 63176704, ""end"": 5.000064, ""max_rtt"": 111177, ""max_snd_cwnd"": 1333608, ""max_snd_wnd"": 2931968, ""mean_rtt"": 108270, ""min_rtt"": 102455, ""retransmits"": 18, ""seconds"": 5.000064, ""sender"": true, ""socket"": 5, ""start"": 0}}], ""sum_received"": {""bits_per_second"": 95138042.60620397, ""bytes"": 60788488, ""end"": 5.111603, ""seconds"": 5.111603, ""sender"": true, ""start"": 0}, ""sum_sent"": {""bits_per_second"": 101081432.55766326, ""bytes"": 63176704, ""end"": 5.000064, ""retransmits"": 18, ""seconds"": 5.000064, ""sender"": true, ""start"": 0}}",5201,baseline_no_failure,baseline,0,,none,,,{},0.0,"{""h1"": ""SPF/csv/pcap/ring5/astar/baseline_no_failure/h1.pcap"", ""h10"": ""SPF/csv/pcap/ring5/astar/baseline_no_failure/h10.pcap"", ""h2"": ""SPF/csv/pcap/ring5/astar/baseline_no_failure/h2.pcap"", ""h3"": ""SPF/csv/pcap/ring5/astar/baseline_no_failure/h3.pcap"", ""h4"": ""SPF/csv/pcap/ring5/astar/baseline_no_failure/h4.pcap"", ""h5"": ""SPF/csv/pcap/ring5/astar/baseline_no_failure/h5.pcap"", ""h6"": ""SPF/csv/pcap/ring5/astar/baseline_no_failure/h6.pcap"", ""h7"": ""SPF/csv/pcap/ring5/astar/baseline_no_failure/h7.pcap"", ""h8"": ""SPF/csv/pcap/ring5/astar/baseline_no_failure/h8.pcap"", ""h9"": ""SPF/csv/pcap/ring5/astar/baseline_no_failure/h9.pcap""}",{},[],,,2,1,,,
2026-05-19T17:24:09.889602+00:00,live,ring5,,astar,0,h2,h8,s1,s4,success,0.027094,2,2,s1 -> s5 -> s4,"[""s1"", ""s5"", ""s4""]",100.0,50.0,95.21457791226915,iperf3,tcp,5,1,8290,6653,"{""cpu_utilization_percent"": {""host_system"": 0.6451646217420776, ""host_total"": 0.8305414596469737, ""host_user"": 0.1853569775194339, ""remote_system"": 3.910771602417705, ""remote_total"": 4.215107286561924, ""remote_user"": 0.30433568414421935}, ""receiver_tcp_congestion"": ""cubic"", ""sender_tcp_congestion"": ""cubic"", ""streams"": [{""receiver"": {""bits_per_second"": 95214577.91226915, ""bytes"": 62520784, ""end"": 5.253043, ""seconds"": 5.000472, ""sender"": true, ""socket"": 5, ""start"": 0}, ""sender"": {""bits_per_second"": 100024708.06755842, ""bytes"": 62521344, ""end"": 5.000472, ""max_rtt"": 286487, ""max_snd_cwnd"": 3680816, ""max_snd_wnd"": 4791296, ""mean_rtt"": 196036, ""min_rtt"": 101849, ""retransmits"": 0, ""seconds"": 5.000472, ""sender"": true, ""socket"": 5, ""start"": 0}}], ""sum_received"": {""bits_per_second"": 95214577.91226915, ""bytes"": 62520784, ""end"": 5.253043, ""seconds"": 5.253043, ""sender"": true, ""start"": 0}, ""sum_sent"": {""bits_per_second"": 100024708.06755842, ""bytes"": 62521344, ""end"": 5.000472, ""retransmits"": 0, ""seconds"": 5.000472, ""sender"": true, ""start"": 0}}",5201,baseline_no_failure,baseline,0,,none,,,{},0.0,"{""h1"": ""SPF/csv/pcap/ring5/astar/baseline_no_failure/h1.pcap"", ""h10"": ""SPF/csv/pcap/ring5/astar/baseline_no_failure/h10.pcap"", ""h2"": ""SPF/csv/pcap/ring5/astar/baseline_no_failure/h2.pcap"", ""h3"": ""SPF/csv/pcap/ring5/astar/baseline_no_failure/h3.pcap"", ""h4"": ""SPF/csv/pcap/ring5/astar/baseline_no_failure/h4.pcap"", ""h5"": ""SPF/csv/pcap/ring5/astar/baseline_no_failure/h5.pcap"", ""h6"": ""SPF/csv/pcap/ring5/astar/baseline_no_failure/h6.pcap"", ""h7"": ""SPF/csv/pcap/ring5/astar/baseline_no_failure/h7.pcap"", ""h8"": ""SPF/csv/pcap/ring5/astar/baseline_no_failure/h8.pcap"", ""h9"": ""SPF/csv/pcap/ring5/astar/baseline_no_failure/h9.pcap""}",{},[],,,2,2,,,
2026-05-19T17:24:15.919367+00:00,live,ring5,,astar,0,h2,h9,s1,s5,success,0.089116,1,1,s1 -> s5,"[""s1"", ""s5""]",100.0,100.0,95.51188302028278,iperf3,tcp,5,1,8290,6653,"{""cpu_utilization_percent"": {""host_system"": 0.7233955060182347, ""host_total"": 0.7234154293294253, ""host_user"": 0, ""remote_system"": 3.7054625993552066, ""remote_total"": 4.546263715081582, ""remote_user"": 0.8407822179219218}, ""receiver_tcp_congestion"": ""cubic"", ""sender_tcp_congestion"": ""cubic"", ""streams"": [{""receiver"": {""bits_per_second"": 95511883.02028278, ""bytes"": 63176144, ""end"": 5.291584, ""seconds"": 5.000118, ""sender"": true, ""socket"": 5, ""start"": 0}, ""sender"": {""bits_per_second"": 101080340.90395467, ""bytes"": 63176704, ""end"": 5.000118, ""max_rtt"": 249633, ""max_snd_cwnd"": 4106528, ""max_snd_wnd"": 5430144, ""mean_rtt"": 210200, ""min_rtt"": 142910, ""retransmits"": 0, ""seconds"": 5.000118, ""sender"": true, ""socket"": 5, ""start"": 0}}], ""sum_received"": {""bits_per_second"": 95511883.02028278, ""bytes"": 63176144, ""end"": 5.291584, ""seconds"": 5.291584, ""sender"": true, ""start"": 0}, ""sum_sent"": {""bits_per_second"": 101080340.90395467, ""bytes"": 63176704, ""end"": 5.000118, ""retransmits"": 0, ""seconds"": 5.000118, ""sender"": true, ""start"": 0}}",5201,baseline_no_failure,baseline,0,,none,,,{},0.0,"{""h1"": ""SPF/csv/pcap/ring5/astar/baseline_no_failure/h1.pcap"", ""h10"": ""SPF/csv/pcap/ring5/astar/baseline_no_failure/h10.pcap"", ""h2"": ""SPF/csv/pcap/ring5/astar/baseline_no_failure/h2.pcap"", ""h3"": ""SPF/csv/pcap/ring5/astar/baseline_no_failure/h3.pcap"", ""h4"": ""SPF/csv/pcap/ring5/astar/baseline_no_failure/h4.pcap"", ""h5"": ""SPF/csv/pcap/ring5/astar/baseline_no_failure/h5.pcap"", ""h6"": ""SPF/csv/pcap/ring5/astar/baseline_no_failure/h6.pcap"", ""h7"": ""SPF/csv/pcap/ring5/astar/baseline_no_failure/h7.pcap"", ""h8"": ""SPF/csv/pcap/ring5/astar/baseline_no_failure/h8.pcap"", ""h9"": ""SPF/csv/pcap/ring5/astar/baseline_no_failure/h9.pcap""}",{},[],,,2,1,,,
2026-05-19T17:24:21.956966+00:00,live,ring5,,astar,0,h3,h1,s2,s1,success,0.030423,1,1,s2 -> s1,"[""s2"", ""s1""]",100.0,100.0,95.51292622399944,iperf3,tcp,5,1,8290,6653,"{""cpu_utilization_percent"": {""host_system"": 0.560382711663329, ""host_total"": 0.5603627862362323, ""host_user"": 0, ""remote_system"": 3.323712280840072, ""remote_total"": 3.996886154621024, ""remote_user"": 0.673135601345123}, ""receiver_tcp_congestion"": ""cubic"", ""sender_tcp_congestion"": ""cubic"", ""streams"": [{""receiver"": {""bits_per_second"": 95512926.22399944, ""bytes"": 62389712, ""end"": 5.225656, ""seconds"": 5.00044, ""sender"": true, ""socket"": 5, ""start"": 0}, ""sender"": {""bits_per_second"": 99815651.4226748, ""bytes"": 62390272, ""end"": 5.00044, ""max_rtt"": 298029, ""max_snd_cwnd"": 3759008, ""max_snd_wnd"": 5577472, ""mean_rtt"": 203112, ""min_rtt"": 107789, ""retransmits"": 0, ""seconds"": 5.00044, ""sender"": true, ""socket"": 5, ""start"": 0}}], ""sum_received"": {""bits_per_second"": 95512926.22399944, ""bytes"": 62389712, ""end"": 5.225656, ""seconds"": 5.225656, ""sender"": true, ""start"": 0}, ""sum_sent"": {""bits_per_second"": 99815651.4226748, ""bytes"": 62390272, ""end"": 5.00044, ""retransmits"": 0, ""seconds"": 5.00044, ""sender"": true, ""start"": 0}}",5201,baseline_no_failure,baseline,0,,none,,,{},0.0,"{""h1"": ""SPF/csv/pcap/ring5/astar/baseline_no_failure/h1.pcap"", ""h10"": ""SPF/csv/pcap/ring5/astar/baseline_no_failure/h10.pcap"", ""h2"": ""SPF/csv/pcap/ring5/astar/baseline_no_failure/h2.pcap"", ""h3"": ""SPF/csv/pcap/ring5/astar/baseline_no_failure/h3.pcap"", ""h4"": ""SPF/csv/pcap/ring5/astar/baseline_no_failure/h4.pcap"", ""h5"": ""SPF/csv/pcap/ring5/astar/baseline_no_failure/h5.pcap"", ""h6"": ""SPF/csv/pcap/ring5/astar/baseline_no_failure/h6.pcap"", ""h7"": ""SPF/csv/pcap/ring5/astar/baseline_no_failure/h7.pcap"", ""h8"": ""SPF/csv/pcap/ring5/astar/baseline_no_failure/h8.pcap"", ""h9"": ""SPF/csv/pcap/ring5/astar/baseline_no_failure/h9.pcap""}",{},[],,,1,1,,,
2026-05-19T17:24:27.926495+00:00,live,ring5,,astar,0,h3,h10,s2,s5,success,0.067048,2,2,s2 -> s1 -> s5,"[""s2"", ""s1"", ""s5""]",100.0,50.0,94.83639301799657,iperf3,tcp,5,1,8290,6653,"{""cpu_utilization_percent"": {""host_system"": 0.8120524277593393, ""host_total"": 0.8618848555623042, ""host_user"": 0.049753108379482366, ""remote_system"": 4.48875144718568, ""remote_total"": 5.214545031545308, ""remote_user"": 0.725754285359472}, ""receiver_tcp_congestion"": ""cubic"", ""sender_tcp_congestion"": ""cubic"", ""streams"": [{""receiver"": {""bits_per_second"": 94836393.01799656, ""bytes"": 60329472, ""end"": 5.089141, ""seconds"": 5.000085, ""sender"": true, ""socket"": 5, ""start"": 0}, ""sender"": {""bits_per_second"": 100871296.3879614, ""bytes"": 63045632, ""end"": 5.000085, ""max_rtt"": 82676, ""max_snd_cwnd"": 1002016, ""max_snd_wnd"": 2516736, ""mean_rtt"": 81459, ""min_rtt"": 79899, ""retransmits"": 5, ""seconds"": 5.000085, ""sender"": true, ""socket"": 5, ""start"": 0}}], ""sum_received"": {""bits_per_second"": 94836393.01799656, ""bytes"": 60329472, ""end"": 5.089141, ""seconds"": 5.089141, ""sender"": true, ""start"": 0}, ""sum_sent"": {""bits_per_second"": 100871296.3879614, ""bytes"": 63045632, ""end"": 5.000085, ""retransmits"": 5, ""seconds"": 5.000085, ""sender"": true, ""start"": 0}}",5201,baseline_no_failure,baseline,0,,none,,,{},0.0,"{""h1"": ""SPF/csv/pcap/ring5/astar/baseline_no_failure/h1.pcap"", ""h10"": ""SPF/csv/pcap/ring5/astar/baseline_no_failure/h10.pcap"", ""h2"": ""SPF/csv/pcap/ring5/astar/baseline_no_failure/h2.pcap"", ""h3"": ""SPF/csv/pcap/ring5/astar/baseline_no_failure/h3.pcap"", ""h4"": ""SPF/csv/pcap/ring5/astar/baseline_no_failure/h4.pcap"", ""h5"": ""SPF/csv/pcap/ring5/astar/baseline_no_failure/h5.pcap"", ""h6"": ""SPF/csv/pcap/ring5/astar/baseline_no_failure/h6.pcap"", ""h7"": ""SPF/csv/pcap/ring5/astar/baseline_no_failure/h7.pcap"", ""h8"": ""SPF/csv/pcap/ring5/astar/baseline_no_failure/h8.pcap"", ""h9"": ""SPF/csv/pcap/ring5/astar/baseline_no_failure/h9.pcap""}",{},[],,,1,2,,,
2026-05-19T17:24:36.900978+00:00,live,ring5,,astar,0,h3,h2,s2,s1,success,0.25648,1,1,s2 -> s1,"[""s2"", ""s1""]",100.0,100.0,95.5156862351103,iperf3,tcp,5,1,8290,6653,"{""cpu_utilization_percent"": {""host_system"": 0.7942568780792275, ""host_total"": 0.7942568780792275, ""host_user"": 0, ""remote_system"": 4.07836299030452, ""remote_total"": 4.640086131009154, ""remote_user"": 0.561684867060324}, ""receiver_tcp_congestion"": ""cubic"", ""sender_tcp_congestion"": ""cubic"", ""streams"": [{""receiver"": {""bits_per_second"": 95515686.2351103, ""bytes"": 62389712, ""end"": 5.225505, ""seconds"": 5.000036, ""sender"": true, ""socket"": 5, ""start"": 0}, ""sender"": {""bits_per_second"": 99823716.46924143, ""bytes"": 62390272, ""end"": 5.000036, ""max_rtt"": 297497, ""max_snd_cwnd"": 3757560, ""max_snd_wnd"": 5577472, ""mean_rtt"": 203248, ""min_rtt"": 107917, ""retransmits"": 0, ""seconds"": 5.000036, ""sender"": true, ""socket"": 5, ""start"": 0}}], ""sum_received"": {""bits_per_second"": 95515686.2351103, ""bytes"": 62389712, ""end"": 5.225505, ""seconds"": 5.225505, ""sender"": true, ""start"": 0}, ""sum_sent"": {""bits_per_second"": 99823716.46924143, ""bytes"": 62390272, ""end"": 5.000036, ""retransmits"": 0, ""seconds"": 5.000036, ""sender"": true, ""start"": 0}}",5201,baseline_no_failure,baseline,0,,none,,,{},0.0,"{""h1"": ""SPF/csv/pcap/ring5/astar/baseline_no_failure/h1.pcap"", ""h10"": ""SPF/csv/pcap/ring5/astar/baseline_no_failure/h10.pcap"", ""h2"": ""SPF/csv/pcap/ring5/astar/baseline_no_failure/h2.pcap"", ""h3"": ""SPF/csv/pcap/ring5/astar/baseline_no_failure/h3.pcap"", ""h4"": ""SPF/csv/pcap/ring5/astar/baseline_no_failure/h4.pcap"", ""h5"": ""SPF/csv/pcap/ring5/astar/baseline_no_failure/h5.pcap"", ""h6"": ""SPF/csv/pcap/ring5/astar/baseline_no_failure/h6.pcap"", ""h7"": ""SPF/csv/pcap/ring5/astar/baseline_no_failure/h7.pcap"", ""h8"": ""SPF/csv/pcap/ring5/astar/baseline_no_failure/h8.pcap"", ""h9"": ""SPF/csv/pcap/ring5/astar/baseline_no_failure/h9.pcap""}",{},[],,,1,2,,,
2026-05-19T17:24:42.871626+00:00,live,ring5,,astar,0,h3,h5,s2,s3,success,0.090737,1,1,s2 -> s3,"[""s2"", ""s3""]",100.0,100.0,95.50165578055403,iperf3,tcp,5,1,8290,6653,"{""cpu_utilization_percent"": {""host_system"": 0.580049432136229, ""host_total"": 0.710793706021271, ""host_user"": 0.13072434639321365, ""remote_system"": 4.045622442318502, ""remote_total"": 4.479841419277893, ""remote_user"": 0.434200159235579}, ""receiver_tcp_congestion"": ""cubic"", ""sender_tcp_congestion"": ""cubic"", ""streams"": [{""receiver"": {""bits_per_second"": 95501655.78055403, ""bytes"": 63438288, ""end"": 5.31411, ""seconds"": 5.000182, ""sender"": true, ""socket"": 5, ""start"": 0}, ""sender"": {""bits_per_second"": 101498462.25597389, ""bytes"": 63438848, ""end"": 5.000182, ""max_rtt"": 275275, ""max_snd_cwnd"": 4068880, ""max_snd_wnd"": 5430144, ""mean_rtt"": 222912, ""min_rtt"": 149294, ""retransmits"": 0, ""seconds"": 5.000182, ""sender"": true, ""socket"": 5, ""start"": 0}}], ""sum_received"": {""bits_per_second"": 95501655.78055403, ""bytes"": 63438288, ""end"": 5.31411, ""seconds"": 5.31411, ""sender"": true, ""start"": 0}, ""sum_sent"": {""bits_per_second"": 101498462.25597389, ""bytes"": 63438848, ""end"": 5.000182, ""retransmits"": 0, ""seconds"": 5.000182, ""sender"": true, ""start"": 0}}",5201,baseline_no_failure,baseline,0,,none,,,{},0.0,"{""h1"": ""SPF/csv/pcap/ring5/astar/baseline_no_failure/h1.pcap"", ""h10"": ""SPF/csv/pcap/ring5/astar/baseline_no_failure/h10.pcap"", ""h2"": ""SPF/csv/pcap/ring5/astar/baseline_no_failure/h2.pcap"", ""h3"": ""SPF/csv/pcap/ring5/astar/baseline_no_failure/h3.pcap"", ""h4"": ""SPF/csv/pcap/ring5/astar/baseline_no_failure/h4.pcap"", ""h5"": ""SPF/csv/pcap/ring5/astar/baseline_no_failure/h5.pcap"", ""h6"": ""SPF/csv/pcap/ring5/astar/baseline_no_failure/h6.pcap"", ""h7"": ""SPF/csv/pcap/ring5/astar/baseline_no_failure/h7.pcap"", ""h8"": ""SPF/csv/pcap/ring5/astar/baseline_no_failure/h8.pcap"", ""h9"": ""SPF/csv/pcap/ring5/astar/baseline_no_failure/h9.pcap""}",{},[],,,1,1,,,
2026-05-19T17:24:48.928725+00:00,live,ring5,,astar,0,h3,h6,s2,s3,success,0.033127,1,1,s2 -> s3,"[""s2"", ""s3""]",100.0,100.0,95.51567374195356,iperf3,tcp,5,1,8290,6653,"{""cpu_utilization_percent"": {""host_system"": 0.850800094639561, ""host_total"": 0.8508200103721134, ""host_user"": 0, ""remote_system"": 3.722082826124761, ""remote_total"": 4.537380613076834, ""remote_user"": 0.8153166073072664}, ""receiver_tcp_congestion"": ""cubic"", ""sender_tcp_congestion"": ""cubic"", ""streams"": [{""receiver"": {""bits_per_second"": 95515673.74195357, ""bytes"": 63438848, ""end"": 5.313377, ""seconds"": 5.000025, ""sender"": true, ""socket"": 5, ""start"": 0}, ""sender"": {""bits_per_second"": 101501649.29175355, ""bytes"": 63438848, ""end"": 5.000025, ""max_rtt"": 275075, ""max_snd_cwnd"": 4067432, ""max_snd_wnd"": 5430144, ""mean_rtt"": 222338, ""min_rtt"": 149082, ""retransmits"": 0, ""seconds"": 5.000025, ""sender"": true, ""socket"": 5, ""start"": 0}}], ""sum_received"": {""bits_per_second"": 95515673.74195357, ""bytes"": 63438848, ""end"": 5.313377, ""seconds"": 5.313377, ""sender"": true, ""start"": 0}, ""sum_sent"": {""bits_per_second"": 101501649.29175355, ""bytes"": 63438848, ""end"": 5.000025, ""retransmits"": 0, ""seconds"": 5.000025, ""sender"": true, ""start"": 0}}",5201,baseline_no_failure,baseline,0,,none,,,{},0.0,"{""h1"": ""SPF/csv/pcap/ring5/astar/baseline_no_failure/h1.pcap"", ""h10"": ""SPF/csv/pcap/ring5/astar/baseline_no_failure/h10.pcap"", ""h2"": ""SPF/csv/pcap/ring5/astar/baseline_no_failure/h2.pcap"", ""h3"": ""SPF/csv/pcap/ring5/astar/baseline_no_failure/h3.pcap"", ""h4"": ""SPF/csv/pcap/ring5/astar/baseline_no_failure/h4.pcap"", ""h5"": ""SPF/csv/pcap/ring5/astar/baseline_no_failure/h5.pcap"", ""h6"": ""SPF/csv/pcap/ring5/astar/baseline_no_failure/h6.pcap"", ""h7"": ""SPF/csv/pcap/ring5/astar/baseline_no_failure/h7.pcap"", ""h8"": ""SPF/csv/pcap/ring5/astar/baseline_no_failure/h8.pcap"", ""h9"": ""SPF/csv/pcap/ring5/astar/baseline_no_failure/h9.pcap""}",{},[],,,1,2,,,
2026-05-19T17:24:54.992583+00:00,live,ring5,,astar,0,h3,h7,s2,s4,success,0.035198,2,2,s2 -> s3 -> s4,"[""s2"", ""s3"", ""s4""]",100.0,50.0,95.12269335908005,iperf3,tcp,5,1,8290,6653,"{""cpu_utilization_percent"": {""host_system"": 0.7787103145216976, ""host_total"": 0.778750021342416, ""host_user"": 0, ""remote_system"": 4.865938299924982, ""remote_total"": 5.479530310351803, ""remote_user"": 0.6135543031285934}, ""receiver_tcp_congestion"": ""cubic"", ""sender_tcp_congestion"": ""cubic"", ""streams"": [{""receiver"": {""bits_per_second"": 95122693.35908005, ""bytes"": 63066096, ""end"": 5.303979, ""seconds"": 5.000138, ""sender"": true, ""socket"": 5, ""start"": 0}, ""sender"": {""bits_per_second"": 101079936.59375, ""bytes"": 63176704, ""end"": 5.000138, ""max_rtt"": 240040, ""max_snd_cwnd"": 3621448, ""max_snd_wnd"": 4791424, ""mean_rtt"": 181238, ""min_rtt"": 97262, ""retransmits"": 0, ""seconds"": 5.000138, ""sender"": true, ""socket"": 5, ""start"": 0}}], ""sum_received"": {""bits_per_second"": 95122693.35908005, ""bytes"": 63066096, ""end"": 5.303979, ""seconds"": 5.303979, ""sender"": true, ""start"": 0}, ""sum_sent"": {""bits_per_second"": 101079936.59375, ""bytes"": 63176704, ""end"": 5.000138, ""retransmits"": 0, ""seconds"": 5.000138, ""sender"": true, ""start"": 0}}",5201,baseline_no_failure,baseline,0,,none,,,{},0.0,"{""h1"": ""SPF/csv/pcap/ring5/astar/baseline_no_failure/h1.pcap"", ""h10"": ""SPF/csv/pcap/ring5/astar/baseline_no_failure/h10.pcap"", ""h2"": ""SPF/csv/pcap/ring5/astar/baseline_no_failure/h2.pcap"", ""h3"": ""SPF/csv/pcap/ring5/astar/baseline_no_failure/h3.pcap"", ""h4"": ""SPF/csv/pcap/ring5/astar/baseline_no_failure/h4.pcap"", ""h5"": ""SPF/csv/pcap/ring5/astar/baseline_no_failure/h5.pcap"", ""h6"": ""SPF/csv/pcap/ring5/astar/baseline_no_failure/h6.pcap"", ""h7"": ""SPF/csv/pcap/ring5/astar/baseline_no_failure/h7.pcap"", ""h8"": ""SPF/csv/pcap/ring5/astar/baseline_no_failure/h8.pcap"", ""h9"": ""SPF/csv/pcap/ring5/astar/baseline_no_failure/h9.pcap""}",{},[],,,1,1,,,
2026-05-19T17:25:01.072835+00:00,live,ring5,,astar,0,h3,h8,s2,s4,success,0.041166,2,2,s2 -> s3 -> s4,"[""s2"", ""s3"", ""s4""]",100.0,50.0,95.129047584088,iperf3,tcp,5,1,8290,6653,"{""cpu_utilization_percent"": {""host_system"": 0.39284313189951, ""host_total"": 0.544581448357029, ""host_user"": 0.1516787255491054, ""remote_system"": 2.04836662641535, ""remote_total"": 2.6728484675812068, ""remote_user"": 0.624462821800529}, ""receiver_tcp_congestion"": ""cubic"", ""sender_tcp_congestion"": ""cubic"", ""streams"": [{""receiver"": {""bits_per_second"": 95129047.584088, ""bytes"": 62520784, ""end"": 5.257766, ""seconds"": 5.000064, ""sender"": true, ""socket"": 5, ""start"": 0}, ""sender"": {""bits_per_second"": 100032869.97926426, ""bytes"": 62521344, ""end"": 5.000064, ""max_rtt"": 281232, ""max_snd_cwnd"": 3692400, ""max_snd_wnd"": 4791296, ""mean_rtt"": 194802, ""min_rtt"": 98945, ""retransmits"": 0, ""seconds"": 5.000064, ""sender"": true, ""socket"": 5, ""start"": 0}}], ""sum_received"": {""bits_per_second"": 95129047.584088, ""bytes"": 62520784, ""end"": 5.257766, ""seconds"": 5.257766, ""sender"": true, ""start"": 0}, ""sum_sent"": {""bits_per_second"": 100032869.97926426, ""bytes"": 62521344, ""end"": 5.000064, ""retransmits"": 0, ""seconds"": 5.000064, ""sender"": true, ""start"": 0}}",5201,baseline_no_failure,baseline,0,,none,,,{},0.0,"{""h1"": ""SPF/csv/pcap/ring5/astar/baseline_no_failure/h1.pcap"", ""h10"": ""SPF/csv/pcap/ring5/astar/baseline_no_failure/h10.pcap"", ""h2"": ""SPF/csv/pcap/ring5/astar/baseline_no_failure/h2.pcap"", ""h3"": ""SPF/csv/pcap/ring5/astar/baseline_no_failure/h3.pcap"", ""h4"": ""SPF/csv/pcap/ring5/astar/baseline_no_failure/h4.pcap"", ""h5"": ""SPF/csv/pcap/ring5/astar/baseline_no_failure/h5.pcap"", ""h6"": ""SPF/csv/pcap/ring5/astar/baseline_no_failure/h6.pcap"", ""h7"": ""SPF/csv/pcap/ring5/astar/baseline_no_failure/h7.pcap"", ""h8"": ""SPF/csv/pcap/ring5/astar/baseline_no_failure/h8.pcap"", ""h9"": ""SPF/csv/pcap/ring5/astar/baseline_no_failure/h9.pcap""}",{},[],,,1,2,,,
2026-05-19T17:25:09.935718+00:00,live,ring5,,astar,0,h3,h9,s2,s5,success,0.033816,2,2,s2 -> s1 -> s5,"[""s2"", ""s1"", ""s5""]",100.0,50.0,95.2450699914877,iperf3,tcp,5,1,8290,6653,"{""cpu_utilization_percent"": {""host_system"": 0.4839663665329479, ""host_total"": 0.4839663665329479, ""host_user"": 0, ""remote_system"": 1.6967103211283636, ""remote_total"": 2.2452508223490493, ""remote_user"": 0.5485405012206854}, ""receiver_tcp_congestion"": ""cubic"", ""sender_tcp_congestion"": ""cubic"", ""streams"": [{""receiver"": {""bits_per_second"": 95245069.9914877, ""bytes"": 63176424, ""end"": 5.306431, ""seconds"": 5.000073, ""sender"": true, ""socket"": 5, ""start"": 0}, ""sender"": {""bits_per_second"": 101081250.61374103, ""bytes"": 63176704, ""end"": 5.000073, ""max_rtt"": 240498, ""max_snd_cwnd"": 3753216, ""max_snd_wnd"": 4791296, ""mean_rtt"": 188009, ""min_rtt"": 107888, ""retransmits"": 0, ""seconds"": 5.000073, ""sender"": true, ""socket"": 5, ""start"": 0}}], ""sum_received"": {""bits_per_second"": 95245069.9914877, ""bytes"": 63176424, ""end"": 5.306431, ""seconds"": 5.306431, ""sender"": true, ""start"": 0}, ""sum_sent"": {""bits_per_second"": 101081250.61374103, ""bytes"": 63176704, ""end"": 5.000073, ""retransmits"": 0, ""seconds"": 5.000073, ""sender"": true, ""start"": 0}}",5201,baseline_no_failure,baseline,0,,none,,,{},0.0,"{""h1"": ""SPF/csv/pcap/ring5/astar/baseline_no_failure/h1.pcap"", ""h10"": ""SPF/csv/pcap/ring5/astar/baseline_no_failure/h10.pcap"", ""h2"": ""SPF/csv/pcap/ring5/astar/baseline_no_failure/h2.pcap"", ""h3"": ""SPF/csv/pcap/ring5/astar/baseline_no_failure/h3.pcap"", ""h4"": ""SPF/csv/pcap/ring5/astar/baseline_no_failure/h4.pcap"", ""h5"": ""SPF/csv/pcap/ring5/astar/baseline_no_failure/h5.pcap"", ""h6"": ""SPF/csv/pcap/ring5/astar/baseline_no_failure/h6.pcap"", ""h7"": ""SPF/csv/pcap/ring5/astar/baseline_no_failure/h7.pcap"", ""h8"": ""SPF/csv/pcap/ring5/astar/baseline_no_failure/h8.pcap"", ""h9"": ""SPF/csv/pcap/ring5/astar/baseline_no_failure/h9.pcap""}",{},[],,,1,1,,,
2026-05-19T17:25:16.009014+00:00,live,ring5,,astar,0,h4,h1,s2,s1,success,0.018894,1,1,s2 -> s1,"[""s2"", ""s1""]",100.0,100.0,95.5146086135835,iperf3,tcp,5,1,8290,6653,"{""cpu_utilization_percent"": {""host_system"": 0.4441868485706185, ""host_total"": 0.46616307957328257, ""host_user"": 0.02191645884218536, ""remote_system"": 1.506003888887944, ""remote_total"": 2.1599410524867584, ""remote_user"": 0.6538804687604826}, ""receiver_tcp_congestion"": ""cubic"", ""sender_tcp_congestion"": ""cubic"", ""streams"": [{""receiver"": {""bits_per_second"": 95514608.6135835, ""bytes"": 63176144, ""end"": 5.291433, ""seconds"": 5.000134, ""sender"": true, ""socket"": 5, ""start"": 0}, ""sender"": {""bits_per_second"": 101080017.4555322, ""bytes"": 63176704, ""end"": 5.000134, ""max_rtt"": 249484, ""max_snd_cwnd"": 4106528, ""max_snd_wnd"": 5430144, ""mean_rtt"": 210032, ""min_rtt"": 142875, ""retransmits"": 0, ""seconds"": 5.000134, ""sender"": true, ""socket"": 5, ""start"": 0}}], ""sum_received"": {""bits_per_second"": 95514608.6135835, ""bytes"": 63176144, ""end"": 5.291433, ""seconds"": 5.291433, ""sender"": true, ""start"": 0}, ""sum_sent"": {""bits_per_second"": 101080017.4555322, ""bytes"": 63176704, ""end"": 5.000134, ""retransmits"": 0, ""seconds"": 5.000134, ""sender"": true, ""start"": 0}}",5201,baseline_no_failure,baseline,0,,none,,,{},0.0,"{""h1"": ""SPF/csv/pcap/ring5/astar/baseline_no_failure/h1.pcap"", ""h10"": ""SPF/csv/pcap/ring5/astar/baseline_no_failure/h10.pcap"", ""h2"": ""SPF/csv/pcap/ring5/astar/baseline_no_failure/h2.pcap"", ""h3"": ""SPF/csv/pcap/ring5/astar/baseline_no_failure/h3.pcap"", ""h4"": ""SPF/csv/pcap/ring5/astar/baseline_no_failure/h4.pcap"", ""h5"": ""SPF/csv/pcap/ring5/astar/baseline_no_failure/h5.pcap"", ""h6"": ""SPF/csv/pcap/ring5/astar/baseline_no_failure/h6.pcap"", ""h7"": ""SPF/csv/pcap/ring5/astar/baseline_no_failure/h7.pcap"", ""h8"": ""SPF/csv/pcap/ring5/astar/baseline_no_failure/h8.pcap"", ""h9"": ""SPF/csv/pcap/ring5/astar/baseline_no_failure/h9.pcap""}",{},[],,,2,1,,,
2026-05-19T17:25:22.043478+00:00,live,ring5,,astar,0,h4,h10,s2,s5,success,0.02563,2,2,s2 -> s1 -> s5,"[""s2"", ""s1"", ""s5""]",100.0,50.0,95.2372537392703,iperf3,tcp,5,1,8290,6653,"{""cpu_utilization_percent"": {""host_system"": 0.5339920215122728, ""host_total"": 0.5339920215122728, ""host_user"": 0, ""remote_system"": 2.133561267273983, ""remote_total"": 2.5786284394490435, ""remote_user"": 0.44506717217505976}, ""receiver_tcp_congestion"": ""cubic"", ""sender_tcp_congestion"": ""cubic"", ""streams"": [{""receiver"": {""bits_per_second"": 95237253.7392703, ""bytes"": 63119728, ""end"": 5.302104, ""seconds"": 5.000048, ""sender"": true, ""socket"": 5, ""start"": 0}, ""sender"": {""bits_per_second"": 101501182.38864908, ""bytes"": 63438848, ""end"": 5.000048, ""max_rtt"": 277701, ""max_snd_cwnd"": 3601176, ""max_snd_wnd"": 4791296, ""mean_rtt"": 189106, ""min_rtt"": 95763, ""retransmits"": 0, ""seconds"": 5.000048, ""sender"": true, ""socket"": 5, ""start"": 0}}], ""sum_received"": {""bits_per_second"": 95237253.7392703, ""bytes"": 63119728, ""end"": 5.302104, ""seconds"": 5.302104, ""sender"": true, ""start"": 0}, ""sum_sent"": {""bits_per_second"": 101501182.38864908, ""bytes"": 63438848, ""end"": 5.000048, ""retransmits"": 0, ""seconds"": 5.000048, ""sender"": true, ""start"": 0}}",5201,baseline_no_failure,baseline,0,,none,,,{},0.0,"{""h1"": ""SPF/csv/pcap/ring5/astar/baseline_no_failure/h1.pcap"", ""h10"": ""SPF/csv/pcap/ring5/astar/baseline_no_failure/h10.pcap"", ""h2"": ""SPF/csv/pcap/ring5/astar/baseline_no_failure/h2.pcap"", ""h3"": ""SPF/csv/pcap/ring5/astar/baseline_no_failure/h3.pcap"", ""h4"": ""SPF/csv/pcap/ring5/astar/baseline_no_failure/h4.pcap"", ""h5"": ""SPF/csv/pcap/ring5/astar/baseline_no_failure/h5.pcap"", ""h6"": ""SPF/csv/pcap/ring5/astar/baseline_no_failure/h6.pcap"", ""h7"": ""SPF/csv/pcap/ring5/astar/baseline_no_failure/h7.pcap"", ""h8"": ""SPF/csv/pcap/ring5/astar/baseline_no_failure/h8.pcap"", ""h9"": ""SPF/csv/pcap/ring5/astar/baseline_no_failure/h9.pcap""}",{},[],,,2,2,,,
2026-05-19T17:25:28.132182+00:00,live,ring5,,astar,0,h4,h2,s2,s1,success,0.036201,1,1,s2 -> s1,"[""s2"", ""s1""]",100.0,100.0,95.51827107161954,iperf3,tcp,5,1,8290,6653,"{""cpu_utilization_percent"": {""host_system"": 0.456664050476395, ""host_total"": 0.456683980823817, ""host_user"": 0, ""remote_system"": 1.71052721849423, ""remote_total"": 2.206831284440945, ""remote_user"": 0.496285008846306}, ""receiver_tcp_congestion"": ""cubic"", ""sender_tcp_congestion"": ""cubic"", ""streams"": [{""receiver"": {""bits_per_second"": 95518271.07161954, ""bytes"": 62652416, ""end"": 5.247366, ""seconds"": 5.000042, ""sender"": true, ""socket"": 5, ""start"": 0}, ""sender"": {""bits_per_second"": 100243023.55860211, ""bytes"": 62652416, ""end"": 5.000042, ""max_rtt"": 292265, ""max_snd_cwnd"": 4123904, ""max_snd_wnd"": 5577472, ""mean_rtt"": 230551, ""min_rtt"": 146333, ""retransmits"": 0, ""seconds"": 5.000042, ""sender"": true, ""socket"": 5, ""start"": 0}}], ""sum_received"": {""bits_per_second"": 95518271.07161954, ""bytes"": 62652416, ""end"": 5.247366, ""seconds"": 5.247366, ""sender"": true, ""start"": 0}, ""sum_sent"": {""bits_per_second"": 100243023.55860211, ""bytes"": 62652416, ""end"": 5.000042, ""retransmits"": 0, ""seconds"": 5.000042, ""sender"": true, ""start"": 0}}",5201,baseline_no_failure,baseline,0,,none,,,{},0.0,"{""h1"": ""SPF/csv/pcap/ring5/astar/baseline_no_failure/h1.pcap"", ""h10"": ""SPF/csv/pcap/ring5/astar/baseline_no_failure/h10.pcap"", ""h2"": ""SPF/csv/pcap/ring5/astar/baseline_no_failure/h2.pcap"", ""h3"": ""SPF/csv/pcap/ring5/astar/baseline_no_failure/h3.pcap"", ""h4"": ""SPF/csv/pcap/ring5/astar/baseline_no_failure/h4.pcap"", ""h5"": ""SPF/csv/pcap/ring5/astar/baseline_no_failure/h5.pcap"", ""h6"": ""SPF/csv/pcap/ring5/astar/baseline_no_failure/h6.pcap"", ""h7"": ""SPF/csv/pcap/ring5/astar/baseline_no_failure/h7.pcap"", ""h8"": ""SPF/csv/pcap/ring5/astar/baseline_no_failure/h8.pcap"", ""h9"": ""SPF/csv/pcap/ring5/astar/baseline_no_failure/h9.pcap""}",{},[],,,2,2,,,
2026-05-19T17:25:34.119336+00:00,live,ring5,,astar,0,h4,h5,s2,s3,success,0.029926,1,1,s2 -> s3,"[""s2"", ""s3""]",100.0,100.0,95.51691584640595,iperf3,tcp,5,1,8290,6653,"{""cpu_utilization_percent"": {""host_system"": 0.2861410244554212, ""host_total"": 0.3776814385616934, ""host_user"": 0.0915404141062722, ""remote_system"": 1.6128042528895974, ""remote_total"": 1.8078134802391412, ""remote_user"": 0.19499017045250983}, ""receiver_tcp_congestion"": ""cubic"", ""sender_tcp_congestion"": ""cubic"", ""streams"": [{""receiver"": {""bits_per_second"": 95516915.84640595, ""bytes"": 62652136, ""end"": 5.247417, ""seconds"": 5.000159, ""sender"": true, ""socket"": 5, ""start"": 0}, ""sender"": {""bits_per_second"": 100240677.94644131, ""bytes"": 62652416, ""end"": 5.000159, ""max_rtt"": 292774, ""max_snd_cwnd"": 4123904, ""max_snd_wnd"": 5577472, ""mean_rtt"": 230677, ""min_rtt"": 146216, ""retransmits"": 0, ""seconds"": 5.000159, ""sender"": true, ""socket"": 5, ""start"": 0}}], ""sum_received"": {""bits_per_second"": 95516915.84640595, ""bytes"": 62652136, ""end"": 5.247417, ""seconds"": 5.247417, ""sender"": true, ""start"": 0}, ""sum_sent"": {""bits_per_second"": 100240677.94644131, ""bytes"": 62652416, ""end"": 5.000159, ""retransmits"": 0, ""seconds"": 5.000159, ""sender"": true, ""start"": 0}}",5201,baseline_no_failure,baseline,0,,none,,,{},0.0,"{""h1"": ""SPF/csv/pcap/ring5/astar/baseline_no_failure/h1.pcap"", ""h10"": ""SPF/csv/pcap/ring5/astar/baseline_no_failure/h10.pcap"", ""h2"": ""SPF/csv/pcap/ring5/astar/baseline_no_failure/h2.pcap"", ""h3"": ""SPF/csv/pcap/ring5/astar/baseline_no_failure/h3.pcap"", ""h4"": ""SPF/csv/pcap/ring5/astar/baseline_no_failure/h4.pcap"", ""h5"": ""SPF/csv/pcap/ring5/astar/baseline_no_failure/h5.pcap"", ""h6"": ""SPF/csv/pcap/ring5/astar/baseline_no_failure/h6.pcap"", ""h7"": ""SPF/csv/pcap/ring5/astar/baseline_no_failure/h7.pcap"", ""h8"": ""SPF/csv/pcap/ring5/astar/baseline_no_failure/h8.pcap"", ""h9"": ""SPF/csv/pcap/ring5/astar/baseline_no_failure/h9.pcap""}",{},[],,,2,1,,,
2026-05-19T17:25:43.077345+00:00,live,ring5,,astar,0,h4,h6,s2,s3,success,0.123434,1,1,s2 -> s3,"[""s2"", ""s3""]",100.0,100.0,95.50130302707925,iperf3,tcp,5,1,8290,6653,"{""cpu_utilization_percent"": {""host_system"": 0.3889533506749912, ""host_total"": 0.4724241766858858, ""host_user"": 0.0834708260108946, ""remote_system"": 1.1715747606480225, ""remote_total"": 1.4145382803394908, ""remote_user"": 0.24298265369049873}, ""receiver_tcp_congestion"": ""cubic"", ""sender_tcp_congestion"": ""cubic"", ""streams"": [{""receiver"": {""bits_per_second"": 95501303.02707924, ""bytes"": 62389712, ""end"": 5.226292, ""seconds"": 5.000105, ""sender"": true, ""socket"": 5, ""start"": 0}, ""sender"": {""bits_per_second"": 99822338.93088245, ""bytes"": 62390272, ""end"": 5.000105, ""max_rtt"": 309353, ""max_snd_cwnd"": 4068880, ""max_snd_wnd"": 5577472, ""mean_rtt"": 233268, ""min_rtt"": 143186, ""retransmits"": 0, ""seconds"": 5.000105, ""sender"": true, ""socket"": 5, ""start"": 0}}], ""sum_received"": {""bits_per_second"": 95501303.02707924, ""bytes"": 62389712, ""end"": 5.226292, ""seconds"": 5.226292, ""sender"": true, ""start"": 0}, ""sum_sent"": {""bits_per_second"": 99822338.93088245, ""bytes"": 62390272, ""end"": 5.000105, ""retransmits"": 0, ""seconds"": 5.000105, ""sender"": true, ""start"": 0}}",5201,baseline_no_failure,baseline,0,,none,,,{},0.0,"{""h1"": ""SPF/csv/pcap/ring5/astar/baseline_no_failure/h1.pcap"", ""h10"": ""SPF/csv/pcap/ring5/astar/baseline_no_failure/h10.pcap"", ""h2"": ""SPF/csv/pcap/ring5/astar/baseline_no_failure/h2.pcap"", ""h3"": ""SPF/csv/pcap/ring5/astar/baseline_no_failure/h3.pcap"", ""h4"": ""SPF/csv/pcap/ring5/astar/baseline_no_failure/h4.pcap"", ""h5"": ""SPF/csv/pcap/ring5/astar/baseline_no_failure/h5.pcap"", ""h6"": ""SPF/csv/pcap/ring5/astar/baseline_no_failure/h6.pcap"", ""h7"": ""SPF/csv/pcap/ring5/astar/baseline_no_failure/h7.pcap"", ""h8"": ""SPF/csv/pcap/ring5/astar/baseline_no_failure/h8.pcap"", ""h9"": ""SPF/csv/pcap/ring5/astar/baseline_no_failure/h9.pcap""}",{},[],,,2,2,,,
2026-05-19T17:25:49.047687+00:00,live,ring5,,astar,0,h4,h7,s2,s4,success,0.018838,2,2,s2 -> s3 -> s4,"[""s2"", ""s3"", ""s4""]",100.0,50.0,95.17775352639397,iperf3,tcp,5,1,8290,6653,"{""cpu_utilization_percent"": {""host_system"": 0.389875549658983, ""host_total"": 0.4643352254445932, ""host_user"": 0.0744398145757447, ""remote_system"": 0.9318868183030097, ""remote_total"": 1.2271412770129595, ""remote_user"": 0.29525445870994965}, ""receiver_tcp_congestion"": ""cubic"", ""sender_tcp_congestion"": ""cubic"", ""streams"": [{""receiver"": {""bits_per_second"": 95177753.52639396, ""bytes"": 62783208, ""end"": 5.277133, ""seconds"": 5.000058, ""sender"": true, ""socket"": 5, ""start"": 0}, ""sender"": {""bits_per_second"": 100452415.5519796, ""bytes"": 62783488, ""end"": 5.000058, ""max_rtt"": 261888, ""max_snd_cwnd"": 3595384, ""max_snd_wnd"": 4791296, ""mean_rtt"": 185652, ""min_rtt"": 95574, ""retransmits"": 0, ""seconds"": 5.000058, ""sender"": true, ""socket"": 5, ""start"": 0}}], ""sum_received"": {""bits_per_second"": 95177753.52639396, ""bytes"": 62783208, ""end"": 5.277133, ""seconds"": 5.277133, ""sender"": true, ""start"": 0}, ""sum_sent"": {""bits_per_second"": 100452415.5519796, ""bytes"": 62783488, ""end"": 5.000058, ""retransmits"": 0, ""seconds"": 5.000058, ""sender"": true, ""start"": 0}}",5201,baseline_no_failure,baseline,0,,none,,,{},0.0,"{""h1"": ""SPF/csv/pcap/ring5/astar/baseline_no_failure/h1.pcap"", ""h10"": ""SPF/csv/pcap/ring5/astar/baseline_no_failure/h10.pcap"", ""h2"": ""SPF/csv/pcap/ring5/astar/baseline_no_failure/h2.pcap"", ""h3"": ""SPF/csv/pcap/ring5/astar/baseline_no_failure/h3.pcap"", ""h4"": ""SPF/csv/pcap/ring5/astar/baseline_no_failure/h4.pcap"", ""h5"": ""SPF/csv/pcap/ring5/astar/baseline_no_failure/h5.pcap"", ""h6"": ""SPF/csv/pcap/ring5/astar/baseline_no_failure/h6.pcap"", ""h7"": ""SPF/csv/pcap/ring5/astar/baseline_no_failure/h7.pcap"", ""h8"": ""SPF/csv/pcap/ring5/astar/baseline_no_failure/h8.pcap"", ""h9"": ""SPF/csv/pcap/ring5/astar/baseline_no_failure/h9.pcap""}",{},[],,,2,1,,,
2026-05-19T17:25:55.091579+00:00,live,ring5,,astar,0,h4,h8,s2,s4,success,0.021551,2,2,s2 -> s3 -> s4,"[""s2"", ""s3"", ""s4""]",100.0,50.0,95.14396812037516,iperf3,tcp,5,1,8290,6653,"{""cpu_utilization_percent"": {""host_system"": 0.3687010019433338, ""host_total"": 0.4059306844500317, ""host_user"": 0.037189949654502986, ""remote_system"": 0.9135248166417513, ""remote_total"": 1.127647808873406, ""remote_user"": 0.2141229922316548}, ""receiver_tcp_congestion"": ""cubic"", ""sender_tcp_congestion"": ""cubic"", ""streams"": [{""receiver"": {""bits_per_second"": 95143968.12037516, ""bytes"": 63079880, ""end"": 5.303952, ""seconds"": 5.000067, ""sender"": true, ""socket"": 5, ""start"": 0}, ""sender"": {""bits_per_second"": 101291084.2994704, ""bytes"": 63307776, ""end"": 5.000067, ""max_rtt"": 256443, ""max_snd_cwnd"": 3630136, ""max_snd_wnd"": 4791296, ""mean_rtt"": 186998, ""min_rtt"": 98070, ""retransmits"": 0, ""seconds"": 5.000067, ""sender"": true, ""socket"": 5, ""start"": 0}}], ""sum_received"": {""bits_per_second"": 95143968.12037516, ""bytes"": 63079880, ""end"": 5.303952, ""seconds"": 5.303952, ""sender"": true, ""start"": 0}, ""sum_sent"": {""bits_per_second"": 101291084.2994704, ""bytes"": 63307776, ""end"": 5.000067, ""retransmits"": 0, ""seconds"": 5.000067, ""sender"": true, ""start"": 0}}",5201,baseline_no_failure,baseline,0,,none,,,{},0.0,"{""h1"": ""SPF/csv/pcap/ring5/astar/baseline_no_failure/h1.pcap"", ""h10"": ""SPF/csv/pcap/ring5/astar/baseline_no_failure/h10.pcap"", ""h2"": ""SPF/csv/pcap/ring5/astar/baseline_no_failure/h2.pcap"", ""h3"": ""SPF/csv/pcap/ring5/astar/baseline_no_failure/h3.pcap"", ""h4"": ""SPF/csv/pcap/ring5/astar/baseline_no_failure/h4.pcap"", ""h5"": ""SPF/csv/pcap/ring5/astar/baseline_no_failure/h5.pcap"", ""h6"": ""SPF/csv/pcap/ring5/astar/baseline_no_failure/h6.pcap"", ""h7"": ""SPF/csv/pcap/ring5/astar/baseline_no_failure/h7.pcap"", ""h8"": ""SPF/csv/pcap/ring5/astar/baseline_no_failure/h8.pcap"", ""h9"": ""SPF/csv/pcap/ring5/astar/baseline_no_failure/h9.pcap""}",{},[],,,2,2,,,
2026-05-19T17:26:01.172047+00:00,live,ring5,,astar,0,h4,h9,s2,s5,success,0.026705,2,2,s2 -> s1 -> s5,"[""s2"", ""s1"", ""s5""]",100.0,50.0,95.19533241151443,iperf3,tcp,5,1,8290,6653,"{""cpu_utilization_percent"": {""host_system"": 0.3104678694763353, ""host_total"": 0.4022810030261974, ""host_user"": 0.09179326487781064, ""remote_system"": 0.8651688323009052, ""remote_total"": 1.1868402676071859, ""remote_user"": 0.3216714353062807}, ""receiver_tcp_congestion"": ""cubic"", ""sender_tcp_congestion"": ""cubic"", ""streams"": [{""receiver"": {""bits_per_second"": 95195332.41151443, ""bytes"": 62520784, ""end"": 5.254105, ""seconds"": 5.000052, ""sender"": true, ""socket"": 5, ""start"": 0}, ""sender"": {""bits_per_second"": 100033110.05565542, ""bytes"": 62521344, ""end"": 5.000052, ""max_rtt"": 284803, ""max_snd_cwnd"": 3679368, ""max_snd_wnd"": 4791296, ""mean_rtt"": 195623, ""min_rtt"": 101962, ""retransmits"": 0, ""seconds"": 5.000052, ""sender"": true, ""socket"": 5, ""start"": 0}}], ""sum_received"": {""bits_per_second"": 95195332.41151443, ""bytes"": 62520784, ""end"": 5.254105, ""seconds"": 5.254105, ""sender"": true, ""start"": 0}, ""sum_sent"": {""bits_per_second"": 100033110.05565542, ""bytes"": 62521344, ""end"": 5.000052, ""retransmits"": 0, ""seconds"": 5.000052, ""sender"": true, ""start"": 0}}",5201,baseline_no_failure,baseline,0,,none,,,{},0.0,"{""h1"": ""SPF/csv/pcap/ring5/astar/baseline_no_failure/h1.pcap"", ""h10"": ""SPF/csv/pcap/ring5/astar/baseline_no_failure/h10.pcap"", ""h2"": ""SPF/csv/pcap/ring5/astar/baseline_no_failure/h2.pcap"", ""h3"": ""SPF/csv/pcap/ring5/astar/baseline_no_failure/h3.pcap"", ""h4"": ""SPF/csv/pcap/ring5/astar/baseline_no_failure/h4.pcap"", ""h5"": ""SPF/csv/pcap/ring5/astar/baseline_no_failure/h5.pcap"", ""h6"": ""SPF/csv/pcap/ring5/astar/baseline_no_failure/h6.pcap"", ""h7"": ""SPF/csv/pcap/ring5/astar/baseline_no_failure/h7.pcap"", ""h8"": ""SPF/csv/pcap/ring5/astar/baseline_no_failure/h8.pcap"", ""h9"": ""SPF/csv/pcap/ring5/astar/baseline_no_failure/h9.pcap""}",{},[],,,2,1,,,
2026-05-19T17:26:07.191684+00:00,live,ring5,,astar,0,h5,h1,s3,s1,success,0.019035,2,2,s3 -> s2 -> s1,"[""s3"", ""s2"", ""s1""]",100.0,50.0,95.05308145482365,iperf3,tcp,5,1,8290,6653,"{""cpu_utilization_percent"": {""host_system"": 0.4393838979109764, ""host_total"": 0.484797023376049, ""host_user"": 0.04541312546507268, ""remote_system"": 1.2895693540719428, ""remote_total"": 1.2895693540719428, ""remote_user"": 0}, ""receiver_tcp_congestion"": ""cubic"", ""sender_tcp_congestion"": ""cubic"", ""streams"": [{""receiver"": {""bits_per_second"": 95053081.45482366, ""bytes"": 62557736, ""end"": 5.265078, ""seconds"": 5.00006, ""sender"": true, ""socket"": 5, ""start"": 0}, ""sender"": {""bits_per_second"": 100242662.68804774, ""bytes"": 62652416, ""end"": 5.00006, ""max_rtt"": 250756, ""max_snd_cwnd"": 3162432, ""max_snd_wnd"": 4791296, ""mean_rtt"": 156084, ""min_rtt"": 61011, ""retransmits"": 0, ""seconds"": 5.00006, ""sender"": true, ""socket"": 5, ""start"": 0}}], ""sum_received"": {""bits_per_second"": 95053081.45482366, ""bytes"": 62557736, ""end"": 5.265078, ""seconds"": 5.265078, ""sender"": true, ""start"": 0}, ""sum_sent"": {""bits_per_second"": 100242662.68804774, ""bytes"": 62652416, ""end"": 5.00006, ""retransmits"": 0, ""seconds"": 5.00006, ""sender"": true, ""start"": 0}}",5201,baseline_no_failure,baseline,0,,none,,,{},0.0,"{""h1"": ""SPF/csv/pcap/ring5/astar/baseline_no_failure/h1.pcap"", ""h10"": ""SPF/csv/pcap/ring5/astar/baseline_no_failure/h10.pcap"", ""h2"": ""SPF/csv/pcap/ring5/astar/baseline_no_failure/h2.pcap"", ""h3"": ""SPF/csv/pcap/ring5/astar/baseline_no_failure/h3.pcap"", ""h4"": ""SPF/csv/pcap/ring5/astar/baseline_no_failure/h4.pcap"", ""h5"": ""SPF/csv/pcap/ring5/astar/baseline_no_failure/h5.pcap"", ""h6"": ""SPF/csv/pcap/ring5/astar/baseline_no_failure/h6.pcap"", ""h7"": ""SPF/csv/pcap/ring5/astar/baseline_no_failure/h7.pcap"", ""h8"": ""SPF/csv/pcap/ring5/astar/baseline_no_failure/h8.pcap"", ""h9"": ""SPF/csv/pcap/ring5/astar/baseline_no_failure/h9.pcap""}",{},[],,,1,1,,,
2026-05-19T17:26:16.108120+00:00,live,ring5,,astar,0,h5,h10,s3,s5,success,0.020202,2,2,s3 -> s4 -> s5,"[""s3"", ""s4"", ""s5""]",100.0,50.0,95.17035130811583,iperf3,tcp,5,1,8290,6653,"{""cpu_utilization_percent"": {""host_system"": 0.3317945386583211, ""host_total"": 0.45425504613704576, ""host_user"": 0.12244065974655637, ""remote_system"": 1.063843211052353, ""remote_total"": 1.4038428833509018, ""remote_user"": 0.33998083888181485}, ""receiver_tcp_congestion"": ""cubic"", ""sender_tcp_congestion"": ""cubic"", ""streams"": [{""receiver"": {""bits_per_second"": 95170351.30811583, ""bytes"": 63165728, ""end"": 5.309698, ""seconds"": 5.00008, ""sender"": true, ""socket"": 5, ""start"": 0}, ""sender"": {""bits_per_second"": 101081109.10225438, ""bytes"": 63176704, ""end"": 5.00008, ""max_rtt"": 237626, ""max_snd_cwnd"": 3689504, ""max_snd_wnd"": 4791296, ""mean_rtt"": 184442, ""min_rtt"": 102385, ""retransmits"": 0, ""seconds"": 5.00008, ""sender"": true, ""socket"": 5, ""start"": 0}}], ""sum_received"": {""bits_per_second"": 95170351.30811583, ""bytes"": 63165728, ""end"": 5.309698, ""seconds"": 5.309698, ""sender"": true, ""start"": 0}, ""sum_sent"": {""bits_per_second"": 101081109.10225438, ""bytes"": 63176704, ""end"": 5.00008, ""retransmits"": 0, ""seconds"": 5.00008, ""sender"": true, ""start"": 0}}",5201,baseline_no_failure,baseline,0,,none,,,{},0.0,"{""h1"": ""SPF/csv/pcap/ring5/astar/baseline_no_failure/h1.pcap"", ""h10"": ""SPF/csv/pcap/ring5/astar/baseline_no_failure/h10.pcap"", ""h2"": ""SPF/csv/pcap/ring5/astar/baseline_no_failure/h2.pcap"", ""h3"": ""SPF/csv/pcap/ring5/astar/baseline_no_failure/h3.pcap"", ""h4"": ""SPF/csv/pcap/ring5/astar/baseline_no_failure/h4.pcap"", ""h5"": ""SPF/csv/pcap/ring5/astar/baseline_no_failure/h5.pcap"", ""h6"": ""SPF/csv/pcap/ring5/astar/baseline_no_failure/h6.pcap"", ""h7"": ""SPF/csv/pcap/ring5/astar/baseline_no_failure/h7.pcap"", ""h8"": ""SPF/csv/pcap/ring5/astar/baseline_no_failure/h8.pcap"", ""h9"": ""SPF/csv/pcap/ring5/astar/baseline_no_failure/h9.pcap""}",{},[],,,1,2,,,
2026-05-19T17:26:22.187834+00:00,live,ring5,,astar,0,h5,h2,s3,s1,success,0.020042,2,2,s3 -> s2 -> s1,"[""s3"", ""s2"", ""s1""]",100.0,50.0,95.09455033752788,iperf3,tcp,5,1,8290,6653,"{""cpu_utilization_percent"": {""host_system"": 0.3052680394058837, ""host_total"": 0.3745116684952813, ""host_user"": 0.0692237600423131, ""remote_system"": 1.0529499745278539, ""remote_total"": 1.1366102621134153, ""remote_user"": 0.08367927539481827}, ""receiver_tcp_congestion"": ""cubic"", ""sender_tcp_congestion"": ""cubic"", ""streams"": [{""receiver"": {""bits_per_second"": 95094550.33752787, ""bytes"": 62602264, ""end"": 5.266528, ""seconds"": 5.000072, ""sender"": true, ""socket"": 5, ""start"": 0}, ""sender"": {""bits_per_second"": 100871558.64955544, ""bytes"": 63045632, ""end"": 5.000072, ""max_rtt"": 237315, ""max_snd_cwnd"": 3185600, ""max_snd_wnd"": 4791296, ""mean_rtt"": 154859, ""min_rtt"": 62993, ""retransmits"": 0, ""seconds"": 5.000072, ""sender"": true, ""socket"": 5, ""start"": 0}}], ""sum_received"": {""bits_per_second"": 95094550.33752787, ""bytes"": 62602264, ""end"": 5.266528, ""seconds"": 5.266528, ""sender"": true, ""start"": 0}, ""sum_sent"": {""bits_per_second"": 100871558.64955544, ""bytes"": 63045632, ""end"": 5.000072, ""retransmits"": 0, ""seconds"": 5.000072, ""sender"": true, ""start"": 0}}",5201,baseline_no_failure,baseline,0,,none,,,{},0.0,"{""h1"": ""SPF/csv/pcap/ring5/astar/baseline_no_failure/h1.pcap"", ""h10"": ""SPF/csv/pcap/ring5/astar/baseline_no_failure/h10.pcap"", ""h2"": ""SPF/csv/pcap/ring5/astar/baseline_no_failure/h2.pcap"", ""h3"": ""SPF/csv/pcap/ring5/astar/baseline_no_failure/h3.pcap"", ""h4"": ""SPF/csv/pcap/ring5/astar/baseline_no_failure/h4.pcap"", ""h5"": ""SPF/csv/pcap/ring5/astar/baseline_no_failure/h5.pcap"", ""h6"": ""SPF/csv/pcap/ring5/astar/baseline_no_failure/h6.pcap"", ""h7"": ""SPF/csv/pcap/ring5/astar/baseline_no_failure/h7.pcap"", ""h8"": ""SPF/csv/pcap/ring5/astar/baseline_no_failure/h8.pcap"", ""h9"": ""SPF/csv/pcap/ring5/astar/baseline_no_failure/h9.pcap""}",{},[],,,1,2,,,
2026-05-19T17:26:28.254029+00:00,live,ring5,,astar,0,h5,h3,s3,s2,success,0.014874,1,1,s3 -> s2,"[""s3"", ""s2""]",100.0,100.0,95.5214485223267,iperf3,tcp,5,1,8290,6653,"{""cpu_utilization_percent"": {""host_system"": 0.38485121026705765, ""host_total"": 0.38485121026705765, ""host_user"": 0, ""remote_system"": 1.410625179977729, ""remote_total"": 1.7277671403118287, ""remote_user"": 0.31714196033409964}, ""receiver_tcp_congestion"": ""cubic"", ""sender_tcp_congestion"": ""cubic"", ""streams"": [{""receiver"": {""bits_per_second"": 95521448.5223267, ""bytes"": 62652136, ""end"": 5.247168, ""seconds"": 5.000105, ""sender"": true, ""socket"": 5, ""start"": 0}, ""sender"": {""bits_per_second"": 100241760.52302903, ""bytes"": 62652416, ""end"": 5.000105, ""max_rtt"": 292590, ""max_snd_cwnd"": 4123904, ""max_snd_wnd"": 5577472, ""mean_rtt"": 230630, ""min_rtt"": 146307, ""retransmits"": 0, ""seconds"": 5.000105, ""sender"": true, ""socket"": 5, ""start"": 0}}], ""sum_received"": {""bits_per_second"": 95521448.5223267, ""bytes"": 62652136, ""end"": 5.247168, ""seconds"": 5.247168, ""sender"": true, ""start"": 0}, ""sum_sent"": {""bits_per_second"": 100241760.52302903, ""bytes"": 62652416, ""end"": 5.000105, ""retransmits"": 0, ""seconds"": 5.000105, ""sender"": true, ""start"": 0}}",5201,baseline_no_failure,baseline,0,,none,,,{},0.0,"{""h1"": ""SPF/csv/pcap/ring5/astar/baseline_no_failure/h1.pcap"", ""h10"": ""SPF/csv/pcap/ring5/astar/baseline_no_failure/h10.pcap"", ""h2"": ""SPF/csv/pcap/ring5/astar/baseline_no_failure/h2.pcap"", ""h3"": ""SPF/csv/pcap/ring5/astar/baseline_no_failure/h3.pcap"", ""h4"": ""SPF/csv/pcap/ring5/astar/baseline_no_failure/h4.pcap"", ""h5"": ""SPF/csv/pcap/ring5/astar/baseline_no_failure/h5.pcap"", ""h6"": ""SPF/csv/pcap/ring5/astar/baseline_no_failure/h6.pcap"", ""h7"": ""SPF/csv/pcap/ring5/astar/baseline_no_failure/h7.pcap"", ""h8"": ""SPF/csv/pcap/ring5/astar/baseline_no_failure/h8.pcap"", ""h9"": ""SPF/csv/pcap/ring5/astar/baseline_no_failure/h9.pcap""}",{},[],,,1,1,,,
2026-05-19T17:26:34.239883+00:00,live,ring5,,astar,0,h5,h4,s3,s2,success,0.027434,1,1,s3 -> s2,"[""s3"", ""s2""]",100.0,100.0,95.52101387937046,iperf3,tcp,5,1,8290,6653,"{""cpu_utilization_percent"": {""host_system"": 0.3044545362310665, ""host_total"": 0.3044545362310665, ""host_user"": 0, ""remote_system"": 1.4691942674458327, ""remote_total"": 1.4691942674458327, ""remote_user"": 0}, ""receiver_tcp_congestion"": ""cubic"", ""sender_tcp_congestion"": ""cubic"", ""streams"": [{""receiver"": {""bits_per_second"": 95521013.87937045, ""bytes"": 62389992, ""end"": 5.225237, ""seconds"": 5.000037, ""sender"": true, ""socket"": 5, ""start"": 0}, ""sender"": {""bits_per_second"": 99823696.50464587, ""bytes"": 62390272, ""end"": 5.000037, ""max_rtt"": 313246, ""max_snd_cwnd"": 4002272, ""max_snd_wnd"": 5577856, ""mean_rtt"": 221793, ""min_rtt"": 127646, ""retransmits"": 0, ""seconds"": 5.000037, ""sender"": true, ""socket"": 5, ""start"": 0}}], ""sum_received"": {""bits_per_second"": 95521013.87937045, ""bytes"": 62389992, ""end"": 5.225237, ""seconds"": 5.225237, ""sender"": true, ""start"": 0}, ""sum_sent"": {""bits_per_second"": 99823696.50464587, ""bytes"": 62390272, ""end"": 5.000037, ""retransmits"": 0, ""seconds"": 5.000037, ""sender"": true, ""start"": 0}}",5201,baseline_no_failure,baseline,0,,none,,,{},0.0,"{""h1"": ""SPF/csv/pcap/ring5/astar/baseline_no_failure/h1.pcap"", ""h10"": ""SPF/csv/pcap/ring5/astar/baseline_no_failure/h10.pcap"", ""h2"": ""SPF/csv/pcap/ring5/astar/baseline_no_failure/h2.pcap"", ""h3"": ""SPF/csv/pcap/ring5/astar/baseline_no_failure/h3.pcap"", ""h4"": ""SPF/csv/pcap/ring5/astar/baseline_no_failure/h4.pcap"", ""h5"": ""SPF/csv/pcap/ring5/astar/baseline_no_failure/h5.pcap"", ""h6"": ""SPF/csv/pcap/ring5/astar/baseline_no_failure/h6.pcap"", ""h7"": ""SPF/csv/pcap/ring5/astar/baseline_no_failure/h7.pcap"", ""h8"": ""SPF/csv/pcap/ring5/astar/baseline_no_failure/h8.pcap"", ""h9"": ""SPF/csv/pcap/ring5/astar/baseline_no_failure/h9.pcap""}",{},[],,,1,2,,,
2026-05-19T17:26:40.201654+00:00,live,ring5,,astar,0,h5,h7,s3,s4,success,0.021093,1,1,s3 -> s4,"[""s3"", ""s4""]",100.0,100.0,95.52060292830964,iperf3,tcp,5,1,8290,6653,"{""cpu_utilization_percent"": {""host_system"": 0.3181988240356915, ""host_total"": 0.3181988240356915, ""host_user"": 0, ""remote_system"": 1.345229435305512, ""remote_total"": 1.402783841848114, ""remote_user"": 0.05755440654260199}, ""receiver_tcp_congestion"": ""cubic"", ""sender_tcp_congestion"": ""cubic"", ""streams"": [{""receiver"": {""bits_per_second"": 95520602.92830965, ""bytes"": 62651856, ""end"": 5.247191, ""seconds"": 5.000019, ""sender"": true, ""socket"": 5, ""start"": 0}, ""sender"": {""bits_per_second"": 100243484.67475824, ""bytes"": 62652416, ""end"": 5.000019, ""max_rtt"": 293551, ""max_snd_cwnd"": 4097840, ""max_snd_wnd"": 5577472, ""mean_rtt"": 229451, ""min_rtt"": 144349, ""retransmits"": 0, ""seconds"": 5.000019, ""sender"": true, ""socket"": 5, ""start"": 0}}], ""sum_received"": {""bits_per_second"": 95520602.92830965, ""bytes"": 62651856, ""end"": 5.247191, ""seconds"": 5.247191, ""sender"": true, ""start"": 0}, ""sum_sent"": {""bits_per_second"": 100243484.67475824, ""bytes"": 62652416, ""end"": 5.000019, ""retransmits"": 0, ""seconds"": 5.000019, ""sender"": true, ""start"": 0}}",5201,baseline_no_failure,baseline,0,,none,,,{},0.0,"{""h1"": ""SPF/csv/pcap/ring5/astar/baseline_no_failure/h1.pcap"", ""h10"": ""SPF/csv/pcap/ring5/astar/baseline_no_failure/h10.pcap"", ""h2"": ""SPF/csv/pcap/ring5/astar/baseline_no_failure/h2.pcap"", ""h3"": ""SPF/csv/pcap/ring5/astar/baseline_no_failure/h3.pcap"", ""h4"": ""SPF/csv/pcap/ring5/astar/baseline_no_failure/h4.pcap"", ""h5"": ""SPF/csv/pcap/ring5/astar/baseline_no_failure/h5.pcap"", ""h6"": ""SPF/csv/pcap/ring5/astar/baseline_no_failure/h6.pcap"", ""h7"": ""SPF/csv/pcap/ring5/astar/baseline_no_failure/h7.pcap"", ""h8"": ""SPF/csv/pcap/ring5/astar/baseline_no_failure/h8.pcap"", ""h9"": ""SPF/csv/pcap/ring5/astar/baseline_no_failure/h9.pcap""}",{},[],,,1,1,,,
2026-05-19T17:26:49.166015+00:00,live,ring5,,astar,0,h5,h8,s3,s4,success,0.020388,1,1,s3 -> s4,"[""s3"", ""s4""]",100.0,100.0,95.46306613438036,iperf3,tcp,5,1,8290,6653,"{""cpu_utilization_percent"": {""host_system"": 0.35507129232754586, ""host_total"": 0.3550912255949532, ""host_user"": 0, ""remote_system"": 1.3938631766691691, ""remote_total"": 1.5249006603516457, ""remote_user"": 0.13103748368247653}, ""receiver_tcp_congestion"": ""cubic"", ""sender_tcp_congestion"": ""cubic"", ""streams"": [{""receiver"": {""bits_per_second"": 95463066.13438036, ""bytes"": 62388264, ""end"": 5.228264, ""seconds"": 5.000025, ""sender"": true, ""socket"": 5, ""start"": 0}, ""sender"": {""bits_per_second"": 99823936.0803196, ""bytes"": 62390272, ""end"": 5.000025, ""max_rtt"": 314695, ""max_snd_cwnd"": 4121008, ""max_snd_wnd"": 5577472, ""mean_rtt"": 233518, ""min_rtt"": 142132, ""retransmits"": 0, ""seconds"": 5.000025, ""sender"": true, ""socket"": 5, ""start"": 0}}], ""sum_received"": {""bits_per_second"": 95463066.13438036, ""bytes"": 62388264, ""end"": 5.228264, ""seconds"": 5.228264, ""sender"": true, ""start"": 0}, ""sum_sent"": {""bits_per_second"": 99823936.0803196, ""bytes"": 62390272, ""end"": 5.000025, ""retransmits"": 0, ""seconds"": 5.000025, ""sender"": true, ""start"": 0}}",5201,baseline_no_failure,baseline,0,,none,,,{},0.0,"{""h1"": ""SPF/csv/pcap/ring5/astar/baseline_no_failure/h1.pcap"", ""h10"": ""SPF/csv/pcap/ring5/astar/baseline_no_failure/h10.pcap"", ""h2"": ""SPF/csv/pcap/ring5/astar/baseline_no_failure/h2.pcap"", ""h3"": ""SPF/csv/pcap/ring5/astar/baseline_no_failure/h3.pcap"", ""h4"": ""SPF/csv/pcap/ring5/astar/baseline_no_failure/h4.pcap"", ""h5"": ""SPF/csv/pcap/ring5/astar/baseline_no_failure/h5.pcap"", ""h6"": ""SPF/csv/pcap/ring5/astar/baseline_no_failure/h6.pcap"", ""h7"": ""SPF/csv/pcap/ring5/astar/baseline_no_failure/h7.pcap"", ""h8"": ""SPF/csv/pcap/ring5/astar/baseline_no_failure/h8.pcap"", ""h9"": ""SPF/csv/pcap/ring5/astar/baseline_no_failure/h9.pcap""}",{},[],,,1,2,,,
2026-05-19T17:26:55.131033+00:00,live,ring5,,astar,0,h5,h9,s3,s5,success,0.01875,2,2,s3 -> s4 -> s5,"[""s3"", ""s4"", ""s5""]",100.0,50.0,95.1751119842844,iperf3,tcp,5,1,8290,6653,"{""cpu_utilization_percent"": {""host_system"": 0.47140849436234733, ""host_total"": 0.5252468966020883, ""host_user"": 0.05383840223974103, ""remote_system"": 1.1196044954721251, ""remote_total"": 1.2456725111846756, ""remote_user"": 0.12604906666464544}, ""receiver_tcp_congestion"": ""cubic"", ""sender_tcp_congestion"": ""cubic"", ""streams"": [{""receiver"": {""bits_per_second"": 95175111.9842844, ""bytes"": 62783488, ""end"": 5.277303, ""seconds"": 5.000081, ""sender"": true, ""socket"": 5, ""start"": 0}, ""sender"": {""bits_per_second"": 100451953.47835365, ""bytes"": 62783488, ""end"": 5.000081, ""max_rtt"": 261951, ""max_snd_cwnd"": 3595384, ""max_snd_wnd"": 4791296, ""mean_rtt"": 185408, ""min_rtt"": 95554, ""retransmits"": 0, ""seconds"": 5.000081, ""sender"": true, ""socket"": 5, ""start"": 0}}], ""sum_received"": {""bits_per_second"": 95175111.9842844, ""bytes"": 62783488, ""end"": 5.277303, ""seconds"": 5.277303, ""sender"": true, ""start"": 0}, ""sum_sent"": {""bits_per_second"": 100451953.47835365, ""bytes"": 62783488, ""end"": 5.000081, ""retransmits"": 0, ""seconds"": 5.000081, ""sender"": true, ""start"": 0}}",5201,baseline_no_failure,baseline,0,,none,,,{},0.0,"{""h1"": ""SPF/csv/pcap/ring5/astar/baseline_no_failure/h1.pcap"", ""h10"": ""SPF/csv/pcap/ring5/astar/baseline_no_failure/h10.pcap"", ""h2"": ""SPF/csv/pcap/ring5/astar/baseline_no_failure/h2.pcap"", ""h3"": ""SPF/csv/pcap/ring5/astar/baseline_no_failure/h3.pcap"", ""h4"": ""SPF/csv/pcap/ring5/astar/baseline_no_failure/h4.pcap"", ""h5"": ""SPF/csv/pcap/ring5/astar/baseline_no_failure/h5.pcap"", ""h6"": ""SPF/csv/pcap/ring5/astar/baseline_no_failure/h6.pcap"", ""h7"": ""SPF/csv/pcap/ring5/astar/baseline_no_failure/h7.pcap"", ""h8"": ""SPF/csv/pcap/ring5/astar/baseline_no_failure/h8.pcap"", ""h9"": ""SPF/csv/pcap/ring5/astar/baseline_no_failure/h9.pcap""}",{},[],,,1,1,,,
2026-05-19T17:27:01.181748+00:00,live,ring5,,astar,0,h6,h1,s3,s1,success,0.020352,2,2,s3 -> s2 -> s1,"[""s3"", ""s2"", ""s1""]",100.0,50.0,95.13005860694919,iperf3,tcp,5,1,8290,6653,"{""cpu_utilization_percent"": {""host_system"": 0.1949803052605142, ""host_total"": 0.38560916989613764, ""host_user"": 0.1905891254518345, ""remote_system"": 1.2492466021758128, ""remote_total"": 1.2492654371214176, ""remote_user"": 0}, ""receiver_tcp_congestion"": ""cubic"", ""sender_tcp_congestion"": ""cubic"", ""streams"": [{""receiver"": {""bits_per_second"": 95130058.6069492, ""bytes"": 63133872, ""end"": 5.309268, ""seconds"": 5.000077, ""sender"": true, ""socket"": 5, ""start"": 0}, ""sender"": {""bits_per_second"": 101081169.74998584, ""bytes"": 63176704, ""end"": 5.000077, ""max_rtt"": 237818, ""max_snd_cwnd"": 3688056, ""max_snd_wnd"": 4791296, ""mean_rtt"": 185079, ""min_rtt"": 102414, ""retransmits"": 0, ""seconds"": 5.000077, ""sender"": true, ""socket"": 5, ""start"": 0}}], ""sum_received"": {""bits_per_second"": 95130058.6069492, ""bytes"": 63133872, ""end"": 5.309268, ""seconds"": 5.309268, ""sender"": true, ""start"": 0}, ""sum_sent"": {""bits_per_second"": 101081169.74998584, ""bytes"": 63176704, ""end"": 5.000077, ""retransmits"": 0, ""seconds"": 5.000077, ""sender"": true, ""start"": 0}}",5201,baseline_no_failure,baseline,0,,none,,,{},0.0,"{""h1"": ""SPF/csv/pcap/ring5/astar/baseline_no_failure/h1.pcap"", ""h10"": ""SPF/csv/pcap/ring5/astar/baseline_no_failure/h10.pcap"", ""h2"": ""SPF/csv/pcap/ring5/astar/baseline_no_failure/h2.pcap"", ""h3"": ""SPF/csv/pcap/ring5/astar/baseline_no_failure/h3.pcap"", ""h4"": ""SPF/csv/pcap/ring5/astar/baseline_no_failure/h4.pcap"", ""h5"": ""SPF/csv/pcap/ring5/astar/baseline_no_failure/h5.pcap"", ""h6"": ""SPF/csv/pcap/ring5/astar/baseline_no_failure/h6.pcap"", ""h7"": ""SPF/csv/pcap/ring5/astar/baseline_no_failure/h7.pcap"", ""h8"": ""SPF/csv/pcap/ring5/astar/baseline_no_failure/h8.pcap"", ""h9"": ""SPF/csv/pcap/ring5/astar/baseline_no_failure/h9.pcap""}",{},[],,,2,1,,,
2026-05-19T17:27:07.255102+00:00,live,ring5,,astar,0,h6,h10,s3,s5,success,0.018055,2,2,s3 -> s4 -> s5,"[""s3"", ""s4"", ""s5""]",100.0,50.0,95.18867178634825,iperf3,tcp,5,1,8290,6653,"{""cpu_utilization_percent"": {""host_system"": 0.4136171081103453, ""host_total"": 0.4136171081103453, ""host_user"": 0, ""remote_system"": 1.1044370151102263, ""remote_total"": 1.2370274652453874, ""remote_user"": 0.13259045013516127}, ""receiver_tcp_congestion"": ""cubic"", ""sender_tcp_congestion"": ""cubic"", ""streams"": [{""receiver"": {""bits_per_second"": 95188671.78634825, ""bytes"": 63176424, ""end"": 5.309575, ""seconds"": 5.000106, ""sender"": true, ""socket"": 5, ""start"": 0}, ""sender"": {""bits_per_second"": 101080583.49163, ""bytes"": 63176704, ""end"": 5.000106, ""max_rtt"": 241014, ""max_snd_cwnd"": 3751768, ""max_snd_wnd"": 4791296, ""mean_rtt"": 188789, ""min_rtt"": 107762, ""retransmits"": 0, ""seconds"": 5.000106, ""sender"": true, ""socket"": 5, ""start"": 0}}], ""sum_received"": {""bits_per_second"": 95188671.78634825, ""bytes"": 63176424, ""end"": 5.309575, ""seconds"": 5.309575, ""sender"": true, ""start"": 0}, ""sum_sent"": {""bits_per_second"": 101080583.49163, ""bytes"": 63176704, ""end"": 5.000106, ""retransmits"": 0, ""seconds"": 5.000106, ""sender"": true, ""start"": 0}}",5201,baseline_no_failure,baseline,0,,none,,,{},0.0,"{""h1"": ""SPF/csv/pcap/ring5/astar/baseline_no_failure/h1.pcap"", ""h10"": ""SPF/csv/pcap/ring5/astar/baseline_no_failure/h10.pcap"", ""h2"": ""SPF/csv/pcap/ring5/astar/baseline_no_failure/h2.pcap"", ""h3"": ""SPF/csv/pcap/ring5/astar/baseline_no_failure/h3.pcap"", ""h4"": ""SPF/csv/pcap/ring5/astar/baseline_no_failure/h4.pcap"", ""h5"": ""SPF/csv/pcap/ring5/astar/baseline_no_failure/h5.pcap"", ""h6"": ""SPF/csv/pcap/ring5/astar/baseline_no_failure/h6.pcap"", ""h7"": ""SPF/csv/pcap/ring5/astar/baseline_no_failure/h7.pcap"", ""h8"": ""SPF/csv/pcap/ring5/astar/baseline_no_failure/h8.pcap"", ""h9"": ""SPF/csv/pcap/ring5/astar/baseline_no_failure/h9.pcap""}",{},[],,,2,2,,,
2026-05-19T17:27:13.333615+00:00,live,ring5,,astar,0,h6,h2,s3,s1,success,0.023519,2,2,s3 -> s2 -> s1,"[""s3"", ""s2"", ""s1""]",100.0,50.0,95.17899179207984,iperf3,tcp,5,1,8290,6653,"{""cpu_utilization_percent"": {""host_system"": 0.4378159666929258, ""host_total"": 0.4378159666929258, ""host_user"": 0, ""remote_system"": 1.0697672579205733, ""remote_total"": 1.4431104943441089, ""remote_user"": 0.3733432364235356}, ""receiver_tcp_congestion"": ""cubic"", ""sender_tcp_congestion"": ""cubic"", ""streams"": [{""receiver"": {""bits_per_second"": 95178991.79207984, ""bytes"": 63176424, ""end"": 5.310115, ""seconds"": 5.000074, ""sender"": true, ""socket"": 5, ""start"": 0}, ""sender"": {""bits_per_second"": 101081230.39779012, ""bytes"": 63176704, ""end"": 5.000074, ""max_rtt"": 240679, ""max_snd_cwnd"": 3751768, ""max_snd_wnd"": 4791296, ""mean_rtt"": 188647, ""min_rtt"": 107773, ""retransmits"": 0, ""seconds"": 5.000074, ""sender"": true, ""socket"": 5, ""start"": 0}}], ""sum_received"": {""bits_per_second"": 95178991.79207984, ""bytes"": 63176424, ""end"": 5.310115, ""seconds"": 5.310115, ""sender"": true, ""start"": 0}, ""sum_sent"": {""bits_per_second"": 101081230.39779012, ""bytes"": 63176704, ""end"": 5.000074, ""retransmits"": 0, ""seconds"": 5.000074, ""sender"": true, ""start"": 0}}",5201,baseline_no_failure,baseline,0,,none,,,{},0.0,"{""h1"": ""SPF/csv/pcap/ring5/astar/baseline_no_failure/h1.pcap"", ""h10"": ""SPF/csv/pcap/ring5/astar/baseline_no_failure/h10.pcap"", ""h2"": ""SPF/csv/pcap/ring5/astar/baseline_no_failure/h2.pcap"", ""h3"": ""SPF/csv/pcap/ring5/astar/baseline_no_failure/h3.pcap"", ""h4"": ""SPF/csv/pcap/ring5/astar/baseline_no_failure/h4.pcap"", ""h5"": ""SPF/csv/pcap/ring5/astar/baseline_no_failure/h5.pcap"", ""h6"": ""SPF/csv/pcap/ring5/astar/baseline_no_failure/h6.pcap"", ""h7"": ""SPF/csv/pcap/ring5/astar/baseline_no_failure/h7.pcap"", ""h8"": ""SPF/csv/pcap/ring5/astar/baseline_no_failure/h8.pcap"", ""h9"": ""SPF/csv/pcap/ring5/astar/baseline_no_failure/h9.pcap""}",{},[],,,2,2,,,
2026-05-19T17:27:22.277342+00:00,live,ring5,,astar,0,h6,h3,s3,s2,success,0.026124,1,1,s3 -> s2,"[""s3"", ""s2""]",100.0,100.0,95.51960991517683,iperf3,tcp,5,1,8290,6653,"{""cpu_utilization_percent"": {""host_system"": 0.4904359313130597, ""host_total"": 0.4904558620616805, ""host_user"": 0, ""remote_system"": 1.3211965264348886, ""remote_total"": 1.6526438700060164, ""remote_user"": 0.331428286111171}, ""receiver_tcp_congestion"": ""cubic"", ""sender_tcp_congestion"": ""cubic"", ""streams"": [{""receiver"": {""bits_per_second"": 95519609.91517682, ""bytes"": 62652136, ""end"": 5.247269, ""seconds"": 5.000087, ""sender"": true, ""socket"": 5, ""start"": 0}, ""sender"": {""bits_per_second"": 100242121.38708787, ""bytes"": 62652416, ""end"": 5.000087, ""max_rtt"": 292574, ""max_snd_cwnd"": 4123904, ""max_snd_wnd"": 5577472, ""mean_rtt"": 230645, ""min_rtt"": 146337, ""retransmits"": 0, ""seconds"": 5.000087, ""sender"": true, ""socket"": 5, ""start"": 0}}], ""sum_received"": {""bits_per_second"": 95519609.91517682, ""bytes"": 62652136, ""end"": 5.247269, ""seconds"": 5.247269, ""sender"": true, ""start"": 0}, ""sum_sent"": {""bits_per_second"": 100242121.38708787, ""bytes"": 62652416, ""end"": 5.000087, ""retransmits"": 0, ""seconds"": 5.000087, ""sender"": true, ""start"": 0}}",5201,baseline_no_failure,baseline,0,,none,,,{},0.0,"{""h1"": ""SPF/csv/pcap/ring5/astar/baseline_no_failure/h1.pcap"", ""h10"": ""SPF/csv/pcap/ring5/astar/baseline_no_failure/h10.pcap"", ""h2"": ""SPF/csv/pcap/ring5/astar/baseline_no_failure/h2.pcap"", ""h3"": ""SPF/csv/pcap/ring5/astar/baseline_no_failure/h3.pcap"", ""h4"": ""SPF/csv/pcap/ring5/astar/baseline_no_failure/h4.pcap"", ""h5"": ""SPF/csv/pcap/ring5/astar/baseline_no_failure/h5.pcap"", ""h6"": ""SPF/csv/pcap/ring5/astar/baseline_no_failure/h6.pcap"", ""h7"": ""SPF/csv/pcap/ring5/astar/baseline_no_failure/h7.pcap"", ""h8"": ""SPF/csv/pcap/ring5/astar/baseline_no_failure/h8.pcap"", ""h9"": ""SPF/csv/pcap/ring5/astar/baseline_no_failure/h9.pcap""}",{},[],,,2,1,,,
2026-05-19T17:27:28.263587+00:00,live,ring5,,astar,0,h6,h4,s3,s2,success,0.02459,1,1,s3 -> s2,"[""s3"", ""s2""]",100.0,100.0,95.51912276326966,iperf3,tcp,5,1,8290,6653,"{""cpu_utilization_percent"": {""host_system"": 0.4188256387270282, ""host_total"": 0.4188256387270282, ""host_user"": 0, ""remote_system"": 1.51050718126756, ""remote_total"": 1.6358580920519676, ""remote_user"": 0.12535091078440774}, ""receiver_tcp_congestion"": ""cubic"", ""sender_tcp_congestion"": ""cubic"", ""streams"": [{""receiver"": {""bits_per_second"": 95519122.76326966, ""bytes"": 62389712, ""end"": 5.225317, ""seconds"": 5.000068, ""sender"": true, ""socket"": 5, ""start"": 0}, ""sender"": {""bits_per_second"": 99823077.60614456, ""bytes"": 62390272, ""end"": 5.000068, ""max_rtt"": 297907, ""max_snd_cwnd"": 3759008, ""max_snd_wnd"": 5577472, ""mean_rtt"": 203206, ""min_rtt"": 108093, ""retransmits"": 0, ""seconds"": 5.000068, ""sender"": true, ""socket"": 5, ""start"": 0}}], ""sum_received"": {""bits_per_second"": 95519122.76326966, ""bytes"": 62389712, ""end"": 5.225317, ""seconds"": 5.225317, ""sender"": true, ""start"": 0}, ""sum_sent"": {""bits_per_second"": 99823077.60614456, ""bytes"": 62390272, ""end"": 5.000068, ""retransmits"": 0, ""seconds"": 5.000068, ""sender"": true, ""start"": 0}}",5201,baseline_no_failure,baseline,0,,none,,,{},0.0,"{""h1"": ""SPF/csv/pcap/ring5/astar/baseline_no_failure/h1.pcap"", ""h10"": ""SPF/csv/pcap/ring5/astar/baseline_no_failure/h10.pcap"", ""h2"": ""SPF/csv/pcap/ring5/astar/baseline_no_failure/h2.pcap"", ""h3"": ""SPF/csv/pcap/ring5/astar/baseline_no_failure/h3.pcap"", ""h4"": ""SPF/csv/pcap/ring5/astar/baseline_no_failure/h4.pcap"", ""h5"": ""SPF/csv/pcap/ring5/astar/baseline_no_failure/h5.pcap"", ""h6"": ""SPF/csv/pcap/ring5/astar/baseline_no_failure/h6.pcap"", ""h7"": ""SPF/csv/pcap/ring5/astar/baseline_no_failure/h7.pcap"", ""h8"": ""SPF/csv/pcap/ring5/astar/baseline_no_failure/h8.pcap"", ""h9"": ""SPF/csv/pcap/ring5/astar/baseline_no_failure/h9.pcap""}",{},[],,,2,2,,,
2026-05-19T17:27:34.228783+00:00,live,ring5,,astar,0,h6,h7,s3,s4,success,0.030792,1,1,s3 -> s4,"[""s3"", ""s4""]",100.0,100.0,95.51807077661834,iperf3,tcp,5,1,8290,6653,"{""cpu_utilization_percent"": {""host_system"": 0.43929144716695545, ""host_total"": 0.507903980681769, ""host_user"": 0.0686125335148134, ""remote_system"": 1.4214201072911437, ""remote_total"": 1.673840588141634, ""remote_user"": 0.2524204808504905}, ""receiver_tcp_congestion"": ""cubic"", ""sender_tcp_congestion"": ""cubic"", ""streams"": [{""receiver"": {""bits_per_second"": 95518070.77661835, ""bytes"": 62389992, ""end"": 5.225398, ""seconds"": 5.000151, ""sender"": true, ""socket"": 5, ""start"": 0}, ""sender"": {""bits_per_second"": 99821420.5930981, ""bytes"": 62390272, ""end"": 5.000151, ""max_rtt"": 314740, ""max_snd_cwnd"": 4064536, ""max_snd_wnd"": 5577472, ""mean_rtt"": 234151, ""min_rtt"": 142799, ""retransmits"": 0, ""seconds"": 5.000151, ""sender"": true, ""socket"": 5, ""start"": 0}}], ""sum_received"": {""bits_per_second"": 95518070.77661835, ""bytes"": 62389992, ""end"": 5.225398, ""seconds"": 5.225398, ""sender"": true, ""start"": 0}, ""sum_sent"": {""bits_per_second"": 99821420.5930981, ""bytes"": 62390272, ""end"": 5.000151, ""retransmits"": 0, ""seconds"": 5.000151, ""sender"": true, ""start"": 0}}",5201,baseline_no_failure,baseline,0,,none,,,{},0.0,"{""h1"": ""SPF/csv/pcap/ring5/astar/baseline_no_failure/h1.pcap"", ""h10"": ""SPF/csv/pcap/ring5/astar/baseline_no_failure/h10.pcap"", ""h2"": ""SPF/csv/pcap/ring5/astar/baseline_no_failure/h2.pcap"", ""h3"": ""SPF/csv/pcap/ring5/astar/baseline_no_failure/h3.pcap"", ""h4"": ""SPF/csv/pcap/ring5/astar/baseline_no_failure/h4.pcap"", ""h5"": ""SPF/csv/pcap/ring5/astar/baseline_no_failure/h5.pcap"", ""h6"": ""SPF/csv/pcap/ring5/astar/baseline_no_failure/h6.pcap"", ""h7"": ""SPF/csv/pcap/ring5/astar/baseline_no_failure/h7.pcap"", ""h8"": ""SPF/csv/pcap/ring5/astar/baseline_no_failure/h8.pcap"", ""h9"": ""SPF/csv/pcap/ring5/astar/baseline_no_failure/h9.pcap""}",{},[],,,2,1,,,
2026-05-19T17:27:40.195861+00:00,live,ring5,,astar,0,h6,h8,s3,s4,success,0.016902,1,1,s3 -> s4,"[""s3"", ""s4""]",100.0,100.0,95.50412549479435,iperf3,tcp,5,1,8290,6653,"{""cpu_utilization_percent"": {""host_system"": 0.46773403471211933, ""host_total"": 0.4677141302891774, ""host_user"": 0, ""remote_system"": 1.3117037683355721, ""remote_total"": 1.528783930136352, ""remote_user"": 0.2170801618007799}, ""receiver_tcp_congestion"": ""cubic"", ""sender_tcp_congestion"": ""cubic"", ""streams"": [{""receiver"": {""bits_per_second"": 95504125.49479435, ""bytes"": 62389992, ""end"": 5.226161, ""seconds"": 5.000106, ""sender"": true, ""socket"": 5, ""start"": 0}, ""sender"": {""bits_per_second"": 99822318.9668379, ""bytes"": 62390272, ""end"": 5.000106, ""max_rtt"": 313883, ""max_snd_cwnd"": 4129696, ""max_snd_wnd"": 5577472, ""mean_rtt"": 233936, ""min_rtt"": 142692, ""retransmits"": 0, ""seconds"": 5.000106, ""sender"": true, ""socket"": 5, ""start"": 0}}], ""sum_received"": {""bits_per_second"": 95504125.49479435, ""bytes"": 62389992, ""end"": 5.226161, ""seconds"": 5.226161, ""sender"": true, ""start"": 0}, ""sum_sent"": {""bits_per_second"": 99822318.9668379, ""bytes"": 62390272, ""end"": 5.000106, ""retransmits"": 0, ""seconds"": 5.000106, ""sender"": true, ""start"": 0}}",5201,baseline_no_failure,baseline,0,,none,,,{},0.0,"{""h1"": ""SPF/csv/pcap/ring5/astar/baseline_no_failure/h1.pcap"", ""h10"": ""SPF/csv/pcap/ring5/astar/baseline_no_failure/h10.pcap"", ""h2"": ""SPF/csv/pcap/ring5/astar/baseline_no_failure/h2.pcap"", ""h3"": ""SPF/csv/pcap/ring5/astar/baseline_no_failure/h3.pcap"", ""h4"": ""SPF/csv/pcap/ring5/astar/baseline_no_failure/h4.pcap"", ""h5"": ""SPF/csv/pcap/ring5/astar/baseline_no_failure/h5.pcap"", ""h6"": ""SPF/csv/pcap/ring5/astar/baseline_no_failure/h6.pcap"", ""h7"": ""SPF/csv/pcap/ring5/astar/baseline_no_failure/h7.pcap"", ""h8"": ""SPF/csv/pcap/ring5/astar/baseline_no_failure/h8.pcap"", ""h9"": ""SPF/csv/pcap/ring5/astar/baseline_no_failure/h9.pcap""}",{},[],,,2,2,,,
2026-05-19T17:27:46.165256+00:00,live,ring5,,astar,0,h6,h9,s3,s5,success,0.018175,2,2,s3 -> s4 -> s5,"[""s3"", ""s4"", ""s5""]",100.0,50.0,95.17946616472679,iperf3,tcp,5,1,8290,6653,"{""cpu_utilization_percent"": {""host_system"": 0.2928685320312539, ""host_total"": 0.4215002061405034, ""host_user"": 0.1286118051450683, ""remote_system"": 1.4890176754465754, ""remote_total"": 1.5537436549896253, ""remote_user"": 0.0646883153128824}, ""receiver_tcp_congestion"": ""cubic"", ""sender_tcp_congestion"": ""cubic"", ""streams"": [{""receiver"": {""bits_per_second"": 95179466.1647268, ""bytes"": 63176144, ""end"": 5.310065, ""seconds"": 5.000079, ""sender"": true, ""socket"": 5, ""start"": 0}, ""sender"": {""bits_per_second"": 101081129.31815676, ""bytes"": 63176704, ""end"": 5.000079, ""max_rtt"": 240523, ""max_snd_cwnd"": 3751768, ""max_snd_wnd"": 4791296, ""mean_rtt"": 187834, ""min_rtt"": 107745, ""retransmits"": 0, ""seconds"": 5.000079, ""sender"": true, ""socket"": 5, ""start"": 0}}], ""sum_received"": {""bits_per_second"": 95179466.1647268, ""bytes"": 63176144, ""end"": 5.310065, ""seconds"": 5.310065, ""sender"": true, ""start"": 0}, ""sum_sent"": {""bits_per_second"": 101081129.31815676, ""bytes"": 63176704, ""end"": 5.000079, ""retransmits"": 0, ""seconds"": 5.000079, ""sender"": true, ""start"": 0}}",5201,baseline_no_failure,baseline,0,,none,,,{},0.0,"{""h1"": ""SPF/csv/pcap/ring5/astar/baseline_no_failure/h1.pcap"", ""h10"": ""SPF/csv/pcap/ring5/astar/baseline_no_failure/h10.pcap"", ""h2"": ""SPF/csv/pcap/ring5/astar/baseline_no_failure/h2.pcap"", ""h3"": ""SPF/csv/pcap/ring5/astar/baseline_no_failure/h3.pcap"", ""h4"": ""SPF/csv/pcap/ring5/astar/baseline_no_failure/h4.pcap"", ""h5"": ""SPF/csv/pcap/ring5/astar/baseline_no_failure/h5.pcap"", ""h6"": ""SPF/csv/pcap/ring5/astar/baseline_no_failure/h6.pcap"", ""h7"": ""SPF/csv/pcap/ring5/astar/baseline_no_failure/h7.pcap"", ""h8"": ""SPF/csv/pcap/ring5/astar/baseline_no_failure/h8.pcap"", ""h9"": ""SPF/csv/pcap/ring5/astar/baseline_no_failure/h9.pcap""}",{},[],,,2,1,,,
2026-05-19T17:27:55.179955+00:00,live,ring5,,astar,0,h7,h1,s4,s1,success,0.056431,2,2,s4 -> s5 -> s1,"[""s4"", ""s5"", ""s1""]",100.0,50.0,95.178969080336,iperf3,tcp,5,1,8290,6653,"{""cpu_utilization_percent"": {""host_system"": 0.46786892756296317, ""host_total"": 0.46786892756296317, ""host_user"": 0, ""remote_system"": 1.57472707039358, ""remote_total"": 1.5747081991826124, ""remote_user"": 0}, ""receiver_tcp_congestion"": ""cubic"", ""sender_tcp_congestion"": ""cubic"", ""streams"": [{""receiver"": {""bits_per_second"": 95178969.080336, ""bytes"": 63044824, ""end"": 5.299055, ""seconds"": 5.00003, ""sender"": true, ""socket"": 5, ""start"": 0}, ""sender"": {""bits_per_second"": 100872405.9655642, ""bytes"": 63045632, ""end"": 5.00003, ""max_rtt"": 242594, ""max_snd_cwnd"": 3737288, ""max_snd_wnd"": 4791296, ""mean_rtt"": 188329, ""min_rtt"": 106708, ""retransmits"": 0, ""seconds"": 5.00003, ""sender"": true, ""socket"": 5, ""start"": 0}}], ""sum_received"": {""bits_per_second"": 95178969.080336, ""bytes"": 63044824, ""end"": 5.299055, ""seconds"": 5.299055, ""sender"": true, ""start"": 0}, ""sum_sent"": {""bits_per_second"": 100872405.9655642, ""bytes"": 63045632, ""end"": 5.00003, ""retransmits"": 0, ""seconds"": 5.00003, ""sender"": true, ""start"": 0}}",5201,baseline_no_failure,baseline,0,,none,,,{},0.0,"{""h1"": ""SPF/csv/pcap/ring5/astar/baseline_no_failure/h1.pcap"", ""h10"": ""SPF/csv/pcap/ring5/astar/baseline_no_failure/h10.pcap"", ""h2"": ""SPF/csv/pcap/ring5/astar/baseline_no_failure/h2.pcap"", ""h3"": ""SPF/csv/pcap/ring5/astar/baseline_no_failure/h3.pcap"", ""h4"": ""SPF/csv/pcap/ring5/astar/baseline_no_failure/h4.pcap"", ""h5"": ""SPF/csv/pcap/ring5/astar/baseline_no_failure/h5.pcap"", ""h6"": ""SPF/csv/pcap/ring5/astar/baseline_no_failure/h6.pcap"", ""h7"": ""SPF/csv/pcap/ring5/astar/baseline_no_failure/h7.pcap"", ""h8"": ""SPF/csv/pcap/ring5/astar/baseline_no_failure/h8.pcap"", ""h9"": ""SPF/csv/pcap/ring5/astar/baseline_no_failure/h9.pcap""}",{},[],,,1,1,,,
2026-05-19T17:28:01.245735+00:00,live,ring5,,astar,0,h7,h10,s4,s5,success,0.02839,1,1,s4 -> s5,"[""s4"", ""s5""]",100.0,100.0,95.52062369049656,iperf3,tcp,5,1,8290,6653,"{""cpu_utilization_percent"": {""host_system"": 0.707445579690978, ""host_total"": 0.7074256471546404, ""host_user"": 0, ""remote_system"": 4.0702427757121376, ""remote_total"": 4.926694656037566, ""remote_user"": 0.8564518803254287}, ""receiver_tcp_congestion"": ""cubic"", ""sender_tcp_congestion"": ""cubic"", ""streams"": [{""receiver"": {""bits_per_second"": 95520623.69049656, ""bytes"": 62652192, ""end"": 5.247218, ""seconds"": 5.00004, ""sender"": true, ""socket"": 5, ""start"": 0}, ""sender"": {""bits_per_second"": 100243063.65549076, ""bytes"": 62652416, ""end"": 5.00004, ""max_rtt"": 292407, ""max_snd_cwnd"": 4058744, ""max_snd_wnd"": 5577472, ""mean_rtt"": 230671, ""min_rtt"": 146391, ""retransmits"": 0, ""seconds"": 5.00004, ""sender"": true, ""socket"": 5, ""start"": 0}}], ""sum_received"": {""bits_per_second"": 95520623.69049656, ""bytes"": 62652192, ""end"": 5.247218, ""seconds"": 5.247218, ""sender"": true, ""start"": 0}, ""sum_sent"": {""bits_per_second"": 100243063.65549076, ""bytes"": 62652416, ""end"": 5.00004, ""retransmits"": 0, ""seconds"": 5.00004, ""sender"": true, ""start"": 0}}",5201,baseline_no_failure,baseline,0,,none,,,{},0.0,"{""h1"": ""SPF/csv/pcap/ring5/astar/baseline_no_failure/h1.pcap"", ""h10"": ""SPF/csv/pcap/ring5/astar/baseline_no_failure/h10.pcap"", ""h2"": ""SPF/csv/pcap/ring5/astar/baseline_no_failure/h2.pcap"", ""h3"": ""SPF/csv/pcap/ring5/astar/baseline_no_failure/h3.pcap"", ""h4"": ""SPF/csv/pcap/ring5/astar/baseline_no_failure/h4.pcap"", ""h5"": ""SPF/csv/pcap/ring5/astar/baseline_no_failure/h5.pcap"", ""h6"": ""SPF/csv/pcap/ring5/astar/baseline_no_failure/h6.pcap"", ""h7"": ""SPF/csv/pcap/ring5/astar/baseline_no_failure/h7.pcap"", ""h8"": ""SPF/csv/pcap/ring5/astar/baseline_no_failure/h8.pcap"", ""h9"": ""SPF/csv/pcap/ring5/astar/baseline_no_failure/h9.pcap""}",{},[],,,1,2,,,
2026-05-19T17:28:07.231983+00:00,live,ring5,,astar,0,h7,h2,s4,s1,success,0.031794,2,2,s4 -> s5 -> s1,"[""s4"", ""s5"", ""s1""]",100.0,50.0,95.10223316078726,iperf3,tcp,5,1,8290,6653,"{""cpu_utilization_percent"": {""host_system"": 0.559005779359374, ""host_total"": 0.5589461880958505, ""host_user"": 0, ""remote_system"": 2.554517122109721, ""remote_total"": 3.1008814652717818, ""remote_user"": 0.5463643431620606}, ""receiver_tcp_congestion"": ""cubic"", ""sender_tcp_congestion"": ""cubic"", ""streams"": [{""receiver"": {""bits_per_second"": 95102233.16078727, ""bytes"": 62521064, ""end"": 5.259272, ""seconds"": 5.000223, ""sender"": true, ""socket"": 5, ""start"": 0}, ""sender"": {""bits_per_second"": 100029689.07586722, ""bytes"": 62521344, ""end"": 5.000223, ""max_rtt"": 279487, ""max_snd_cwnd"": 3627240, ""max_snd_wnd"": 4791296, ""mean_rtt"": 191491, ""min_rtt"": 97756, ""retransmits"": 0, ""seconds"": 5.000223, ""sender"": true, ""socket"": 5, ""start"": 0}}], ""sum_received"": {""bits_per_second"": 95102233.16078727, ""bytes"": 62521064, ""end"": 5.259272, ""seconds"": 5.259272, ""sender"": true, ""start"": 0}, ""sum_sent"": {""bits_per_second"": 100029689.07586722, ""bytes"": 62521344, ""end"": 5.000223, ""retransmits"": 0, ""seconds"": 5.000223, ""sender"": true, ""start"": 0}}",5201,baseline_no_failure,baseline,0,,none,,,{},0.0,"{""h1"": ""SPF/csv/pcap/ring5/astar/baseline_no_failure/h1.pcap"", ""h10"": ""SPF/csv/pcap/ring5/astar/baseline_no_failure/h10.pcap"", ""h2"": ""SPF/csv/pcap/ring5/astar/baseline_no_failure/h2.pcap"", ""h3"": ""SPF/csv/pcap/ring5/astar/baseline_no_failure/h3.pcap"", ""h4"": ""SPF/csv/pcap/ring5/astar/baseline_no_failure/h4.pcap"", ""h5"": ""SPF/csv/pcap/ring5/astar/baseline_no_failure/h5.pcap"", ""h6"": ""SPF/csv/pcap/ring5/astar/baseline_no_failure/h6.pcap"", ""h7"": ""SPF/csv/pcap/ring5/astar/baseline_no_failure/h7.pcap"", ""h8"": ""SPF/csv/pcap/ring5/astar/baseline_no_failure/h8.pcap"", ""h9"": ""SPF/csv/pcap/ring5/astar/baseline_no_failure/h9.pcap""}",{},[],,,1,2,,,
2026-05-19T17:28:13.262303+00:00,live,ring5,,astar,0,h7,h3,s4,s2,success,0.029653,2,2,s4 -> s3 -> s2,"[""s4"", ""s3"", ""s2""]",100.0,50.0,95.13057694038197,iperf3,tcp,5,1,8290,6653,"{""cpu_utilization_percent"": {""host_system"": 0.33142006435306337, ""host_total"": 0.4425489884069528, ""host_user"": 0.11112892405388938, ""remote_system"": 1.5222866661031567, ""remote_total"": 1.7072472351454073, ""remote_user"": 0.18494174353904025}, ""receiver_tcp_congestion"": ""cubic"", ""sender_tcp_congestion"": ""cubic"", ""streams"": [{""receiver"": {""bits_per_second"": 95130576.94038197, ""bytes"": 63165728, ""end"": 5.311918, ""seconds"": 5.000036, ""sender"": true, ""socket"": 5, ""start"": 0}, ""sender"": {""bits_per_second"": 101081998.60961, ""bytes"": 63176704, ""end"": 5.000036, ""max_rtt"": 238526, ""max_snd_cwnd"": 3689504, ""max_snd_wnd"": 4791296, ""mean_rtt"": 184550, ""min_rtt"": 102937, ""retransmits"": 0, ""seconds"": 5.000036, ""sender"": true, ""socket"": 5, ""start"": 0}}], ""sum_received"": {""bits_per_second"": 95130576.94038197, ""bytes"": 63165728, ""end"": 5.311918, ""seconds"": 5.311918, ""sender"": true, ""start"": 0}, ""sum_sent"": {""bits_per_second"": 101081998.60961, ""bytes"": 63176704, ""end"": 5.000036, ""retransmits"": 0, ""seconds"": 5.000036, ""sender"": true, ""start"": 0}}",5201,baseline_no_failure,baseline,0,,none,,,{},0.0,"{""h1"": ""SPF/csv/pcap/ring5/astar/baseline_no_failure/h1.pcap"", ""h10"": ""SPF/csv/pcap/ring5/astar/baseline_no_failure/h10.pcap"", ""h2"": ""SPF/csv/pcap/ring5/astar/baseline_no_failure/h2.pcap"", ""h3"": ""SPF/csv/pcap/ring5/astar/baseline_no_failure/h3.pcap"", ""h4"": ""SPF/csv/pcap/ring5/astar/baseline_no_failure/h4.pcap"", ""h5"": ""SPF/csv/pcap/ring5/astar/baseline_no_failure/h5.pcap"", ""h6"": ""SPF/csv/pcap/ring5/astar/baseline_no_failure/h6.pcap"", ""h7"": ""SPF/csv/pcap/ring5/astar/baseline_no_failure/h7.pcap"", ""h8"": ""SPF/csv/pcap/ring5/astar/baseline_no_failure/h8.pcap"", ""h9"": ""SPF/csv/pcap/ring5/astar/baseline_no_failure/h9.pcap""}",{},[],,,1,1,,,
2026-05-19T17:28:19.341179+00:00,live,ring5,,astar,0,h7,h4,s4,s2,success,0.044484,2,2,s4 -> s3 -> s2,"[""s4"", ""s3"", ""s2""]",100.0,50.0,95.09101998041795,iperf3,tcp,5,1,8290,6653,"{""cpu_utilization_percent"": {""host_system"": 0.2846331667376958, ""host_total"": 0.39871690563256174, ""host_user"": 0.1140638706017808, ""remote_system"": 1.210015991533407, ""remote_total"": 1.316864575535626, ""remote_user"": 0.106848584002219}, ""receiver_tcp_congestion"": ""cubic"", ""sender_tcp_congestion"": ""cubic"", ""streams"": [{""receiver"": {""bits_per_second"": 95091019.98041795, ""bytes"": 63164840, ""end"": 5.314053, ""seconds"": 5.000034, ""sender"": true, ""socket"": 5, ""start"": 0}, ""sender"": {""bits_per_second"": 101082039.04213451, ""bytes"": 63176704, ""end"": 5.000034, ""max_rtt"": 244064, ""max_snd_cwnd"": 3748872, ""max_snd_wnd"": 4791296, ""mean_rtt"": 190612, ""min_rtt"": 107735, ""retransmits"": 0, ""seconds"": 5.000034, ""sender"": true, ""socket"": 5, ""start"": 0}}], ""sum_received"": {""bits_per_second"": 95091019.98041795, ""bytes"": 63164840, ""end"": 5.314053, ""seconds"": 5.314053, ""sender"": true, ""start"": 0}, ""sum_sent"": {""bits_per_second"": 101082039.04213451, ""bytes"": 63176704, ""end"": 5.000034, ""retransmits"": 0, ""seconds"": 5.000034, ""sender"": true, ""start"": 0}}",5201,baseline_no_failure,baseline,0,,none,,,{},0.0,"{""h1"": ""SPF/csv/pcap/ring5/astar/baseline_no_failure/h1.pcap"", ""h10"": ""SPF/csv/pcap/ring5/astar/baseline_no_failure/h10.pcap"", ""h2"": ""SPF/csv/pcap/ring5/astar/baseline_no_failure/h2.pcap"", ""h3"": ""SPF/csv/pcap/ring5/astar/baseline_no_failure/h3.pcap"", ""h4"": ""SPF/csv/pcap/ring5/astar/baseline_no_failure/h4.pcap"", ""h5"": ""SPF/csv/pcap/ring5/astar/baseline_no_failure/h5.pcap"", ""h6"": ""SPF/csv/pcap/ring5/astar/baseline_no_failure/h6.pcap"", ""h7"": ""SPF/csv/pcap/ring5/astar/baseline_no_failure/h7.pcap"", ""h8"": ""SPF/csv/pcap/ring5/astar/baseline_no_failure/h8.pcap"", ""h9"": ""SPF/csv/pcap/ring5/astar/baseline_no_failure/h9.pcap""}",{},[],,,1,2,,,
2026-05-19T17:28:28.348837+00:00,live,ring5,,astar,0,h7,h5,s4,s3,success,0.020765,1,1,s4 -> s3,"[""s4"", ""s3""]",100.0,100.0,95.52110528298074,iperf3,tcp,5,1,8290,6653,"{""cpu_utilization_percent"": {""host_system"": 0.3471305172872592, ""host_total"": 0.3471305172872592, ""host_user"": 0, ""remote_system"": 1.34192827815439, ""remote_total"": 1.5055570631943938, ""remote_user"": 0.1636287850400039}, ""receiver_tcp_congestion"": ""cubic"", ""sender_tcp_congestion"": ""cubic"", ""streams"": [{""receiver"": {""bits_per_second"": 95521105.28298074, ""bytes"": 62389992, ""end"": 5.225232, ""seconds"": 5.000055, ""sender"": true, ""socket"": 5, ""start"": 0}, ""sender"": {""bits_per_second"": 99823337.14329143, ""bytes"": 62390272, ""end"": 5.000055, ""max_rtt"": 314026, ""max_snd_cwnd"": 4068880, ""max_snd_wnd"": 5577472, ""mean_rtt"": 234315, ""min_rtt"": 143217, ""retransmits"": 0, ""seconds"": 5.000055, ""sender"": true, ""socket"": 5, ""start"": 0}}], ""sum_received"": {""bits_per_second"": 95521105.28298074, ""bytes"": 62389992, ""end"": 5.225232, ""seconds"": 5.225232, ""sender"": true, ""start"": 0}, ""sum_sent"": {""bits_per_second"": 99823337.14329143, ""bytes"": 62390272, ""end"": 5.000055, ""retransmits"": 0, ""seconds"": 5.000055, ""sender"": true, ""start"": 0}}",5201,baseline_no_failure,baseline,0,,none,,,{},0.0,"{""h1"": ""SPF/csv/pcap/ring5/astar/baseline_no_failure/h1.pcap"", ""h10"": ""SPF/csv/pcap/ring5/astar/baseline_no_failure/h10.pcap"", ""h2"": ""SPF/csv/pcap/ring5/astar/baseline_no_failure/h2.pcap"", ""h3"": ""SPF/csv/pcap/ring5/astar/baseline_no_failure/h3.pcap"", ""h4"": ""SPF/csv/pcap/ring5/astar/baseline_no_failure/h4.pcap"", ""h5"": ""SPF/csv/pcap/ring5/astar/baseline_no_failure/h5.pcap"", ""h6"": ""SPF/csv/pcap/ring5/astar/baseline_no_failure/h6.pcap"", ""h7"": ""SPF/csv/pcap/ring5/astar/baseline_no_failure/h7.pcap"", ""h8"": ""SPF/csv/pcap/ring5/astar/baseline_no_failure/h8.pcap"", ""h9"": ""SPF/csv/pcap/ring5/astar/baseline_no_failure/h9.pcap""}",{},[],,,1,1,,,
2026-05-19T17:28:34.309661+00:00,live,ring5,,astar,0,h7,h6,s4,s3,success,0.016822,1,1,s4 -> s3,"[""s4"", ""s3""]",100.0,100.0,95.51957350782914,iperf3,tcp,5,1,8290,6653,"{""cpu_utilization_percent"": {""host_system"": 0.346900745605389, ""host_total"": 0.346900745605389, ""host_user"": 0, ""remote_system"": 1.3530052320420363, ""remote_total"": 1.4584121836790933, ""remote_user"": 0.10540695163705706}, ""receiver_tcp_congestion"": ""cubic"", ""sender_tcp_congestion"": ""cubic"", ""streams"": [{""receiver"": {""bits_per_second"": 95519573.50782913, ""bytes"": 62652136, ""end"": 5.247271, ""seconds"": 5.000101, ""sender"": true, ""socket"": 5, ""start"": 0}, ""sender"": {""bits_per_second"": 100241840.71481757, ""bytes"": 62652416, ""end"": 5.000101, ""max_rtt"": 292597, ""max_snd_cwnd"": 4123904, ""max_snd_wnd"": 5577472, ""mean_rtt"": 230657, ""min_rtt"": 146235, ""retransmits"": 0, ""seconds"": 5.000101, ""sender"": true, ""socket"": 5, ""start"": 0}}], ""sum_received"": {""bits_per_second"": 95519573.50782913, ""bytes"": 62652136, ""end"": 5.247271, ""seconds"": 5.247271, ""sender"": true, ""start"": 0}, ""sum_sent"": {""bits_per_second"": 100241840.71481757, ""bytes"": 62652416, ""end"": 5.000101, ""retransmits"": 0, ""seconds"": 5.000101, ""sender"": true, ""start"": 0}}",5201,baseline_no_failure,baseline,0,,none,,,{},0.0,"{""h1"": ""SPF/csv/pcap/ring5/astar/baseline_no_failure/h1.pcap"", ""h10"": ""SPF/csv/pcap/ring5/astar/baseline_no_failure/h10.pcap"", ""h2"": ""SPF/csv/pcap/ring5/astar/baseline_no_failure/h2.pcap"", ""h3"": ""SPF/csv/pcap/ring5/astar/baseline_no_failure/h3.pcap"", ""h4"": ""SPF/csv/pcap/ring5/astar/baseline_no_failure/h4.pcap"", ""h5"": ""SPF/csv/pcap/ring5/astar/baseline_no_failure/h5.pcap"", ""h6"": ""SPF/csv/pcap/ring5/astar/baseline_no_failure/h6.pcap"", ""h7"": ""SPF/csv/pcap/ring5/astar/baseline_no_failure/h7.pcap"", ""h8"": ""SPF/csv/pcap/ring5/astar/baseline_no_failure/h8.pcap"", ""h9"": ""SPF/csv/pcap/ring5/astar/baseline_no_failure/h9.pcap""}",{},[],,,1,2,,,
2026-05-19T17:28:40.295911+00:00,live,ring5,,astar,0,h7,h9,s4,s5,success,0.023565,1,1,s4 -> s5,"[""s4"", ""s5""]",100.0,100.0,95.51906380787524,iperf3,tcp,5,1,8290,6653,"{""cpu_utilization_percent"": {""host_system"": 0.26901952280078484, ""host_total"": 0.34942440944065783, ""host_user"": 0.0803849548385245, ""remote_system"": 1.5040260582743634, ""remote_total"": 1.7583084380662417, ""remote_user"": 0.25428237979187834}, ""receiver_tcp_congestion"": ""cubic"", ""sender_tcp_congestion"": ""cubic"", ""streams"": [{""receiver"": {""bits_per_second"": 95519063.80787525, ""bytes"": 62652136, ""end"": 5.247299, ""seconds"": 5.000053, ""sender"": true, ""socket"": 5, ""start"": 0}, ""sender"": {""bits_per_second"": 100242803.02628791, ""bytes"": 62652416, ""end"": 5.000053, ""max_rtt"": 292681, ""max_snd_cwnd"": 4123904, ""max_snd_wnd"": 5577472, ""mean_rtt"": 230687, ""min_rtt"": 146344, ""retransmits"": 0, ""seconds"": 5.000053, ""sender"": true, ""socket"": 5, ""start"": 0}}], ""sum_received"": {""bits_per_second"": 95519063.80787525, ""bytes"": 62652136, ""end"": 5.247299, ""seconds"": 5.247299, ""sender"": true, ""start"": 0}, ""sum_sent"": {""bits_per_second"": 100242803.02628791, ""bytes"": 62652416, ""end"": 5.000053, ""retransmits"": 0, ""seconds"": 5.000053, ""sender"": true, ""start"": 0}}",5201,baseline_no_failure,baseline,0,,none,,,{},0.0,"{""h1"": ""SPF/csv/pcap/ring5/astar/baseline_no_failure/h1.pcap"", ""h10"": ""SPF/csv/pcap/ring5/astar/baseline_no_failure/h10.pcap"", ""h2"": ""SPF/csv/pcap/ring5/astar/baseline_no_failure/h2.pcap"", ""h3"": ""SPF/csv/pcap/ring5/astar/baseline_no_failure/h3.pcap"", ""h4"": ""SPF/csv/pcap/ring5/astar/baseline_no_failure/h4.pcap"", ""h5"": ""SPF/csv/pcap/ring5/astar/baseline_no_failure/h5.pcap"", ""h6"": ""SPF/csv/pcap/ring5/astar/baseline_no_failure/h6.pcap"", ""h7"": ""SPF/csv/pcap/ring5/astar/baseline_no_failure/h7.pcap"", ""h8"": ""SPF/csv/pcap/ring5/astar/baseline_no_failure/h8.pcap"", ""h9"": ""SPF/csv/pcap/ring5/astar/baseline_no_failure/h9.pcap""}",{},[],,,1,1,,,
2026-05-19T17:28:46.281234+00:00,live,ring5,,astar,0,h8,h1,s4,s1,success,0.036088,2,2,s4 -> s5 -> s1,"[""s4"", ""s5"", ""s1""]",100.0,50.0,95.1992598240575,iperf3,tcp,5,1,8290,6653,"{""cpu_utilization_percent"": {""host_system"": 0.3197907878794622, ""host_total"": 0.402326415891347, ""host_user"": 0.0825356280118848, ""remote_system"": 1.3517751584614786, ""remote_total"": 1.4220329593847754, ""remote_user"": 0.07025780092329675}, ""receiver_tcp_congestion"": ""cubic"", ""sender_tcp_congestion"": ""cubic"", ""streams"": [{""receiver"": {""bits_per_second"": 95199259.8240575, ""bytes"": 63176704, ""end"": 5.309008, ""seconds"": 5.000098, ""sender"": true, ""socket"": 5, ""start"": 0}, ""sender"": {""bits_per_second"": 101080745.21739373, ""bytes"": 63176704, ""end"": 5.000098, ""max_rtt"": 237777, ""max_snd_cwnd"": 3690952, ""max_snd_wnd"": 4791296, ""mean_rtt"": 184406, ""min_rtt"": 102791, ""retransmits"": 0, ""seconds"": 5.000098, ""sender"": true, ""socket"": 5, ""start"": 0}}], ""sum_received"": {""bits_per_second"": 95199259.8240575, ""bytes"": 63176704, ""end"": 5.309008, ""seconds"": 5.309008, ""sender"": true, ""start"": 0}, ""sum_sent"": {""bits_per_second"": 101080745.21739373, ""bytes"": 63176704, ""end"": 5.000098, ""retransmits"": 0, ""seconds"": 5.000098, ""sender"": true, ""start"": 0}}",5201,baseline_no_failure,baseline,0,,none,,,{},0.0,"{""h1"": ""SPF/csv/pcap/ring5/astar/baseline_no_failure/h1.pcap"", ""h10"": ""SPF/csv/pcap/ring5/astar/baseline_no_failure/h10.pcap"", ""h2"": ""SPF/csv/pcap/ring5/astar/baseline_no_failure/h2.pcap"", ""h3"": ""SPF/csv/pcap/ring5/astar/baseline_no_failure/h3.pcap"", ""h4"": ""SPF/csv/pcap/ring5/astar/baseline_no_failure/h4.pcap"", ""h5"": ""SPF/csv/pcap/ring5/astar/baseline_no_failure/h5.pcap"", ""h6"": ""SPF/csv/pcap/ring5/astar/baseline_no_failure/h6.pcap"", ""h7"": ""SPF/csv/pcap/ring5/astar/baseline_no_failure/h7.pcap"", ""h8"": ""SPF/csv/pcap/ring5/astar/baseline_no_failure/h8.pcap"", ""h9"": ""SPF/csv/pcap/ring5/astar/baseline_no_failure/h9.pcap""}",{},[],,,2,1,,,
2026-05-19T17:28:52.355231+00:00,live,ring5,,astar,0,h8,h10,s4,s5,success,0.018853,1,1,s4 -> s5,"[""s4"", ""s5""]",100.0,100.0,95.500663642201,iperf3,tcp,5,1,8290,6653,"{""cpu_utilization_percent"": {""host_system"": 0.496028766406413, ""host_total"": 0.4960486568854573, ""host_user"": 0, ""remote_system"": 1.1508628565734236, ""remote_total"": 1.5251728980857315, ""remote_user"": 0.37431004151230785}, ""receiver_tcp_congestion"": ""cubic"", ""sender_tcp_congestion"": ""cubic"", ""streams"": [{""receiver"": {""bits_per_second"": 95500663.642201, ""bytes"": 62652136, ""end"": 5.24831, ""seconds"": 5.000129, ""sender"": true, ""socket"": 5, ""start"": 0}, ""sender"": {""bits_per_second"": 100241279.37499212, ""bytes"": 62652416, ""end"": 5.000129, ""max_rtt"": 255020, ""max_snd_cwnd"": 3210216, ""max_snd_wnd"": 5208960, ""mean_rtt"": 159759, ""min_rtt"": 64323, ""retransmits"": 0, ""seconds"": 5.000129, ""sender"": true, ""socket"": 5, ""start"": 0}}], ""sum_received"": {""bits_per_second"": 95500663.642201, ""bytes"": 62652136, ""end"": 5.24831, ""seconds"": 5.24831, ""sender"": true, ""start"": 0}, ""sum_sent"": {""bits_per_second"": 100241279.37499212, ""bytes"": 62652416, ""end"": 5.000129, ""retransmits"": 0, ""seconds"": 5.000129, ""sender"": true, ""start"": 0}}",5201,baseline_no_failure,baseline,0,,none,,,{},0.0,"{""h1"": ""SPF/csv/pcap/ring5/astar/baseline_no_failure/h1.pcap"", ""h10"": ""SPF/csv/pcap/ring5/astar/baseline_no_failure/h10.pcap"", ""h2"": ""SPF/csv/pcap/ring5/astar/baseline_no_failure/h2.pcap"", ""h3"": ""SPF/csv/pcap/ring5/astar/baseline_no_failure/h3.pcap"", ""h4"": ""SPF/csv/pcap/ring5/astar/baseline_no_failure/h4.pcap"", ""h5"": ""SPF/csv/pcap/ring5/astar/baseline_no_failure/h5.pcap"", ""h6"": ""SPF/csv/pcap/ring5/astar/baseline_no_failure/h6.pcap"", ""h7"": ""SPF/csv/pcap/ring5/astar/baseline_no_failure/h7.pcap"", ""h8"": ""SPF/csv/pcap/ring5/astar/baseline_no_failure/h8.pcap"", ""h9"": ""SPF/csv/pcap/ring5/astar/baseline_no_failure/h9.pcap""}",{},[],,,2,2,,,
2026-05-19T17:29:01.343102+00:00,live,ring5,,astar,0,h8,h2,s4,s1,success,0.024251,2,2,s4 -> s5 -> s1,"[""s4"", ""s5"", ""s1""]",100.0,50.0,95.18289967334702,iperf3,tcp,5,1,8290,6653,"{""cpu_utilization_percent"": {""host_system"": 0.4254573423033111, ""host_total"": 0.4254573423033111, ""host_user"": 0, ""remote_system"": 1.3566938763901135, ""remote_total"": 1.4771495019126921, ""remote_user"": 0.12043678961553841}, ""receiver_tcp_congestion"": ""cubic"", ""sender_tcp_congestion"": ""cubic"", ""streams"": [{""receiver"": {""bits_per_second"": 95182899.67334703, ""bytes"": 63165728, ""end"": 5.308998, ""seconds"": 5.00006, ""sender"": true, ""socket"": 5, ""start"": 0}, ""sender"": {""bits_per_second"": 101081513.42183892, ""bytes"": 63176704, ""end"": 5.00006, ""max_rtt"": 237570, ""max_snd_cwnd"": 3689504, ""max_snd_wnd"": 4791296, ""mean_rtt"": 184550, ""min_rtt"": 102921, ""retransmits"": 0, ""seconds"": 5.00006, ""sender"": true, ""socket"": 5, ""start"": 0}}], ""sum_received"": {""bits_per_second"": 95182899.67334703, ""bytes"": 63165728, ""end"": 5.308998, ""seconds"": 5.308998, ""sender"": true, ""start"": 0}, ""sum_sent"": {""bits_per_second"": 101081513.42183892, ""bytes"": 63176704, ""end"": 5.00006, ""retransmits"": 0, ""seconds"": 5.00006, ""sender"": true, ""start"": 0}}",5201,baseline_no_failure,baseline,0,,none,,,{},0.0,"{""h1"": ""SPF/csv/pcap/ring5/astar/baseline_no_failure/h1.pcap"", ""h10"": ""SPF/csv/pcap/ring5/astar/baseline_no_failure/h10.pcap"", ""h2"": ""SPF/csv/pcap/ring5/astar/baseline_no_failure/h2.pcap"", ""h3"": ""SPF/csv/pcap/ring5/astar/baseline_no_failure/h3.pcap"", ""h4"": ""SPF/csv/pcap/ring5/astar/baseline_no_failure/h4.pcap"", ""h5"": ""SPF/csv/pcap/ring5/astar/baseline_no_failure/h5.pcap"", ""h6"": ""SPF/csv/pcap/ring5/astar/baseline_no_failure/h6.pcap"", ""h7"": ""SPF/csv/pcap/ring5/astar/baseline_no_failure/h7.pcap"", ""h8"": ""SPF/csv/pcap/ring5/astar/baseline_no_failure/h8.pcap"", ""h9"": ""SPF/csv/pcap/ring5/astar/baseline_no_failure/h9.pcap""}",{},[],,,2,2,,,
2026-05-19T17:29:07.419177+00:00,live,ring5,,astar,0,h8,h3,s4,s2,success,0.023656,2,2,s4 -> s3 -> s2,"[""s4"", ""s3"", ""s2""]",100.0,50.0,95.03812007052089,iperf3,tcp,5,1,8290,6653,"{""cpu_utilization_percent"": {""host_system"": 0.498741294640599, ""host_total"": 0.5561273887978297, ""host_user"": 0.057366257968445, ""remote_system"": 1.3674757544305793, ""remote_total"": 1.367456762503098, ""remote_user"": 0}, ""receiver_tcp_congestion"": ""cubic"", ""sender_tcp_congestion"": ""cubic"", ""streams"": [{""receiver"": {""bits_per_second"": 95038120.0705209, ""bytes"": 62551584, ""end"": 5.265389, ""seconds"": 5.000061, ""sender"": true, ""socket"": 5, ""start"": 0}, ""sender"": {""bits_per_second"": 100871780.56427713, ""bytes"": 63045632, ""end"": 5.000061, ""max_rtt"": 243014, ""max_snd_cwnd"": 3162432, ""max_snd_wnd"": 4791296, ""mean_rtt"": 154529, ""min_rtt"": 60985, ""retransmits"": 0, ""seconds"": 5.000061, ""sender"": true, ""socket"": 5, ""start"": 0}}], ""sum_received"": {""bits_per_second"": 95038120.0705209, ""bytes"": 62551584, ""end"": 5.265389, ""seconds"": 5.265389, ""sender"": true, ""start"": 0}, ""sum_sent"": {""bits_per_second"": 100871780.56427713, ""bytes"": 63045632, ""end"": 5.000061, ""retransmits"": 0, ""seconds"": 5.000061, ""sender"": true, ""start"": 0}}",5201,baseline_no_failure,baseline,0,,none,,,{},0.0,"{""h1"": ""SPF/csv/pcap/ring5/astar/baseline_no_failure/h1.pcap"", ""h10"": ""SPF/csv/pcap/ring5/astar/baseline_no_failure/h10.pcap"", ""h2"": ""SPF/csv/pcap/ring5/astar/baseline_no_failure/h2.pcap"", ""h3"": ""SPF/csv/pcap/ring5/astar/baseline_no_failure/h3.pcap"", ""h4"": ""SPF/csv/pcap/ring5/astar/baseline_no_failure/h4.pcap"", ""h5"": ""SPF/csv/pcap/ring5/astar/baseline_no_failure/h5.pcap"", ""h6"": ""SPF/csv/pcap/ring5/astar/baseline_no_failure/h6.pcap"", ""h7"": ""SPF/csv/pcap/ring5/astar/baseline_no_failure/h7.pcap"", ""h8"": ""SPF/csv/pcap/ring5/astar/baseline_no_failure/h8.pcap"", ""h9"": ""SPF/csv/pcap/ring5/astar/baseline_no_failure/h9.pcap""}",{},[],,,2,1,,,
2026-05-19T17:29:13.490616+00:00,live,ring5,,astar,0,h8,h4,s4,s2,success,0.027285,2,2,s4 -> s3 -> s2,"[""s4"", ""s3"", ""s2""]",100.0,50.0,95.0552133863847,iperf3,tcp,5,1,8290,6653,"{""cpu_utilization_percent"": {""host_system"": 0.5257079941154045, ""host_total"": 0.5257079941154045, ""host_user"": 0, ""remote_system"": 1.1276805976143196, ""remote_total"": 1.221739144423019, ""remote_user"": 0.09403962154777218}, ""receiver_tcp_congestion"": ""cubic"", ""sender_tcp_congestion"": ""cubic"", ""streams"": [{""receiver"": {""bits_per_second"": 95055213.3863847, ""bytes"": 62783208, ""end"": 5.283936, ""seconds"": 5.000055, ""sender"": true, ""socket"": 5, ""start"": 0}, ""sender"": {""bits_per_second"": 100452475.82276596, ""bytes"": 62783488, ""end"": 5.000055, ""max_rtt"": 254939, ""max_snd_cwnd"": 3591040, ""max_snd_wnd"": 4791296, ""mean_rtt"": 183817, ""min_rtt"": 95262, ""retransmits"": 0, ""seconds"": 5.000055, ""sender"": true, ""socket"": 5, ""start"": 0}}], ""sum_received"": {""bits_per_second"": 95055213.3863847, ""bytes"": 62783208, ""end"": 5.283936, ""seconds"": 5.283936, ""sender"": true, ""start"": 0}, ""sum_sent"": {""bits_per_second"": 100452475.82276596, ""bytes"": 62783488, ""end"": 5.000055, ""retransmits"": 0, ""seconds"": 5.000055, ""sender"": true, ""start"": 0}}",5201,baseline_no_failure,baseline,0,,none,,,{},0.0,"{""h1"": ""SPF/csv/pcap/ring5/astar/baseline_no_failure/h1.pcap"", ""h10"": ""SPF/csv/pcap/ring5/astar/baseline_no_failure/h10.pcap"", ""h2"": ""SPF/csv/pcap/ring5/astar/baseline_no_failure/h2.pcap"", ""h3"": ""SPF/csv/pcap/ring5/astar/baseline_no_failure/h3.pcap"", ""h4"": ""SPF/csv/pcap/ring5/astar/baseline_no_failure/h4.pcap"", ""h5"": ""SPF/csv/pcap/ring5/astar/baseline_no_failure/h5.pcap"", ""h6"": ""SPF/csv/pcap/ring5/astar/baseline_no_failure/h6.pcap"", ""h7"": ""SPF/csv/pcap/ring5/astar/baseline_no_failure/h7.pcap"", ""h8"": ""SPF/csv/pcap/ring5/astar/baseline_no_failure/h8.pcap"", ""h9"": ""SPF/csv/pcap/ring5/astar/baseline_no_failure/h9.pcap""}",{},[],,,2,2,,,
2026-05-19T17:29:19.545014+00:00,live,ring5,,astar,0,h8,h5,s4,s3,success,0.018017,1,1,s4 -> s3,"[""s4"", ""s3""]",100.0,100.0,95.51196498115647,iperf3,tcp,5,1,8290,6653,"{""cpu_utilization_percent"": {""host_system"": 0.41011799655606046, ""host_total"": 0.41011799655606046, ""host_user"": 0, ""remote_system"": 1.34779020374827, ""remote_total"": 1.4596487109307485, ""remote_user"": 0.11185850718247858}, ""receiver_tcp_congestion"": ""cubic"", ""sender_tcp_congestion"": ""cubic"", ""streams"": [{""receiver"": {""bits_per_second"": 95511964.98115647, ""bytes"": 62652136, ""end"": 5.247689, ""seconds"": 5.000044, ""sender"": true, ""socket"": 5, ""start"": 0}, ""sender"": {""bits_per_second"": 100242983.46174555, ""bytes"": 62652416, ""end"": 5.000044, ""max_rtt"": 291614, ""max_snd_cwnd"": 4123904, ""max_snd_wnd"": 5577472, ""mean_rtt"": 230442, ""min_rtt"": 146245, ""retransmits"": 0, ""seconds"": 5.000044, ""sender"": true, ""socket"": 5, ""start"": 0}}], ""sum_received"": {""bits_per_second"": 95511964.98115647, ""bytes"": 62652136, ""end"": 5.247689, ""seconds"": 5.247689, ""sender"": true, ""start"": 0}, ""sum_sent"": {""bits_per_second"": 100242983.46174555, ""bytes"": 62652416, ""end"": 5.000044, ""retransmits"": 0, ""seconds"": 5.000044, ""sender"": true, ""start"": 0}}",5201,baseline_no_failure,baseline,0,,none,,,{},0.0,"{""h1"": ""SPF/csv/pcap/ring5/astar/baseline_no_failure/h1.pcap"", ""h10"": ""SPF/csv/pcap/ring5/astar/baseline_no_failure/h10.pcap"", ""h2"": ""SPF/csv/pcap/ring5/astar/baseline_no_failure/h2.pcap"", ""h3"": ""SPF/csv/pcap/ring5/astar/baseline_no_failure/h3.pcap"", ""h4"": ""SPF/csv/pcap/ring5/astar/baseline_no_failure/h4.pcap"", ""h5"": ""SPF/csv/pcap/ring5/astar/baseline_no_failure/h5.pcap"", ""h6"": ""SPF/csv/pcap/ring5/astar/baseline_no_failure/h6.pcap"", ""h7"": ""SPF/csv/pcap/ring5/astar/baseline_no_failure/h7.pcap"", ""h8"": ""SPF/csv/pcap/ring5/astar/baseline_no_failure/h8.pcap"", ""h9"": ""SPF/csv/pcap/ring5/astar/baseline_no_failure/h9.pcap""}",{},[],,,2,1,,,
2026-05-19T17:29:26.504650+00:00,live,ring5,,astar,0,h8,h6,s4,s3,success,0.01722,1,1,s4 -> s3,"[""s4"", ""s3""]",100.0,100.0,95.51898476426832,iperf3,tcp,5,1,8290,6653,"{""cpu_utilization_percent"": {""host_system"": 0.35669188458690415, ""host_total"": 0.35669188458690415, ""host_user"": 0, ""remote_system"": 1.4557474254869094, ""remote_total"": 1.585882074660162, ""remote_user"": 0.13013464917325265}, ""receiver_tcp_congestion"": ""cubic"", ""sender_tcp_congestion"": ""cubic"", ""streams"": [{""receiver"": {""bits_per_second"": 95518984.76426832, ""bytes"": 62389992, ""end"": 5.225348, ""seconds"": 5.000044, ""sender"": true, ""socket"": 5, ""start"": 0}, ""sender"": {""bits_per_second"": 99823556.7527006, ""bytes"": 62390272, ""end"": 5.000044, ""max_rtt"": 314675, ""max_snd_cwnd"": 4068880, ""max_snd_wnd"": 5577472, ""mean_rtt"": 234423, ""min_rtt"": 143200, ""retransmits"": 0, ""seconds"": 5.000044, ""sender"": true, ""socket"": 5, ""start"": 0}}], ""sum_received"": {""bits_per_second"": 95518984.76426832, ""bytes"": 62389992, ""end"": 5.225348, ""seconds"": 5.225348, ""sender"": true, ""start"": 0}, ""sum_sent"": {""bits_per_second"": 99823556.7527006, ""bytes"": 62390272, ""end"": 5.000044, ""retransmits"": 0, ""seconds"": 5.000044, ""sender"": true, ""start"": 0}}",5201,baseline_no_failure,baseline,0,,none,,,{},0.0,"{""h1"": ""SPF/csv/pcap/ring5/astar/baseline_no_failure/h1.pcap"", ""h10"": ""SPF/csv/pcap/ring5/astar/baseline_no_failure/h10.pcap"", ""h2"": ""SPF/csv/pcap/ring5/astar/baseline_no_failure/h2.pcap"", ""h3"": ""SPF/csv/pcap/ring5/astar/baseline_no_failure/h3.pcap"", ""h4"": ""SPF/csv/pcap/ring5/astar/baseline_no_failure/h4.pcap"", ""h5"": ""SPF/csv/pcap/ring5/astar/baseline_no_failure/h5.pcap"", ""h6"": ""SPF/csv/pcap/ring5/astar/baseline_no_failure/h6.pcap"", ""h7"": ""SPF/csv/pcap/ring5/astar/baseline_no_failure/h7.pcap"", ""h8"": ""SPF/csv/pcap/ring5/astar/baseline_no_failure/h8.pcap"", ""h9"": ""SPF/csv/pcap/ring5/astar/baseline_no_failure/h9.pcap""}",{},[],,,2,2,,,
2026-05-19T17:29:34.420130+00:00,live,ring5,,astar,0,h8,h9,s4,s5,success,0.024514,1,1,s4 -> s5,"[""s4"", ""s5""]",100.0,100.0,95.5155034479855,iperf3,tcp,5,1,8290,6653,"{""cpu_utilization_percent"": {""host_system"": 0.4629183257329042, ""host_total"": 0.4629183257329042, ""host_user"": 0, ""remote_system"": 1.397925454054508, ""remote_total"": 1.4747023698461916, ""remote_user"": 0.07675777897319104}, ""receiver_tcp_congestion"": ""cubic"", ""sender_tcp_congestion"": ""cubic"", ""streams"": [{""receiver"": {""bits_per_second"": 95515503.4479855, ""bytes"": 62389712, ""end"": 5.225515, ""seconds"": 5.000077, ""sender"": true, ""socket"": 5, ""start"": 0}, ""sender"": {""bits_per_second"": 99822897.9273719, ""bytes"": 62390272, ""end"": 5.000077, ""max_rtt"": 296005, ""max_snd_cwnd"": 3759008, ""max_snd_wnd"": 5577472, ""mean_rtt"": 202784, ""min_rtt"": 107902, ""retransmits"": 0, ""seconds"": 5.000077, ""sender"": true, ""socket"": 5, ""start"": 0}}], ""sum_received"": {""bits_per_second"": 95515503.4479855, ""bytes"": 62389712, ""end"": 5.225515, ""seconds"": 5.225515, ""sender"": true, ""start"": 0}, ""sum_sent"": {""bits_per_second"": 99822897.9273719, ""bytes"": 62390272, ""end"": 5.000077, ""retransmits"": 0, ""seconds"": 5.000077, ""sender"": true, ""start"": 0}}",5201,baseline_no_failure,baseline,0,,none,,,{},0.0,"{""h1"": ""SPF/csv/pcap/ring5/astar/baseline_no_failure/h1.pcap"", ""h10"": ""SPF/csv/pcap/ring5/astar/baseline_no_failure/h10.pcap"", ""h2"": ""SPF/csv/pcap/ring5/astar/baseline_no_failure/h2.pcap"", ""h3"": ""SPF/csv/pcap/ring5/astar/baseline_no_failure/h3.pcap"", ""h4"": ""SPF/csv/pcap/ring5/astar/baseline_no_failure/h4.pcap"", ""h5"": ""SPF/csv/pcap/ring5/astar/baseline_no_failure/h5.pcap"", ""h6"": ""SPF/csv/pcap/ring5/astar/baseline_no_failure/h6.pcap"", ""h7"": ""SPF/csv/pcap/ring5/astar/baseline_no_failure/h7.pcap"", ""h8"": ""SPF/csv/pcap/ring5/astar/baseline_no_failure/h8.pcap"", ""h9"": ""SPF/csv/pcap/ring5/astar/baseline_no_failure/h9.pcap""}",{},[],,,2,1,,,
2026-05-19T17:29:40.384798+00:00,live,ring5,,astar,0,h9,h1,s5,s1,success,0.018696,1,1,s5 -> s1,"[""s5"", ""s1""]",100.0,100.0,95.51235961893623,iperf3,tcp,5,1,8290,6653,"{""cpu_utilization_percent"": {""host_system"": 0.45081681546522534, ""host_total"": 0.45081681546522534, ""host_user"": 0, ""remote_system"": 1.478311389190178, ""remote_total"": 1.6778064991201165, ""remote_user"": 0.19951424615151447}, ""receiver_tcp_congestion"": ""cubic"", ""sender_tcp_congestion"": ""cubic"", ""streams"": [{""receiver"": {""bits_per_second"": 95512359.61893623, ""bytes"": 62389712, ""end"": 5.225687, ""seconds"": 5.000099, ""sender"": true, ""socket"": 5, ""start"": 0}, ""sender"": {""bits_per_second"": 99822458.71531744, ""bytes"": 62390272, ""end"": 5.000099, ""max_rtt"": 297737, ""max_snd_cwnd"": 3757560, ""max_snd_wnd"": 5577472, ""mean_rtt"": 203103, ""min_rtt"": 107802, ""retransmits"": 0, ""seconds"": 5.000099, ""sender"": true, ""socket"": 5, ""start"": 0}}], ""sum_received"": {""bits_per_second"": 95512359.61893623, ""bytes"": 62389712, ""end"": 5.225687, ""seconds"": 5.225687, ""sender"": true, ""start"": 0}, ""sum_sent"": {""bits_per_second"": 99822458.71531744, ""bytes"": 62390272, ""end"": 5.000099, ""retransmits"": 0, ""seconds"": 5.000099, ""sender"": true, ""start"": 0}}",5201,baseline_no_failure,baseline,0,,none,,,{},0.0,"{""h1"": ""SPF/csv/pcap/ring5/astar/baseline_no_failure/h1.pcap"", ""h10"": ""SPF/csv/pcap/ring5/astar/baseline_no_failure/h10.pcap"", ""h2"": ""SPF/csv/pcap/ring5/astar/baseline_no_failure/h2.pcap"", ""h3"": ""SPF/csv/pcap/ring5/astar/baseline_no_failure/h3.pcap"", ""h4"": ""SPF/csv/pcap/ring5/astar/baseline_no_failure/h4.pcap"", ""h5"": ""SPF/csv/pcap/ring5/astar/baseline_no_failure/h5.pcap"", ""h6"": ""SPF/csv/pcap/ring5/astar/baseline_no_failure/h6.pcap"", ""h7"": ""SPF/csv/pcap/ring5/astar/baseline_no_failure/h7.pcap"", ""h8"": ""SPF/csv/pcap/ring5/astar/baseline_no_failure/h8.pcap"", ""h9"": ""SPF/csv/pcap/ring5/astar/baseline_no_failure/h9.pcap""}",{},[],,,1,1,,,
2026-05-19T17:29:46.352023+00:00,live,ring5,,astar,0,h9,h2,s5,s1,success,0.030107,1,1,s5 -> s1,"[""s5"", ""s1""]",100.0,100.0,95.5176603806371,iperf3,tcp,5,1,8290,6653,"{""cpu_utilization_percent"": {""host_system"": 0.3417583094323739, ""host_total"": 0.3417782393547807, ""host_user"": 0, ""remote_system"": 1.0679896850495414, ""remote_total"": 1.5760631910323084, ""remote_user"": 0.5080543687834004}, ""receiver_tcp_congestion"": ""cubic"", ""sender_tcp_congestion"": ""cubic"", ""streams"": [{""receiver"": {""bits_per_second"": 95517660.3806371, ""bytes"": 62389712, ""end"": 5.225397, ""seconds"": 5.000207, ""sender"": true, ""socket"": 5, ""start"": 0}, ""sender"": {""bits_per_second"": 99820302.63947073, ""bytes"": 62390272, ""end"": 5.000207, ""max_rtt"": 297912, ""max_snd_cwnd"": 3759008, ""max_snd_wnd"": 5577472, ""mean_rtt"": 203041, ""min_rtt"": 107862, ""retransmits"": 0, ""seconds"": 5.000207, ""sender"": true, ""socket"": 5, ""start"": 0}}], ""sum_received"": {""bits_per_second"": 95517660.3806371, ""bytes"": 62389712, ""end"": 5.225397, ""seconds"": 5.225397, ""sender"": true, ""start"": 0}, ""sum_sent"": {""bits_per_second"": 99820302.63947073, ""bytes"": 62390272, ""end"": 5.000207, ""retransmits"": 0, ""seconds"": 5.000207, ""sender"": true, ""start"": 0}}",5201,baseline_no_failure,baseline,0,,none,,,{},0.0,"{""h1"": ""SPF/csv/pcap/ring5/astar/baseline_no_failure/h1.pcap"", ""h10"": ""SPF/csv/pcap/ring5/astar/baseline_no_failure/h10.pcap"", ""h2"": ""SPF/csv/pcap/ring5/astar/baseline_no_failure/h2.pcap"", ""h3"": ""SPF/csv/pcap/ring5/astar/baseline_no_failure/h3.pcap"", ""h4"": ""SPF/csv/pcap/ring5/astar/baseline_no_failure/h4.pcap"", ""h5"": ""SPF/csv/pcap/ring5/astar/baseline_no_failure/h5.pcap"", ""h6"": ""SPF/csv/pcap/ring5/astar/baseline_no_failure/h6.pcap"", ""h7"": ""SPF/csv/pcap/ring5/astar/baseline_no_failure/h7.pcap"", ""h8"": ""SPF/csv/pcap/ring5/astar/baseline_no_failure/h8.pcap"", ""h9"": ""SPF/csv/pcap/ring5/astar/baseline_no_failure/h9.pcap""}",{},[],,,1,2,,,
2026-05-19T17:29:52.316028+00:00,live,ring5,,astar,0,h9,h3,s5,s2,success,0.017572,2,2,s5 -> s1 -> s2,"[""s5"", ""s1"", ""s2""]",100.0,50.0,95.13044076969939,iperf3,tcp,5,1,8290,6653,"{""cpu_utilization_percent"": {""host_system"": 0.3832594709712576, ""host_total"": 0.44122798725526724, ""host_user"": 0.0579486572513669, ""remote_system"": 1.301481141380778, ""remote_total"": 1.3015001610969963, ""remote_user"": 0}, ""receiver_tcp_congestion"": ""cubic"", ""sender_tcp_congestion"": ""cubic"", ""streams"": [{""receiver"": {""bits_per_second"": 95130440.7696994, ""bytes"": 62520784, ""end"": 5.257689, ""seconds"": 5.000033, ""sender"": true, ""socket"": 5, ""start"": 0}, ""sender"": {""bits_per_second"": 100033490.17896481, ""bytes"": 62521344, ""end"": 5.000033, ""max_rtt"": 281199, ""max_snd_cwnd"": 3676472, ""max_snd_wnd"": 4791296, ""mean_rtt"": 194814, ""min_rtt"": 102043, ""retransmits"": 0, ""seconds"": 5.000033, ""sender"": true, ""socket"": 5, ""start"": 0}}], ""sum_received"": {""bits_per_second"": 95130440.7696994, ""bytes"": 62520784, ""end"": 5.257689, ""seconds"": 5.257689, ""sender"": true, ""start"": 0}, ""sum_sent"": {""bits_per_second"": 100033490.17896481, ""bytes"": 62521344, ""end"": 5.000033, ""retransmits"": 0, ""seconds"": 5.000033, ""sender"": true, ""start"": 0}}",5201,baseline_no_failure,baseline,0,,none,,,{},0.0,"{""h1"": ""SPF/csv/pcap/ring5/astar/baseline_no_failure/h1.pcap"", ""h10"": ""SPF/csv/pcap/ring5/astar/baseline_no_failure/h10.pcap"", ""h2"": ""SPF/csv/pcap/ring5/astar/baseline_no_failure/h2.pcap"", ""h3"": ""SPF/csv/pcap/ring5/astar/baseline_no_failure/h3.pcap"", ""h4"": ""SPF/csv/pcap/ring5/astar/baseline_no_failure/h4.pcap"", ""h5"": ""SPF/csv/pcap/ring5/astar/baseline_no_failure/h5.pcap"", ""h6"": ""SPF/csv/pcap/ring5/astar/baseline_no_failure/h6.pcap"", ""h7"": ""SPF/csv/pcap/ring5/astar/baseline_no_failure/h7.pcap"", ""h8"": ""SPF/csv/pcap/ring5/astar/baseline_no_failure/h8.pcap"", ""h9"": ""SPF/csv/pcap/ring5/astar/baseline_no_failure/h9.pcap""}",{},[],,,1,1,,,
2026-05-19T17:29:59.371376+00:00,live,ring5,,astar,0,h9,h4,s5,s2,success,0.020287,2,2,s5 -> s1 -> s2,"[""s5"", ""s1"", ""s2""]",100.0,50.0,95.17995247912731,iperf3,tcp,5,1,8290,6653,"{""cpu_utilization_percent"": {""host_system"": 0.25022929575517844, ""host_total"": 0.4066946018873553, ""host_user"": 0.15646530613217685, ""remote_system"": 1.7059859747929913, ""remote_total"": 1.70600500440821, ""remote_user"": 0}, ""receiver_tcp_congestion"": ""cubic"", ""sender_tcp_congestion"": ""cubic"", ""streams"": [{""receiver"": {""bits_per_second"": 95179952.4791273, ""bytes"": 62520784, ""end"": 5.254954, ""seconds"": 5.000067, ""sender"": true, ""socket"": 5, ""start"": 0}, ""sender"": {""bits_per_second"": 100032809.96034653, ""bytes"": 62521344, ""end"": 5.000067, ""max_rtt"": 251407, ""max_snd_cwnd"": 3166776, ""max_snd_wnd"": 4791296, ""mean_rtt"": 156203, ""min_rtt"": 60971, ""retransmits"": 0, ""seconds"": 5.000067, ""sender"": true, ""socket"": 5, ""start"": 0}}], ""sum_received"": {""bits_per_second"": 95179952.4791273, ""bytes"": 62520784, ""end"": 5.254954, ""seconds"": 5.254954, ""sender"": true, ""start"": 0}, ""sum_sent"": {""bits_per_second"": 100032809.96034653, ""bytes"": 62521344, ""end"": 5.000067, ""retransmits"": 0, ""seconds"": 5.000067, ""sender"": true, ""start"": 0}}",5201,baseline_no_failure,baseline,0,,none,,,{},0.0,"{""h1"": ""SPF/csv/pcap/ring5/astar/baseline_no_failure/h1.pcap"", ""h10"": ""SPF/csv/pcap/ring5/astar/baseline_no_failure/h10.pcap"", ""h2"": ""SPF/csv/pcap/ring5/astar/baseline_no_failure/h2.pcap"", ""h3"": ""SPF/csv/pcap/ring5/astar/baseline_no_failure/h3.pcap"", ""h4"": ""SPF/csv/pcap/ring5/astar/baseline_no_failure/h4.pcap"", ""h5"": ""SPF/csv/pcap/ring5/astar/baseline_no_failure/h5.pcap"", ""h6"": ""SPF/csv/pcap/ring5/astar/baseline_no_failure/h6.pcap"", ""h7"": ""SPF/csv/pcap/ring5/astar/baseline_no_failure/h7.pcap"", ""h8"": ""SPF/csv/pcap/ring5/astar/baseline_no_failure/h8.pcap"", ""h9"": ""SPF/csv/pcap/ring5/astar/baseline_no_failure/h9.pcap""}",{},[],,,1,2,,,
2026-05-19T17:30:07.349656+00:00,live,ring5,,astar,0,h9,h5,s5,s3,success,0.041235,2,2,s5 -> s4 -> s3,"[""s5"", ""s4"", ""s3""]",100.0,50.0,95.24555298151026,iperf3,tcp,5,1,8290,6653,"{""cpu_utilization_percent"": {""host_system"": 0.441033062875972, ""host_total"": 0.441013193836783, ""host_user"": 0, ""remote_system"": 1.367834960464292, ""remote_total"": 1.4587686920122986, ""remote_user"": 0.09093373154800673}, ""receiver_tcp_congestion"": ""cubic"", ""sender_tcp_congestion"": ""cubic"", ""streams"": [{""receiver"": {""bits_per_second"": 95245552.98151025, ""bytes"": 63119728, ""end"": 5.301642, ""seconds"": 5.000036, ""sender"": true, ""socket"": 5, ""start"": 0}, ""sender"": {""bits_per_second"": 101501425.98973288, ""bytes"": 63438848, ""end"": 5.000036, ""max_rtt"": 277748, ""max_snd_cwnd"": 3601176, ""max_snd_wnd"": 4791296, ""mean_rtt"": 189138, ""min_rtt"": 95767, ""retransmits"": 0, ""seconds"": 5.000036, ""sender"": true, ""socket"": 5, ""start"": 0}}], ""sum_received"": {""bits_per_second"": 95245552.98151025, ""bytes"": 63119728, ""end"": 5.301642, ""seconds"": 5.301642, ""sender"": true, ""start"": 0}, ""sum_sent"": {""bits_per_second"": 101501425.98973288, ""bytes"": 63438848, ""end"": 5.000036, ""retransmits"": 0, ""seconds"": 5.000036, ""sender"": true, ""start"": 0}}",5201,baseline_no_failure,baseline,0,,none,,,{},0.0,"{""h1"": ""SPF/csv/pcap/ring5/astar/baseline_no_failure/h1.pcap"", ""h10"": ""SPF/csv/pcap/ring5/astar/baseline_no_failure/h10.pcap"", ""h2"": ""SPF/csv/pcap/ring5/astar/baseline_no_failure/h2.pcap"", ""h3"": ""SPF/csv/pcap/ring5/astar/baseline_no_failure/h3.pcap"", ""h4"": ""SPF/csv/pcap/ring5/astar/baseline_no_failure/h4.pcap"", ""h5"": ""SPF/csv/pcap/ring5/astar/baseline_no_failure/h5.pcap"", ""h6"": ""SPF/csv/pcap/ring5/astar/baseline_no_failure/h6.pcap"", ""h7"": ""SPF/csv/pcap/ring5/astar/baseline_no_failure/h7.pcap"", ""h8"": ""SPF/csv/pcap/ring5/astar/baseline_no_failure/h8.pcap"", ""h9"": ""SPF/csv/pcap/ring5/astar/baseline_no_failure/h9.pcap""}",{},[],,,1,1,,,
2026-05-19T17:30:13.438322+00:00,live,ring5,,astar,0,h9,h6,s5,s3,success,0.022848,2,2,s5 -> s4 -> s3,"[""s5"", ""s4"", ""s3""]",100.0,50.0,95.1708370287935,iperf3,tcp,5,1,8290,6653,"{""cpu_utilization_percent"": {""host_system"": 0.3673644471880328, ""host_total"": 0.3993325053559909, ""host_user"": 0.03196805816795807, ""remote_system"": 1.0147093022708422, ""remote_total"": 1.3060143091580305, ""remote_user"": 0.2913050068871885}, ""receiver_tcp_congestion"": ""cubic"", ""sender_tcp_congestion"": ""cubic"", ""streams"": [{""receiver"": {""bits_per_second"": 95170837.0287935, ""bytes"": 63176424, ""end"": 5.31057, ""seconds"": 5.000025, ""sender"": true, ""socket"": 5, ""start"": 0}, ""sender"": {""bits_per_second"": 101082220.98889506, ""bytes"": 63176704, ""end"": 5.000025, ""max_rtt"": 240749, ""max_snd_cwnd"": 3751768, ""max_snd_wnd"": 4791296, ""mean_rtt"": 188209, ""min_rtt"": 107747, ""retransmits"": 0, ""seconds"": 5.000025, ""sender"": true, ""socket"": 5, ""start"": 0}}], ""sum_received"": {""bits_per_second"": 95170837.0287935, ""bytes"": 63176424, ""end"": 5.31057, ""seconds"": 5.31057, ""sender"": true, ""start"": 0}, ""sum_sent"": {""bits_per_second"": 101082220.98889506, ""bytes"": 63176704, ""end"": 5.000025, ""retransmits"": 0, ""seconds"": 5.000025, ""sender"": true, ""start"": 0}}",5201,baseline_no_failure,baseline,0,,none,,,{},0.0,"{""h1"": ""SPF/csv/pcap/ring5/astar/baseline_no_failure/h1.pcap"", ""h10"": ""SPF/csv/pcap/ring5/astar/baseline_no_failure/h10.pcap"", ""h2"": ""SPF/csv/pcap/ring5/astar/baseline_no_failure/h2.pcap"", ""h3"": ""SPF/csv/pcap/ring5/astar/baseline_no_failure/h3.pcap"", ""h4"": ""SPF/csv/pcap/ring5/astar/baseline_no_failure/h4.pcap"", ""h5"": ""SPF/csv/pcap/ring5/astar/baseline_no_failure/h5.pcap"", ""h6"": ""SPF/csv/pcap/ring5/astar/baseline_no_failure/h6.pcap"", ""h7"": ""SPF/csv/pcap/ring5/astar/baseline_no_failure/h7.pcap"", ""h8"": ""SPF/csv/pcap/ring5/astar/baseline_no_failure/h8.pcap"", ""h9"": ""SPF/csv/pcap/ring5/astar/baseline_no_failure/h9.pcap""}",{},[],,,1,2,,,
2026-05-19T17:30:19.513247+00:00,live,ring5,,astar,0,h9,h7,s5,s4,success,0.019722,1,1,s5 -> s4,"[""s5"", ""s4""]",100.0,100.0,95.5203562719211,iperf3,tcp,5,1,8290,6653,"{""cpu_utilization_percent"": {""host_system"": 0.3241738878062938, ""host_total"": 0.3241738878062938, ""host_user"": 0, ""remote_system"": 1.4817515354750577, ""remote_total"": 1.6524509284507118, ""remote_user"": 0.17068033532320637}, ""receiver_tcp_congestion"": ""cubic"", ""sender_tcp_congestion"": ""cubic"", ""streams"": [{""receiver"": {""bits_per_second"": 95520356.2719211, ""bytes"": 62652136, ""end"": 5.247228, ""seconds"": 5.000103, ""sender"": true, ""socket"": 5, ""start"": 0}, ""sender"": {""bits_per_second"": 100241800.61890724, ""bytes"": 62652416, ""end"": 5.000103, ""max_rtt"": 292705, ""max_snd_cwnd"": 4123904, ""max_snd_wnd"": 5577472, ""mean_rtt"": 230647, ""min_rtt"": 146300, ""retransmits"": 0, ""seconds"": 5.000103, ""sender"": true, ""socket"": 5, ""start"": 0}}], ""sum_received"": {""bits_per_second"": 95520356.2719211, ""bytes"": 62652136, ""end"": 5.247228, ""seconds"": 5.247228, ""sender"": true, ""start"": 0}, ""sum_sent"": {""bits_per_second"": 100241800.61890724, ""bytes"": 62652416, ""end"": 5.000103, ""retransmits"": 0, ""seconds"": 5.000103, ""sender"": true, ""start"": 0}}",5201,baseline_no_failure,baseline,0,,none,,,{},0.0,"{""h1"": ""SPF/csv/pcap/ring5/astar/baseline_no_failure/h1.pcap"", ""h10"": ""SPF/csv/pcap/ring5/astar/baseline_no_failure/h10.pcap"", ""h2"": ""SPF/csv/pcap/ring5/astar/baseline_no_failure/h2.pcap"", ""h3"": ""SPF/csv/pcap/ring5/astar/baseline_no_failure/h3.pcap"", ""h4"": ""SPF/csv/pcap/ring5/astar/baseline_no_failure/h4.pcap"", ""h5"": ""SPF/csv/pcap/ring5/astar/baseline_no_failure/h5.pcap"", ""h6"": ""SPF/csv/pcap/ring5/astar/baseline_no_failure/h6.pcap"", ""h7"": ""SPF/csv/pcap/ring5/astar/baseline_no_failure/h7.pcap"", ""h8"": ""SPF/csv/pcap/ring5/astar/baseline_no_failure/h8.pcap"", ""h9"": ""SPF/csv/pcap/ring5/astar/baseline_no_failure/h9.pcap""}",{},[],,,1,1,,,
2026-05-19T17:30:25.495754+00:00,live,ring5,,astar,0,h9,h8,s5,s4,success,0.020418,1,1,s5 -> s4,"[""s5"", ""s4""]",100.0,100.0,95.52266889468562,iperf3,tcp,5,1,8290,6653,"{""cpu_utilization_percent"": {""host_system"": 0.324759196228464, ""host_total"": 0.3247791286654755, ""host_user"": 0, ""remote_system"": 1.3641380535717242, ""remote_total"": 1.4306359251881064, ""remote_user"": 0.066497871616382}, ""receiver_tcp_congestion"": ""cubic"", ""sender_tcp_congestion"": ""cubic"", ""streams"": [{""receiver"": {""bits_per_second"": 95522668.89468563, ""bytes"": 63438288, ""end"": 5.312941, ""seconds"": 5.000064, ""sender"": true, ""socket"": 5, ""start"": 0}, ""sender"": {""bits_per_second"": 101500857.58902286, ""bytes"": 63438848, ""end"": 5.000064, ""max_rtt"": 257427, ""max_snd_cwnd"": 4068880, ""max_snd_wnd"": 5577472, ""mean_rtt"": 208568, ""min_rtt"": 132833, ""retransmits"": 0, ""seconds"": 5.000064, ""sender"": true, ""socket"": 5, ""start"": 0}}], ""sum_received"": {""bits_per_second"": 95522668.89468563, ""bytes"": 63438288, ""end"": 5.312941, ""seconds"": 5.312941, ""sender"": true, ""start"": 0}, ""sum_sent"": {""bits_per_second"": 101500857.58902286, ""bytes"": 63438848, ""end"": 5.000064, ""retransmits"": 0, ""seconds"": 5.000064, ""sender"": true, ""start"": 0}}",5201,baseline_no_failure,baseline,0,,none,,,{},0.0,"{""h1"": ""SPF/csv/pcap/ring5/astar/baseline_no_failure/h1.pcap"", ""h10"": ""SPF/csv/pcap/ring5/astar/baseline_no_failure/h10.pcap"", ""h2"": ""SPF/csv/pcap/ring5/astar/baseline_no_failure/h2.pcap"", ""h3"": ""SPF/csv/pcap/ring5/astar/baseline_no_failure/h3.pcap"", ""h4"": ""SPF/csv/pcap/ring5/astar/baseline_no_failure/h4.pcap"", ""h5"": ""SPF/csv/pcap/ring5/astar/baseline_no_failure/h5.pcap"", ""h6"": ""SPF/csv/pcap/ring5/astar/baseline_no_failure/h6.pcap"", ""h7"": ""SPF/csv/pcap/ring5/astar/baseline_no_failure/h7.pcap"", ""h8"": ""SPF/csv/pcap/ring5/astar/baseline_no_failure/h8.pcap"", ""h9"": ""SPF/csv/pcap/ring5/astar/baseline_no_failure/h9.pcap""}",{},[],,,1,2,,,
